"ID","Area","Feature","UserStory","ExpectedBehavior","KeyFiles","E2ESpec","CodeStatus","QAStatus","QANotes","Notes","Persona","Permissions","VideoPath","VideoTimestamp","VideoStatus"
"AS-01","Auth & Session","Sign-up with username, email, password","As a new user, I want to create an account with a username, email, and password, so that I can access the app.","User can access sign-up form via 'Create an account' link in AccountSwitcher dialog. Form accepts username (3-50 chars), email, and password (≥8 chars). Form displays password requirements: min 8 chars and does not contain email. Password strength indicator shows weak/medium/strong based on length + digits + symbols. Submit button disabled until all fields valid and user online. On success, user signs in and dialog closes.","src/components/git-import/FrontierSignupForm.tsx:1-180; src/lib/frontier/auth.ts:56-75; src/hooks/useFrontierSession.ts:32-39","e2e/specs/orgs/account-signup-form.smoke.spec.ts, e2e/specs/orgs/account-signup-password-checklist.smoke.spec.ts","Implemented","Untested","","Accessed via AccountSwitcher dialog, not standalone page. Requires online connection (disabled when offline). Email requirement not enforced for server conflict; server returns 409 if user exists.","Project lead / owner","Manage members/invites: project_lead(500); role changes: maintainer/owner(≥600); link role capped at contributor(400)","https://docs.aquilla.app/media/onboarding-first-run/onboarding-first-run.mp4","00:06","recorded"
"AS-02","Auth & Session","Login with username or email + password","As an existing user, I want to sign in with my username or email and password, so that I can access my projects.","User navigates to /login or clicks 'Add another account' in AccountSwitcher. Login form accepts username/email and password. Show/hide password toggle (eye icon) reveals plaintext. Submit button disabled until both fields filled. On invalid credentials, shows 401 error 'Invalid username or password'. On success, user authenticated and redirected to ?next parameter or /. Offline state detected and submit disabled with message.","src/pages/Login.tsx:1-137; src/components/git-import/FrontierLoginForm.tsx:1-104; src/lib/frontier/auth.ts:40-54; src/hooks/useFrontierSession.ts:24-30","e2e/specs/orgs/login-form-show-hide-password.smoke.spec.ts","Implemented","Untested","","Two entry points: /login page (public route) and AccountSwitcher dialog. FrontierLoginForm supports optional onForgotPassword and returnTo props. Session persisted to IndexedDB and aq_hint=1 cookie set.","Any user (unauthenticated → authenticated)","No role required — public auth endpoints; account owner only for own session","https://docs.aquilla.app/media/onboarding-first-run/onboarding-first-run.mp4","00:06","recorded"
"AS-03","Auth & Session","Show/hide password toggle on login","As a user logging in, I want to verify my password by toggling visibility, so that I can confirm I typed it correctly.","Login form password input type='password' by default. Eye icon button toggles to show password as plaintext (type='text'). Button aria-label changes from 'Show password' to 'Hide password'. Icon switches from Eye to EyeOff. Toggle can be clicked repeatedly.","src/pages/Login.tsx:89-108; src/components/git-import/FrontierLoginForm.tsx:79-96","e2e/specs/orgs/login-form-show-hide-password.smoke.spec.ts","Implemented","Untested","","Also present in signup and password reset forms for UX consistency.","Any user (unauthenticated → authenticated)","No role required — public auth endpoints; account owner only for own session","https://docs.aquilla.app/media/onboarding-first-run/onboarding-first-run.mp4","00:00","recorded"
"AS-04","Auth & Session","Forgot password flow","As a user who forgot my password, I want to request a reset link, so that I can set a new password.","From login form, user clicks 'Forgot password?' link. Dialog switches to FrontierForgotPasswordForm with title 'Reset your password'. Form has email input (must match /.+@.+\.+/ pattern). 'Send reset link' button disabled until valid email. On submit, calls POST /api/v2/auth/password-reset/request { email }. Shows success message with email display and 'Back to login' button. Users can click 'Back to login' to return to login form without submitting.","src/components/git-import/FrontierForgotPasswordForm.tsx:1-73; src/lib/frontier/auth.ts:99-115; src/components/AccountSwitcher.tsx:72-76","e2e/specs/orgs/account-add-forgot-password.smoke.spec.ts, e2e/specs/orgs/account-reset-password-form.smoke.spec.ts","Implemented","Untested","","Uses dummy-safe UX: success message shows 'If an account exists' to prevent email enumeration. Accessible from both /login page and AccountSwitcher 'Add account' dialog.","Any user (unauthenticated → authenticated)","No role required — public auth endpoints; account owner only for own session","https://docs.aquilla.app/media/onboarding-first-run/onboarding-first-run.mp4","00:00","recorded"
"AS-05","Auth & Session","Password reset token verification","As a user with a reset link, I want to verify the link is valid before entering a new password, so that I know my reset request was legitimate.","User navigates to /reset-password?token=<token>&username=<username>. Page calls POST /api/v2/auth/password-reset/verify { token, username }. While verifying, shows 'Verifying link…' loading state. On 401/invalid: shows TokenExpiredView with form to request new link. On 200/valid: shows new password form. Form displays password checklist (8+ chars, not contain email). Submit button disabled until password valid.","src/pages/ResetPassword.tsx:1-282; src/lib/frontier/auth.ts:125-141","none","Implemented","Untested","","Token expiry is handled server-side; client shows recovery UI (request new link) on error. Email optional in query string but shown if present.","Any user (unauthenticated → authenticated)","No role required — public auth endpoints; account owner only for own session","https://docs.aquilla.app/media/onboarding-first-run/onboarding-first-run.mp4","00:00","recorded"
"AS-06","Auth & Session","Password reset execution","As a user resetting my password, I want to set a new password and be automatically signed in, so that I can continue without clicking login again.","On /reset-password with valid token, user enters new password (≥8 chars). Form validates and shows checklist. On submit, calls POST /api/v2/auth/password-reset/reset { token, username, new_password }. On success, automatically calls login(username, new_password) to sign user in, then redirects to /. On 400/500 error, shows message and keeps user on form.","src/pages/ResetPassword.tsx:207-223; src/lib/frontier/auth.ts:150-170","none","Implemented","Untested","","Automatic login after reset (line 215: await login) avoids friction of sign-in page.","Any user (unauthenticated → authenticated)","No role required — public auth endpoints; account owner only for own session","https://docs.aquilla.app/media/onboarding-first-run/onboarding-first-run.mp4","00:00","recorded"
"AS-07","Auth & Session","Password strength indicator","As a user creating or resetting a password, I want to see password strength feedback, so that I can create a secure password.","Signup and reset forms display PasswordChecklist when user types. Shows green Check for 'At least 8 characters' when met. Shows Check for 'Does not contain your email' when met. Displays colored progress bar (red=weak 1/3, yellow=medium 2/3, green=strong full). Text label 'Strength: weak|medium|strong'. Strength calculated as: ≥8 chars (+1), ≥12 chars (+1), digits (+1), symbols (+1). Score ≤1=weak, 2=medium, ≥3=strong.","src/components/git-import/FrontierSignupForm.tsx:10-77; src/pages/ResetPassword.tsx:40-79","e2e/specs/orgs/account-signup-password-checklist.smoke.spec.ts","Implemented","Untested","","Checklist hidden if password field empty. Strength bar only shown when user has typed something.","Any user (unauthenticated → authenticated)","No role required — public auth endpoints; account owner only for own session","https://docs.aquilla.app/media/onboarding-first-run/onboarding-first-run.mp4","00:00","recorded"
"AS-08","Auth & Session","Session persistence to IndexedDB","As a user, I want my session to persist across page reloads, so that I don't need to log in repeatedly.","On successful login/register, FrontierSession (jwt, username, createdAt, email) saved to IndexedDB 'frontier' store with key 'envelope'. Session stored in envelope.sessions[username] and envelope.active set to username. On cold boot, loadActiveSession() retrieves session from IndexedDB. If session exists, user is logged in without re-authenticating. Session cleared only on logout.","src/lib/frontier/session-store.ts:1-156; src/lib/frontier/auth.ts:194-209; src/hooks/useAccounts.ts:17-22","none","Implemented","Untested","","Multi-account support: envelope tracks multiple sessions, only one active at a time. Legacy migration: reads old 'current' key format and upgrades to envelope model.","Any user (unauthenticated → authenticated)","No role required — public auth endpoints; account owner only for own session","https://docs.aquilla.app/media/onboarding-first-run/onboarding-first-run.mp4","00:00","recorded"
"AS-09","Auth & Session","Auth hint cookie for edge routing","As a returning user, I want the Worker/edge to know I'm logged in without waiting for IndexedDB, so that the SPA loads quickly.","On successful login, IndexedDB write also sets aq_hint=1 cookie (Max-Age=31536000, Path=/, SameSite=Lax, no Domain). On logout, cookie deleted. On app boot, hasAuthHintCookie() checks if aq_hint=1 present. If no hint and not onboarded, RootRedirect sends hard window.location.replace('/homepage'). Hint scoped to host only (dev.aquilla.app vs aquilla.app vs localhost isolated).","src/lib/frontier/session-store.ts:50-68; src/App.tsx:93-106","none","Implemented","Untested","","Hint prevents flashing empty app shell at /homepage redirect. Non-credential cookie lets Worker decide routing without waiting for IDB.","Any user (unauthenticated → authenticated)","No role required — public auth endpoints; account owner only for own session","https://docs.aquilla.app/media/onboarding-first-run/onboarding-first-run.mp4","00:00","recorded"
"AS-10","Auth & Session","Account switcher dropdown","As a user with multiple accounts, I want to see all my signed-in accounts in one place, so that I can switch between them or manage them.","AccountSwitcher button shows active user's avatar + username. Click opens dropdown showing 'Signed in' header, active account entry (with checkmark), list of other accounts (clickable to switch), 'Preferences' link, 'Add another account…' button, 'Log out' button. If >1 account, adds 'Sign out of all accounts' (destructive color). Clicking other account calls activateSession(), clears React Query cache and local project data. Clicking remove button (hover icon) on non-active account removes it.","src/components/AccountSwitcher.tsx:1-343; src/hooks/useAccounts.ts:35-45","e2e/specs/orgs/account-switcher.smoke.spec.ts","Implemented","Untested","","Renders in header or sidebar variant. Dropdown closes on outside click or Escape. Switch clears query cache to prevent stale data from prior account.","Any user (unauthenticated → authenticated)","No role required — public auth endpoints; account owner only for own session","https://docs.aquilla.app/media/onboarding-first-run/onboarding-first-run.mp4","00:00","recorded"
"AS-11","Auth & Session","Single-account logout","As a user, I want to sign out, so that my account is no longer active on this device.","User clicks 'Log out' in AccountSwitcher. If outbox has pending edits, shows warning dialog with edit count and 'Log out anyway' button. On confirm or if no pending edits, clearSession() removes active session from IndexedDB, clears auth hint cookie, clears local project data, and wipes React Query cache. If other accounts exist, next account becomes active. App returns to login state.","src/components/AccountSwitcher.tsx:122-144, 234-239; src/lib/frontier/session-store.ts:145-150; src/hooks/useFrontierSession.ts:41-48","none","Implemented","Untested","","Logout warns about pending outbox ops to prevent accidental data loss. If multiple accounts, next one promotes automatically (session-store line 119-122).","Any user (unauthenticated → authenticated)","No role required — public auth endpoints; account owner only for own session","https://docs.aquilla.app/media/onboarding-first-run/onboarding-first-run.mp4","00:00","recorded"
"AS-12","Auth & Session","Sign out of all accounts","As a user with multiple logged-in accounts, I want to sign out globally, so that all my accounts are cleared from this device.","User clicks 'Sign out of all accounts' (only visible if >1 account). Shows warning about pending edits if any. On confirm, loops through all sessions and calls removeSession() for each, then clearAllLocalData() and query cache clear. All sessions removed from IndexedDB, auth hint cookie deleted. App returns to signed-out state.","src/components/AccountSwitcher.tsx:241-249, 132-144; src/lib/frontier/session-store.ts:115-124","none","Implemented","Untested","","Button only renders when sessions.length > 1. Uses destructive color variant. Same outbox warning as single logout.","Any user (unauthenticated → authenticated)","No role required — public auth endpoints; account owner only for own session","https://docs.aquilla.app/media/onboarding-first-run/onboarding-first-run.mp4","00:00","recorded"
"AS-13","Auth & Session","Session expiry banner (401 handling)","As a user whose session expired while working, I want a non-intrusive notification, so that I can re-sign-in without losing context.","When any fetch helper receives 401 (expired session), it calls notifySessionExpired(). SessionExpiredBanner subscribes to signal, shows fixed top banner (amber, role=alert, aria-live=assertive) with message 'Your session expired. Sign in again to continue.' Banner has dismiss button (X icon). Banner clears on navigation or user dismiss. Shows link to /login?next=<current-path> to restore context.","src/components/SessionExpiredBanner.tsx:1-62; src/lib/errors/session-expired-signal.ts:1-31","none","Implemented","Untested","","Not a modal takeover; stays as banner while user can navigate. Signal pattern decouples fetch helpers from UI. Banner resets on navigation (line 28: useEffect on location.pathname).","Any user (unauthenticated → authenticated)","No role required — public auth endpoints; account owner only for own session","https://docs.aquilla.app/media/onboarding-first-run/onboarding-first-run.mp4","00:00","recorded"
"AS-14","Auth & Session","Dev-only auto-login route (__dev/login)","As a developer testing the app, I want a one-click login shortcut, so that I don't manually enter credentials repeatedly.","Navigate to /__dev/login. If import.meta.env.DEV false, shows error 'dev login is disabled in production builds'. If DEV true, calls devLogin() which hits POST /__dev__/login on auth-worker. Returns mocked session with seeded dev user. On success, redirects to /project/dev-project. On 404 (WRANGLER_LOCAL not set), shows error 'dev login endpoint unavailable'. Cancellation-safe (cleanup on unmount).","src/components/DevLoginRoute.tsx:1-62; src/lib/frontier/auth.ts:83-97","none","Implemented","Untested","","Dev-only gated on import.meta.env.DEV. Endpoint requires WRANGLER_LOCAL=1 in auth-worker. Seeded project id hardcoded in auth-worker/src/routes/dev-seed.ts.","Any user (unauthenticated → authenticated)","No role required — public auth endpoints; account owner only for own session","https://docs.aquilla.app/media/onboarding-first-run/onboarding-first-run.mp4","00:00","recorded"
"AS-15","Auth & Session","Dev-only logout route (__dev/logout)","As a developer, I want a quick way to clear my session and return to onboarding, so that I can test the sign-in flow without manual cleanup.","Navigate to /__dev/logout. If import.meta.env.DEV true, calls logout() to clear session and redirect to /onboarding. If DEV false (production build), silently redirects to / with session intact. Dev route is no-op in built apps (verified by e2e in preview mode).","src/components/DevLogoutRoute.tsx:1-35; src/hooks/useFrontierSession.ts:41-48","e2e/specs/auth/dev-logout-route.smoke.spec.ts","Implemented","Untested","","Gated on import.meta.env.DEV (line 18). Production gate verified: redirects to / without logout (line 19). E2E runs against built app (preview mode), so only tests !DEV branch.","Any user (unauthenticated → authenticated)","No role required — public auth endpoints; account owner only for own session","https://docs.aquilla.app/media/onboarding-first-run/onboarding-first-run.mp4","00:00","recorded"
"AS-16","Auth & Session","Private browsing mode banner","As a user in private browsing, I want to know storage is unavailable, so that I understand why loads are slow.","PrivateModeBanner detects if OPFS unavailable (navigator.storage.getDirectory() throws in Safari private, Brave Tor, locked profiles). Shows one-time banner per session: 'Private browsing is restricting local storage…' with icon, message, and dismiss button. Banner stored per username+createdAt in sessionStorage. Dismissal persists for duration of session. Accessible state: role=alert not used (informational, not urgent).","src/components/PrivateModeBanner.tsx:1-83; src/hooks/useOpfsAvailability.ts","none","Implemented","Untested","","Uses sessionStorage fallback when OPFS unavailable. Dismissal key includes username+createdAt to show banner per account per session. Waits for session ready (loading=false) to avoid flicker during transitions.","Any user (personal preference)","Any authenticated user — scoped to own account","https://docs.aquilla.app/media/onboarding-first-run/onboarding-first-run.mp4","00:00","recorded"
"AS-17","Auth & Session","JWT token persistence and claims extraction","As the app, I want to store the JWT and extract user info without validation, so that I know the canonical username and email.","On login, server returns access_token. Frontend decodes JWT payload (base64url to base64 conversion, JSON.parse) and extracts 'sub' (username) and 'email' claims without signature verification (server verified password). Falls back to login identifier if decode fails. Session stored with username from JWT sub claim, email from claim if present. Invalid/malformed tokens handled gracefully (returns empty {}).","src/lib/frontier/auth.ts:177-209","none","Implemented","Untested","","No signature verification (server already verified). Base64url→base64 conversion at line 182. jwtClaims() returns safe interface; decode failures don't crash.","Any user (unauthenticated → authenticated)","No role required — public auth endpoints; account owner only for own session","https://docs.aquilla.app/media/onboarding-first-run/onboarding-first-run.mp4","00:00","recorded"
"AS-18","Auth & Session","PostHog analytics integration with auth","As the analytics system, I want to track auth events and attribute them to users, so that we can monitor signup/login patterns.","On login, computes distinct_id as SHA-256(username), calls posthog.identify(distinctId), and captures 'user logged in' event. On signup, same identify + capture 'user signed up' with email property (only if analytics consent given). On logout, captures 'user logged out' and calls posthog.reset().","src/hooks/useFrontierSession.ts:24-48","none","Implemented","Untested","","Uses SHA-256 instead of username directly for privacy. Email property sent only if isAnalyticsEnabled() true. Reset on logout clears session identity.","Any user (unauthenticated → authenticated)","No role required — public auth endpoints; account owner only for own session","https://docs.aquilla.app/media/onboarding-first-run/onboarding-first-run.mp4","00:00","recorded"
"AS-19","Auth & Session","Offline detection on login/signup","As a user without internet, I want to see a message explaining why I can't sign in, so that I understand the issue.","FrontierLoginForm and FrontierSignupForm detect navigator.onLine and window online/offline events. When offline, shows alert message 'You're offline — connect to sign in' and disables submit button. When online again, button re-enables. Message dismisses on successful auth or stays on network error.","src/components/git-import/FrontierLoginForm.tsx:27-38, 57-59, 99; src/components/git-import/FrontierSignupForm.tsx:87-98, 123-127, 105","none","Implemented","Untested","","Submit button also checks !isOnline (line 99, 105). Message persists while offline, cleared on user action. Does not prevent form interaction, just disables submit.","Any user (unauthenticated → authenticated)","No role required — public auth endpoints; account owner only for own session","https://docs.aquilla.app/media/onboarding-first-run/onboarding-first-run.mp4","00:00","recorded"
"OPT-01","Onboarding & Product Tour","Onboarding Wizard Welcome Step","As a new user, I want to see a branded welcome screen with the app logo and onboarding headline, so that I understand what I'm about to set up.","User lands at /onboarding route. WelcomeStep renders with app logo, headline (from branding config), subheading, and 'Get Started' button. Clicking 'Get Started' advances to step 2. Step indicator shows progress (Step 1 of 6).","src/components/onboarding/OnboardingWizard.tsx:30-32; src/components/onboarding/steps/WelcomeStep.tsx:4-21","e2e/specs/projects/onboarding-wizard.smoke.spec.ts","Implemented","Untested","","Part of 6-step wizard; step 2 (PrivacyStep) is skipped if user has already set analytics consent in prior onboarding runs (line 39).","New org owner / first-run user","Org owner (creator, 700) drives setup; tour visible to any authenticated user","https://docs.aquilla.app/media/onboarding-first-run/onboarding-first-run.mp4","00:00","recorded"
"OPT-02","Onboarding & Product Tour","Onboarding Privacy Consent Step","As a new user, I want to opt in or out of analytics sharing with a clear explanation, so that I control my data usage.","PrivacyStep renders with ShieldCheck icon, heading 'Help us improve', toggle switch for 'Share usage data'. Toggle defaults to enabled. If disabled, shows warning: 'With analytics disabled, we may not be able to help diagnose problems.' Clicking 'Continue' persists choice and advances to step 3. Back button returns to step 1. Footer includes link to /privacy-policy.","src/components/onboarding/steps/PrivacyStep.tsx:7-70; src/hooks/useAnalyticsConsent.ts","e2e/specs/projects/onboarding-privacy-continue.smoke.spec.ts","Implemented","Untested","","Persists to localStorage via useAnalyticsConsent hook. Step is skipped on revisits once any choice has been made (onboarding-done check on line 49).","New org owner / first-run user","Org owner (creator, 700) drives setup; tour visible to any authenticated user","https://docs.aquilla.app/media/onboarding-first-run/onboarding-first-run.mp4","00:00","recorded"
"OPT-03","Onboarding & Product Tour","Onboarding Sign-In Step","As a new user, I want to sign in to my Frontier account (or create one) to unlock AI and sync features, so that I can collaborate and use cloud features.","SignInStep defaults to signup mode. Shows 'Create your Frontier account' heading. Renders FrontierSignupForm with onSuccess callback advancing to next step. User can toggle to 'Log in' mode (shows 'Sign in to Frontier'). In login mode, onSuccess calls onLoginComplete handler which checks for existing orgs: if user already has orgs, skips Name + Project steps and lands on dashboard; if brand-new account (no orgs), continues wizard. Password reset mode available ('Forgot password?'). 'Skip for now' button available in both signup and login modes. Dev mode (import.meta.env.DEV) shows 'Dev login' button. Back button returns to step 2. Once session is established, shows success screen: 'Signed in as [username]' with green checkmark and 'Continue' button.","src/components/onboarding/steps/SignInStep.tsx:12-120; src/components/onboarding/OnboardingWizard.tsx:73-87","e2e/specs/orgs/account-signup-form.smoke.spec.ts, account-add-forgot-password.smoke.spec.ts","Implemented","Untested","","onLoginComplete is AQU-282 feature: returning users skip Name + Project steps. Dev login requires WRANGLER_LOCAL=1 on auth-worker. Session is checked via useFrontierSession hook.","New org owner / first-run user","Org owner (creator, 700) drives setup; tour visible to any authenticated user","https://docs.aquilla.app/media/onboarding-first-run/onboarding-first-run.mp4","00:06","recorded"
"OPT-04","Onboarding & Product Tour","Onboarding Display Name Step","As a new user setting up my account, I want to enter my display name, so that my edits and comments are attributed to me across the project.","NameStep renders with heading 'What should we call you?' and description 'This name appears on your edits and comments.' Input field (id='display-name', placeholder='Anonymous translator') auto-focuses. Pre-fills from Frontier session.username if user hasn't typed anything yet. 'Continue' button saves name to localStorage key 'codex:username' (or defaults to 'Anonymous' if empty) and advances to step 4. Back button returns to step 3.","src/components/onboarding/steps/NameStep.tsx:7-60","e2e/specs/projects/onboarding-name-step.smoke.spec.ts","Implemented","Untested","","Skipped if user logs in and already has existing orgs (AQU-282).","New org owner / first-run user","Org owner (creator, 700) drives setup; tour visible to any authenticated user","https://docs.aquilla.app/media/onboarding-first-run/onboarding-first-run.mp4","00:00","recorded"
"OPT-05","Onboarding & Product Tour","Onboarding Project Creation Step","As a new user, I want to create my first translation project with source and target languages, so that I have a project to start translating in.","ProjectStep renders form with heading 'Create your first project'. Three text inputs: Project name (placeholder 'My Translation Project'), Source language (placeholder 'English'), Target language (placeholder 'French'). Submit button reads 'Create Project' and is disabled until all three fields are non-empty. On submit, creates server project first (via createRemoteProject), then local IDB record (via createLocalProject). On success, advances to step 6 (ReadyStep). Shows 'Creating…' button state while busy. Errors are caught and displayed inline (e.g., 'Failed to create project.'). If no Frontier session JWT exists, shows alternate message: 'Sign in to create a project' with explanation that projects are server-only. 'Do this later' link skips project creation and advances to dashboard. Back button returns to step 3.","src/components/onboarding/steps/ProjectStep.tsx:11-168; src/components/onboarding/OnboardingWizard.tsx:89-92","e2e/specs/projects/onboarding-project-step.smoke.spec.ts","Implemented","Untested","","Skipped if user logs in and already has existing orgs (AQU-282). Server-side project creation must happen before local IDB to avoid 403 on access (AD-3 projects are server-only reads). Creates UUID for project.id via uuid() package.","Project lead / owner","Manage members/invites: project_lead(500); role changes: maintainer/owner(≥600); link role capped at contributor(400)","https://docs.aquilla.app/media/onboarding-first-run/onboarding-first-run.mp4","00:11","recorded"
"OPT-06","Onboarding & Product Tour","Onboarding Ready Step","As a new user who just created a project, I want to see a success confirmation, so that I know I'm ready to start translating.","ReadyStep renders success state: green CheckCircle2 icon, heading 'You're all set!', message 'PROJECT_NAME is ready. We'll walk you through setting up AI and inviting collaborators next.' 'Start Translating' button navigates to project page at `/project/{projectId}` with router state `{ openSetupChecklist: true }`, triggering auto-open of setup checklist.","src/components/onboarding/steps/ReadyStep.tsx:5-28; src/components/onboarding/OnboardingWizard.tsx:94-103","e2e/specs/projects/onboarding-ready-step.smoke.spec.ts","Implemented","Untested","","Marks localStorage 'codex:onboardingComplete' = 'true' and opens SetupChecklistDrawer via router state. Only shown when createdProject is non-null (step 6).","New org owner / first-run user","Org owner (creator, 700) drives setup; tour visible to any authenticated user","https://docs.aquilla.app/media/onboarding-first-run/onboarding-first-run.mp4","00:00","recorded"
"OPT-07","Onboarding & Product Tour","Onboarding Completion Persistence","As a returning user, I want the app to remember I completed onboarding, so that I don't see the wizard again on subsequent visits.","Wizard sets localStorage 'codex:onboardingComplete' = 'true' when user completes (ReadyStep or skips ProjectStep). On subsequent visits, if this flag is set, user bypasses /onboarding and lands on dashboard (/). OnboardingWizard component is only mounted when token is absent or onboarding is incomplete.","src/components/onboarding/OnboardingWizard.tsx:76-78, 95, 106; src/components/onboarding/steps/SignInStep.tsx:76; src/components/onboarding/steps/ProjectStep.tsx:105","none","Implemented","Untested","","Flag persists across sessions and browser profiles. Referenced in product tour auto-start logic (shouldAutoStartTour in useProductTour.ts).","New org owner / first-run user","Org owner (creator, 700) drives setup; tour visible to any authenticated user","https://docs.aquilla.app/media/onboarding-first-run/onboarding-first-run.mp4","00:00","recorded"
"OPT-08","Onboarding & Product Tour","Product Tour Auto-Start","As a new user who just completed onboarding, I want an interactive guided tour of the main workspace, so that I learn where everything is.","After onboarding completion (localStorage 'codex:onboardingComplete'='true') AND product tour not yet shown (localStorage 'codex:productTourDone'!='1'), ProductTour auto-starts with 600ms delay on first app render. User sees spotlight with semi-transparent backdrop and tooltip card overlaying key UI elements. Tour can be dismissed by clicking X, clicking 'Skip', pressing Escape, or completing all steps (clicking 'Done' on final step). Once dismissed, marked as done via localStorage and tour does not auto-start again.","src/components/onboarding/ProductTour.tsx:477-496; src/hooks/useProductTour.ts:47-54; src/context/ProductTourContext.tsx:34-43","none","Implemented","Untested","","AQU-243. 600ms delay allows sidebar/nav to render before trying to locate data-tour anchors. Auto-start happens once per browser profile. Call time is synchronous (wasProductTourDone/shouldAutoStartTour don't use React state) to avoid flash-then-start cycles.","New org owner / first-run user","Org owner (creator, 700) drives setup; tour visible to any authenticated user","https://docs.aquilla.app/media/onboarding-first-run/onboarding-first-run.mp4","00:00","recorded"
"OPT-09","Onboarding & Product Tour","Product Tour Step Navigation","As a user taking the product tour, I want to navigate between steps and see my progress, so that I can learn at my own pace.","Tour displays current step in a tooltip card with title, body text, and placement arrow (top/bottom/left/right, auto-repositioning if offscreen). Footer shows step progress dots (filled for current/past, empty for future). 'Back' button navigates to previous step (hidden on first step). 'Next' button advances to next step; on final step, reads 'Done' and closes tour. Step indicator reads 'Tour step N of M'. Keyboard shortcuts: Escape = skip, ArrowRight/Enter = next, ArrowLeft = previous.","src/components/onboarding/ProductTour.tsx:283-353, 416-444","none","Implemented","Untested","","Spotlight automatically repositions if anchor element moves (useEffect re-runs on window resize). Resolves visible steps each time tour opens to handle feature-gating (if anchor missing, step skipped).","Any user (personal preference)","Any authenticated user — scoped to own account","https://docs.aquilla.app/media/onboarding-first-run/onboarding-first-run.mp4","00:00","recorded"
"OPT-10","Onboarding & Product Tour","Product Tour Step Definitions","As a new user, I want to understand key workspace features through guided callouts, so that I can navigate and use the app effectively.","Tour displays 6 steps: (1) splash step centered on screen 'Welcome to your workspace', (2) org-switcher callout, (3) nav-overview (Projects) callout, (4) nav-assigned callout, (5) nav-settings callout, (6) account-switcher callout. Each step has title, body text, and preferred placement. Splash step has no arrow; others point to their target element with rounded-rect spotlight cutout.","src/components/onboarding/ProductTour.tsx:32-69","none","Implemented","Untested","","TOUR_STEPS array is static. Each anchor references a data-tour attribute in the DOM (org-switcher, nav-overview, nav-assigned, nav-settings, account-switcher).","New org owner / first-run user","Org owner (creator, 700) drives setup; tour visible to any authenticated user","https://docs.aquilla.app/media/onboarding-first-run/onboarding-first-run.mp4","00:00","recorded"
"OPT-11","Onboarding & Product Tour","Product Tour Spotlight Geometry","As a user taking the tour, I want to see the highlighted UI elements clearly with auto-positioned tooltips, so that I don't miss what's being explained.","Spotlight draws SVG cutout (rounded rect punch-out) around target element with 8px padding. Semi-transparent dark overlay fills remainder of screen. Tooltip card (288px wide, ~160px tall) positions itself relative to target using preferred placement (right/left/bottom/top) with 16px gap; auto-falls back to other sides if current choice doesn't fit viewport; final fallback centers on screen. Tooltip arrow points back to target (or no arrow for center-screen splash steps).","src/components/onboarding/ProductTour.tsx:102-184, 190-259, 265-271","none","Implemented","Untested","","Rendered as SVG portal into document.body (z-index 9990-9991). Computes geometry on render, re-runs on window resize. If anchor element missing (feature-gated), step silently skipped.","New org owner / first-run user","Org owner (creator, 700) drives setup; tour visible to any authenticated user","https://docs.aquilla.app/media/onboarding-first-run/onboarding-first-run.mp4","00:00","recorded"
"OPT-12","Onboarding & Product Tour","Product Tour Manual Launch Button","As a returning user, I want to be able to restart the product tour, so that I can review features I may have forgotten.","OrgSidebar footer includes 'Take the tour' button or similar (accessible via useProductTourContext.openTour()). Clicking this button manually opens ProductTour even if it was already completed. Tour re-opens from step 1.","src/components/org/OrgSidebar.tsx; src/context/ProductTourContext.tsx:13-23","none","Implemented","Untested","","No local code read for OrgSidebar, but grep shows data-tour anchors are present there. Manual open does NOT reset the 'codex:productTourDone' flag — if user dismissed tour, clicking button opens it again but auto-start is still disabled.","New org owner / first-run user","Org owner (creator, 700) drives setup; tour visible to any authenticated user","https://docs.aquilla.app/media/onboarding-first-run/onboarding-first-run.mp4","00:00","recorded"
"OPT-13","Onboarding & Product Tour","Setup Checklist Auto-Show","As a user creating a first project, I want to see a setup checklist that guides me through configuration steps, so that I can set up AI, collaboration, and other features.","When user lands on project page after onboarding (ReadyStep navigates with router state openSetupChecklist=true), ProjectWorkspace opens SetupChecklistDrawer automatically. Checklist shows 4 items: Import files, Set translation instructions, Invite collaborators, Configure voice & transcription. Each item has title, description, completion dot (empty/filled), and collapsible body. Progress bar shows X of N complete. Checklist does not auto-open if: (1) user has already dismissed it for this project, (2) setup-auto-shown flag is set in localStorage for this project, (3) member list is still fetching, (4) AI model status is still resolving, OR (5) checklist is already complete (all 4 items done).","src/components/onboarding/SetupChecklistDrawer.tsx:33-139; src/hooks/useSetupChecklist.ts:50-199; src/components/onboarding/OnboardingWizard.tsx:98","e2e/specs/editor/setup-checklist.smoke.spec.ts","Implemented","Untested","","AQU-244. Per-project localStorage keys: codex:setupAutoShown.{projectId} (prevents re-opening on revisits), setupChecklistDismissed persisted on ProjectRecord. Auto-open logic in useSetupChecklist.shouldAutoOpen carefully avoids race conditions on project-switch by waiting for membersFetched + modelsResolved flags.","Project lead / owner","Manage members/invites: project_lead(500); role changes: maintainer/owner(≥600); link role capped at contributor(400)","https://docs.aquilla.app/media/onboarding-first-run/onboarding-first-run.mp4","00:00","recorded"
"OPT-14","Onboarding & Product Tour","Setup Checklist Import Files Step","As a user setting up a project, I want to import my source text files first, so that I can start working on translation.","Checklist item 'Import files' has body showing description and 'Import files' button. If files already imported, shows 'X files imported' and button changes to 'Import more files'. Clicking button closes drawer and opens parent's import dialog (ProjectWorkspace.onOpenImport). Item is marked complete when project.files.length > 0.","src/components/onboarding/checklist/ImportFilesStep.tsx:11-33; src/hooks/useSetupChecklist.ts:56","none","Implemented","Untested","","Does not auto-complete the step — user must explicitly import files. Completion derived from fileCount > 0.","Project lead (source steward)","Source content edits: project_lead(500)","https://docs.aquilla.app/media/onboarding-first-run/onboarding-first-run.mp4","00:00","recorded"
"OPT-15","Onboarding & Product Tour","Setup Checklist AI Instructions Step","As a user setting up a project, I want to customize translation instructions for the AI, so that suggestions match my project's style and domain.","Checklist item 'Set translation instructions' expands to show textarea with system prompt. Defaults to DEFAULT_SYSTEM_PROMPT (imported from useCompletionSettings). User can edit prompt; character count displayed at bottom. 'Reset to default' button (disabled if already at default). 'Save instructions' button saves to project.completionSettings.systemPrompt and marks item complete. Prompt supports placeholders {sourceLanguage} and {targetLanguage} (shown as code snippets in UI). Item completed when systemPrompt is non-empty and not the default.","src/components/onboarding/checklist/AiInstructionsStep.tsx:15-77; src/hooks/useSetupChecklist.ts:57","e2e/specs/editor/setup-checklist-ai-instructions-edit.smoke.spec.ts","Implemented","Untested","","Also accessible via SystemPromptNudge banner in workspace (shown 24h after project creation if still using default). Placeholder substitution happens at inference time.","New org owner / first-run user","Org owner (creator, 700) drives setup; tour visible to any authenticated user","https://docs.aquilla.app/media/onboarding-first-run/onboarding-first-run.mp4","00:00","recorded"
"OPT-16","Onboarding & Product Tour","Setup Checklist Collaborators Step","As a user setting up a project, I want to invite teammates to collaborate, so that we can work on translation together.","Checklist item 'Invite collaborators' expands to show InviteStep UI with two invitation paths: (1) Invite by Aquilla username — text input + 'Add' button, adds user directly to project_members server-side as 'contributor' role; (2) Share link — 'Create link' button generates server-backed invite token, displays /join/{token} URL, 'Copy' button copies to clipboard, 'Create another link' button generates new token. Input disabled if user not signed in (Frontier JWT missing). Item completed when memberCount > 0 (other project members, excluding self). Both paths trigger onSharesChanged callback to refresh member list.","src/components/onboarding/checklist/InviteStep.tsx:30-222; src/hooks/useSetupChecklist.ts:58, 163-174","e2e/specs/editor/setup-checklist-invite-create-link.smoke.spec.ts","Implemented","Untested","","Requires Frontier session JWT for both paths. Errors handled inline (e.g., 'No Aquilla user named X'). Share link redirection handled via /join/:token route.","Project lead / owner","Manage members/invites: project_lead(500); role changes: maintainer/owner(≥600); link role capped at contributor(400)","https://docs.aquilla.app/media/onboarding-first-run/onboarding-first-run.mp4","00:00","recorded"
"OPT-17","Onboarding & Product Tour","Setup Checklist AI Models Step","As a user setting up a project, I want to configure local AI models for voice and transcription, so that I can use offline features without managing large downloads upfront.","Checklist item 'Configure voice & transcription' starts collapsed; expands to show two sections: Transcription (Whisper checkbox, 140 MB) and Voice generation (radio group: None, Gemini with API key input, Kokoro local, MMS multilingual). Each model option shows label, size, status indicator (Ready/Failed/Downloading N%), and blurb. Selecting Gemini shows nested API key input (password field, saved on blur). Download size shown in amber warning banner. 'Download ~X MB' button (disabled if nothing selected, all-ready, or already downloading) kicks off prefetchAiModels for selected models in background. Download status shown in AiModelDownloadChip (floating bottom-left pill with progress bars). Item completed when all selected models are ready.","src/components/onboarding/checklist/AiModelsStep.tsx:56-279; src/hooks/useSetupChecklist.ts:130-148","e2e/specs/editor/setup-checklist-ai-models-expand.smoke.spec.ts","Implemented","Untested","","Downloads are optional and non-blocking. Default: nothing pre-selected to avoid surprising large downloads. Models persisted in browser IndexedDB and managed by useModelStatus hook. Requires user to first accept AI consent via AiModelConsentDialog (global, once per browser).","New org owner / first-run user","Org owner (creator, 700) drives setup; tour visible to any authenticated user","https://docs.aquilla.app/media/onboarding-first-run/onboarding-first-run.mp4","00:00","recorded"
"OPT-18","Onboarding & Product Tour","Setup Checklist Coming Soon Placeholder","As a user, I want to see what's planned for future project setup features, so that I have visibility into roadmap.","Checklist shows two placeholder items: 'Upload project standards' and 'Import glossary / translation memory', both marked 'Coming soon' badge, with dashed border and reduced opacity (opacity-60). Items are non-interactive (no click handler).","src/components/onboarding/SetupChecklistDrawer.tsx:106-113; src/components/onboarding/checklist/ComingSoonStep.tsx:1-24","e2e/specs/editor/setup-checklist-coming-soon-items.smoke.spec.ts","Stub/ComingSoon","N/A (not impl)","","Placeholder UI only; no implementation behind these features.","New org owner / first-run user","Org owner (creator, 700) drives setup; tour visible to any authenticated user","https://docs.aquilla.app/media/onboarding-first-run/onboarding-first-run.mp4","00:00","recorded"
"OPT-19","Onboarding & Product Tour","Setup Checklist Completion State","As a user, I want to see my progress through setup and know when I'm done, so that I feel guided through the onboarding experience.","Progress bar at top updates as items are completed. Text shows 'N of M complete'. When all items complete, 'Skip for now' button changes to 'All set' with green CheckCircle icon and message 'You can reopen this checklist any time from the project header.' Drawer can still be dismissed before completion ('Skip for now' button).","src/components/onboarding/SetupChecklistDrawer.tsx:43-156","e2e/specs/editor/setup-checklist.smoke.spec.ts, setup-checklist-skip.smoke.spec.ts","Implemented","Untested","","Checklist items auto-collapse when marked complete (ChecklistItem self-collapses on complete transition). Dismissal persists setupChecklistDismissed flag on ProjectRecord.","New org owner / first-run user","Org owner (creator, 700) drives setup; tour visible to any authenticated user","https://docs.aquilla.app/media/onboarding-first-run/onboarding-first-run.mp4","00:00","recorded"
"OPT-20","Onboarding & Product Tour","Setup Checklist Item Expand/Collapse","As a user, I want to expand and collapse checklist items, so that I can focus on one step at a time.","Each ChecklistItem is a collapsible accordion row. Clicking title row toggles open/closed state. When complete prop transitions false→true, item auto-collapses (so next incomplete item gets focus). Chevron icon rotates 90° to indicate open state. Open item shows full body content.","src/components/onboarding/checklist/ChecklistItem.tsx:23-92","e2e/specs/editor/setup-checklist-item-expand.smoke.spec.ts","Implemented","Untested","","Auto-collapse is a UX pattern to guide user to next incomplete step; does not require parent to manage open state.","New org owner / first-run user","Org owner (creator, 700) drives setup; tour visible to any authenticated user","https://docs.aquilla.app/media/onboarding-first-run/onboarding-first-run.mp4","00:00","recorded"
"OPT-21","Onboarding & Product Tour","System Prompt Nudge Banner","As a user who skipped customizing AI instructions and has content in their project, I want a gentle reminder to set up the system prompt, so that I get better translations.","Once per day (24h after project creation), if: project has files with content (cellCount > 0), system prompt is still default or empty, and user hasn't dismissed nudge yet (defaultPromptNudgeDismissedAt not set), a banner appears at top of workspace editor showing Sparkles icon and message 'Your AI is still using the default translation instructions. Customize them to match your project's tone and domain — shared with everyone on the project.' 'Customize' button opens project settings or AI instructions dialog. X button dismisses and marks defaultPromptNudgeDismissedAt. Dismissed flag persists on ProjectRecord, preventing re-show.","src/components/onboarding/SystemPromptNudge.tsx:26-81","none","Implemented","Untested","","Soft nudge, not part of required setup path. NUDGE_DELAY_MS = 24 * 60 * 60 * 1000. shouldShowSystemPromptNudge checks all conditions before rendering.","New org owner / first-run user","Org owner (creator, 700) drives setup; tour visible to any authenticated user","https://docs.aquilla.app/media/onboarding-first-run/onboarding-first-run.mp4","00:00","recorded"
"OPT-22","Onboarding & Product Tour","AI Model Consent Dialog","As a user about to use local AI features for the first time, I want to consent to model download and understand the tradeoffs, so that I'm informed about bandwidth and privacy.","Global dialog (mounted once at app root) listens to pendingAiConsent via global ai-consent service. When a feature (TTS, ASR) needs to download its first model in this browser, dialog opens with heading 'Download {model.label}?' and description including model size (MB) and rationale. Three buttons: 'Cancel' (rejects consent, feature fails), 'Just [Model Name]' (grants consent for this model only), 'Enable all local models' (grants consent for all, pre-downloads whisper + kokoro + mms in background while dialog closes). Footer note 'You'll only see this prompt once per browser.' Download progress shown in background via AiModelDownloadChip.","src/components/AiModelConsentDialog.tsx:20-79; src/lib/audio/ai-consent.ts","none","Implemented","Untested","","Global consent gate; resolves with Promise when user makes choice. Non-blocking — if user clicks Cancel, feature gracefully fails. If 'Enable all', prefetchAiModels runs in background (.catch suppressed).","New org owner / first-run user","Org owner (creator, 700) drives setup; tour visible to any authenticated user","https://docs.aquilla.app/media/onboarding-first-run/onboarding-first-run.mp4","00:00","recorded"
"OPT-23","Onboarding & Product Tour","AI Model Download Chip","As a user with local models downloading, I want to see live download progress, so that I know the feature is working and can estimate completion time.","Floating chip appears at bottom-left of screen (z-index 30, above most UI but below modals). Shows Spinner icon and 'Downloading AI models' title. Lists each model being downloaded with label and percentage (e.g., 'Whisper 45%'), progress bar under each. When all models finish, briefly flashes 'AI models ready' with CheckCircle icon for ~4s, then auto-hides. If error occurs, shows AlertCircle and model name + error message, with 'Retry' button. User can dismiss chip with X button (re-appears if new error happens). While downloading, footer note 'Runs in the background — you can keep working as normal.'","src/components/AiModelDownloadChip.tsx:36-196; src/lib/audio/prefetch.ts","none","Implemented","Untested","","Uses useModelStatus hook to track whisper/kokoro/mms status. Ready flash (green confirmation) auto-clears after READY_FLASH_MS (4s). Auto re-shows on new errors (to alert user that manual retry is needed).","New org owner / first-run user","Org owner (creator, 700) drives setup; tour visible to any authenticated user","https://docs.aquilla.app/media/onboarding-first-run/onboarding-first-run.mp4","00:00","recorded"
"OOS-01","Orgs & Org Switcher","View organizations list","As a user with multiple organizations, I want to see all my organizations, so that I can understand my workspace portfolio.","When a user has 2+ orgs, OrgContext computes isAllOrgs=true (orgs.length > 1 && activeOrgId == null). The dashboard renders 'All organizations' as the workspace label. A grid card shows the count of organizations. The OrgSwitcher dropdown shows 'All organizations' as an option (line 100-105, OrgSwitcher.tsx). Users can click 'All organizations' in the switcher to navigate to this view via ?org=all query param.","src/context/OrgContext.tsx:92; src/components/org/OrgSwitcher.tsx:30; src/components/org/OrgHome.tsx:313,453","e2e/specs/orgs/org-switcher-create.smoke.spec.ts (verifies switcher state)","Implemented","Untested","","Only visible when user has 2+ orgs; if only 1 org exists, isAllOrgs remains false.","Org owner / org admin","Switch/view: any org member; create/rename/manage org: org owner/admin (≥600)","https://docs.aquilla.app/media/org-setup/org-setup.mp4","00:00","recorded"
"OOS-02","Orgs & Org Switcher","Switch between organizations","As a user with multiple organizations, I want to switch between them quickly, so that I can work on different org workspaces.","OrgSwitcher renders a dropdown button (ChevronsUpDown icon) showing current org name + role, or 'All organizations' if in all-orgs view. Clicking the button toggles open state. Dropdown lists each org as a clickable row with role subtitle and a checkmark on the active one. Selecting an org calls setActiveOrg(orgId), stores it in localStorage as org:active, and navigates to ?org={orgId}. The context emits the new activeOrgId.","src/components/org/OrgSwitcher.tsx:76-90; src/context/OrgContext.tsx:82-85; src/context/OrgContext.tsx:67-80","e2e/specs/orgs/org-switcher-create.smoke.spec.ts","Implemented","Untested","","Requires 2+ orgs to show. Single-org users see no switcher (line 28, OrgSwitcher.tsx: !activeOrg && !isAllOrgs returns null).","Org owner / org admin","Switch/view: any org member; create/rename/manage org: org owner/admin (≥600)","https://docs.aquilla.app/media/org-setup/org-setup.mp4","00:00","recorded"
"OOS-03","Orgs & Org Switcher","Create new organization","As a user, I want to create a new organization, so that I can manage a separate workspace.","In OrgSwitcher dropdown, a '+ Create org' button appears at the bottom (line 178-184, OrgSwitcher.tsx). Clicking it reveals an input[aria-label='New org name'] + Create button. User types an org name and clicks Create. The createOrg(jwt, name) API call fires (lib/frontier/orgs.ts:115). On success, org list refreshes and the new org becomes active. The switcher trigger updates to show the new org name. If create fails, error bubbles (currently caught but not displayed in createName form state).","src/components/org/OrgSwitcher.tsx:49-62; src/lib/frontier/orgs.ts:115-119","e2e/specs/orgs/org-switcher-create.smoke.spec.ts","Implemented","Untested","","Creating is available to all authenticated users. Server-side enforcement is implicit (POST /api/v2/orgs requires auth).","Org owner / org admin","Switch/view: any org member; create/rename/manage org: org owner/admin (≥600)","https://docs.aquilla.app/media/org-setup/org-setup.mp4","00:00","recorded"
"OOS-04","Orgs & Org Switcher","Rename organization (inline in switcher)","As an org owner/admin, I want to rename my organization inline, so that I can update the workspace name without navigating away.","In OrgSwitcher dropdown, a 'Rename' button appears (visible only when activeOrg?.role.level >= 600, line 31, OrgSwitcher.tsx). Clicking 'Rename' shows input[aria-label='Rename org'] prefilled with current name + Save button. User edits and clicks Save. renameOrg(jwt, activeOrg.id, newName) API fires. On success, context refreshes orgs and the switcher trigger updates to show the new name. Form clears and closes.","src/components/org/OrgSwitcher.tsx:124-154; src/lib/frontier/orgs.ts:121-124","e2e/specs/orgs/org-switcher-rename.smoke.spec.ts","Implemented","Untested","","Role-gated: requires level >= 600 (owner/admin). When not owner, button does not render.","Org owner / org admin","Switch/view: any org member; create/rename/manage org: org owner/admin (≥600)","https://docs.aquilla.app/media/org-setup/org-setup.mp4","00:23","recorded"
"OOS-05","Orgs & Org Switcher","View org home / projects dashboard","As an org user, I want to see my organization's projects on a dashboard, so that I can browse and filter translation work.","OrgHome renders at / when jwt is set and an org is selected (activeOrgId != null && !isAllOrgs). The page displays: org name as h1 heading (line 420, OrgHome.tsx), a rollup strip with stat cards (Projects, Avg translated %, Avg validated %, Avg audio %, Stalled count, Overdue count), a project list filtered by status and search query, and org-specific panels (WorkloadRollup, UsageRollup, CreditsPanel). When jwt is null, shows unauthenticated message with Sign in link.","src/components/org/OrgHome.tsx:161-417; src/components/org/OrgHome.tsx:812-877","e2e/specs/projects/org-overview.smoke.spec.ts","Implemented","Untested","","Loads portfolio data via getPortfolio(jwt, activeOrgId) once per org change. Displays 'No projects in this org yet' when portfolio is empty.","Org owner / org admin","Switch/view: any org member; create/rename/manage org: org owner/admin (≥600)","https://docs.aquilla.app/media/org-setup/org-setup.mp4","00:00","recorded"
"OOS-06","Orgs & Org Switcher","View all organizations overview (cross-org dashboard)","As a user with multiple orgs, I want to see a dashboard across all my organizations, so that I can monitor progress holistically.","When isAllOrgs=true (activeOrgId == null && orgs.length > 1), OrgHome renders a distinct cross-org layout. Top section shows 6 stat cards: org count, project count, avg translated %, avg validated %, stalled count, overdue count. Below: left grid shows Organizations section (filterable list of org cards with per-org stats), right grid shows Projects section (all projects across all orgs, filterable by name/status, sortable by lens). Each org card is clickable and opens that org's dashboard.","src/components/org/OrgHome.tsx:453-704; src/components/org/OrgHome.tsx:332-350","e2e/specs/orgs/org-switcher-create.smoke.spec.ts (verifies switcher navigation to all-orgs view)","Implemented","Untested","","Loads via getPortfolios(jwt, orgIds) for all orgs. Only shown when 2+ orgs exist. Organization cards show project count, avg translated %, avg validated %, stalled count, and overdue count.","Org owner / org admin","Switch/view: any org member; create/rename/manage org: org owner/admin (≥600)","https://docs.aquilla.app/media/org-setup/org-setup.mp4","00:00","recorded"
"OOS-07","Orgs & Org Switcher","Filter organizations by name","As a user with many organizations, I want to search/filter orgs by name, so that I can find a specific org quickly.","When viewing 'All organizations' (isAllOrgs=true), an input[placeholder='Filter organizations…'] appears above the org list (line 492-500, OrgHome.tsx). User types; orgs are filtered client-side by name (case-insensitive includes check, line 347-350). Empty result shows 'No matching organizations.' message. Clearing the input restores the full list.","src/components/org/OrgHome.tsx:492-510","none","Implemented","Untested","","Only available in 'All organizations' view. Filter is local state (orgQuery), no API call.","Org owner / org admin","Switch/view: any org member; create/rename/manage org: org owner/admin (≥600)","https://docs.aquilla.app/media/org-setup/org-setup.mp4","00:00","recorded"
"OOS-08","Orgs & Org Switcher","Filter projects by name","As an org user, I want to filter projects by name, so that I can quickly find a project to work on.","On org dashboard, input[placeholder='Filter projects…', aria-label='Filter projects by name'] is present. User types a query; projects are filtered client-side (case-insensitive includes, line 382, OrgHome.tsx). When a filter is active and no projects match, shows 'No matching projects.' Empty result message changes based on the active project lens (e.g., 'No recently updated projects yet.'). Clear button (X icon) appears when input has text (line 563-573).","src/components/org/OrgHome.tsx:738-764; src/components/org/OrgHome.tsx:381-391","e2e/specs/projects/org-home-project-filter.smoke.spec.ts","Implemented","Untested","","Filter only narrows the project list display; rollup stats above remain for the full portfolio (not filtered).","Org owner / org admin","Switch/view: any org member; create/rename/manage org: org owner/admin (≥600)","https://docs.aquilla.app/media/org-setup/org-setup.mp4","00:00","recorded"
"OOS-09","Orgs & Org Switcher","Filter projects by status (All/Stalled/Overdue)","As an org user, I want to filter projects by status, so that I can focus on problematic or active projects.","Status filter pills appear on org dashboard when projects exist (line 576-595, OrgHome.tsx): All (default), Stalled, Overdue. Each pill has aria-pressed attribute. Clicking a pill sets statusFilter state and updates aria-pressed. 'Stalled' shows projects with no recent activity (14+ days, activityStatus=stalled). 'Overdue' shows projects past their deadline. 'All' shows all projects. Filter integrates with name search (both must match).","src/components/org/OrgHome.tsx:383-391; src/components/org/OrgHome.tsx:576-595","e2e/specs/projects/org-home-status-filter.smoke.spec.ts","Implemented","Untested","","Status filter is only visible when projects.length > 0 (line 736, OrgHome.tsx). 'Stalled' is a local calc (14 days idle), not a server-side status.","Org owner / org admin","Switch/view: any org member; create/rename/manage org: org owner/admin (≥600)","https://docs.aquilla.app/media/org-setup/org-setup.mp4","00:00","recorded"
"OOS-10","Orgs & Org Switcher","Sort projects by lens (Recently updated/Needs attention/Least translated/Most progress/Name)","As an org user, I want to sort projects by different criteria, so that I can view work in order of priority or progress.","A 'Sort by' dropdown appears in the filter bar (line 786-807, OrgHome.tsx, using Select component). Options: Recently updated, Needs attention, Least translated, Most progress, Name. Default is 'Recently updated'. Selection is persisted to localStorage (PROJECT_LENS_STORAGE_KEY, line 38). Each lens applies a specific sort algorithm: 'recent' by lastEditAt desc, 'attention' by attentionRank desc, 'least-translated' by translatedPct asc, 'most-progress' by translatedPct desc, 'name' by alphabetical. Empty state message varies by lens.","src/components/org/OrgHome.tsx:62-93; src/components/org/OrgHome.tsx:144-159; src/components/org/OrgHome.tsx:787-806","none","Implemented","Untested","","Project lens is only available in single-org view; 'All organizations' view has its own simpler sorting. Lens choice is remembered per browser via localStorage.","Org owner / org admin","Switch/view: any org member; create/rename/manage org: org owner/admin (≥600)","https://docs.aquilla.app/media/org-setup/org-setup.mp4","00:00","recorded"
"OOS-11","Orgs & Org Switcher","View pending project invitations","As a user, I want to see incoming project invitations addressed to my email, so that I can discover invites that may not have arrived via email.","On org dashboard, if pendingInvites.length > 0 (fetched by listMyPendingInvites, line 280, OrgHome.tsx), a 'Pending invitations' section appears (line 426-451). Each invite row shows project name(s), inviter, role, expiry date (if set), and a 'Review & accept' link to /join/:token. Section is org-independent (not scoped to activeOrgId). Unauthenticated users do not see this section.","src/components/org/OrgHome.tsx:276-284; src/components/org/OrgHome.tsx:426-451","e2e/specs/orgs/pending-invite-inbox-external-revoke.smoke.spec.ts","Implemented","Untested","","Feature AQU-326. Invites are fetched without org scope (email-matched). Only appears when there are unredeemed invites.","Project lead / owner","Manage members/invites: project_lead(500); role changes: maintainer/owner(≥600); link role capped at contributor(400)","https://docs.aquilla.app/media/org-setup/org-setup.mp4","00:00","recorded"
"OOS-12","Orgs & Org Switcher","View shared projects (cross-org access via invite link)","As a user who has accepted a project invite from another org, I want to see that project on my dashboard, so that I can access projects shared with me.","Below the org's own project list, if sharedProjects.length > 0 (from partitionSharedProjects, line 330, OrgHome.tsx), a 'Shared with you' section appears (line 882-898). Each shared project shows name, role badge, and links to /projects/:id. Shared projects come from cross-org grant paths (invite link, bulk add) and are not part of the current org's portfolio. If no shared projects exist, section is hidden.","src/components/org/OrgHome.tsx:330; src/components/org/OrgHome.tsx:882-898","e2e/specs/projects/invite-accept-dashboard-visibility.smoke.spec.ts","Implemented","Untested","","Feature AQU-335. Only visible in single-org view, not in 'All organizations' view. Requires fetchAccessibleProjects API (cross-org discovery).","Project lead / owner","Manage members/invites: project_lead(500); role changes: maintainer/owner(≥600); link role capped at contributor(400)","https://docs.aquilla.app/media/org-setup/org-setup.mp4","00:00","recorded"
"OOS-13","Orgs & Org Switcher","Project status indicators (Overdue/Due soon)","As an org user, I want to see which projects are overdue or due soon, so that I can prioritize urgent work.","On each project row, if project has a deadline, deadlineStatus(project, now) returns 'overdue', 'soon', or null. Matching projects show status chips: red 'Overdue' badge or amber 'Due soon' badge (line 667-676, OrgHome.tsx). Overdue projects are included in overdueCount stat card. The 'Overdue' status filter shows only projects with 'overdue' status.","src/components/org/OrgHome.tsx:667-676; src/components/org/OrgHome.tsx:326","e2e/specs/projects/project-status-chip.smoke.spec.ts","Implemented","Untested","","Status is calculated from portfolio project deadline property. Must be set via project settings.","Org owner / org admin","Switch/view: any org member; create/rename/manage org: org owner/admin (≥600)","https://docs.aquilla.app/media/org-setup/org-setup.mp4","00:00","recorded"
"OOS-14","Orgs & Org Switcher","Project stalled indicator","As an org user, I want to know which projects have stalled (no activity for 14+ days), so that I can re-engage with inactive work.","For each project, activityStatus(project, now) returns 'stalled' if lastEditAt is null or older than 14 days (STALE_THRESHOLD_MS = 14 * 24 * 60 * 60 * 1000, line 30, OrgHome.tsx). Projects with 'stalled' status show warning text in the right-hand status column (line 691, OrgHome.tsx: 'Stalled' in red destructive color). Stalled projects are counted in stalledCount stat card. The 'Stalled' status filter option (now labeled 'Active' in pill group) may appear in future (currently 'All/Stalled/Overdue', line 56-60).","src/components/org/OrgHome.tsx:121-125; src/components/org/OrgHome.tsx:30; src/components/org/OrgHome.tsx:325","none","Implemented","Untested","","'Not started' projects (no lastEditAt and no translated cells) are distinguished from 'stalled' (line 122). Only 'stalled' projects show the stalled status text.","Org owner / org admin","Switch/view: any org member; create/rename/manage org: org owner/admin (≥600)","https://docs.aquilla.app/media/org-setup/org-setup.mp4","00:00","recorded"
"OOS-15","Orgs & Org Switcher","Project progress bars (translated % and validated %)","As an org user, I want to see translation and validation progress for each project at a glance, so that I can assess completion status.","On each project row, two horizontal progress bars render (line 682-687, OrgHome.tsx): amber bar for translated %, emerald bar for validated %. Bar width reflects percentage of translated or validated cells. Aria-label summarizes both percentages. Right-hand status column shows numerical percentages (e.g., '75% validated'). Progress data comes from portfolio project metrics (translatedPct, validatedPct helpers).","src/components/org/OrgHome.tsx:682-687; src/components/org/OrgHome.tsx:635-637","e2e/specs/projects/org-overview.smoke.spec.ts","Implemented","Untested","","Audio % is also shown in right-hand column. Bars are visual representations of portfolio data.","Org owner / org admin","Switch/view: any org member; create/rename/manage org: org owner/admin (≥600)","https://docs.aquilla.app/media/org-setup/org-setup.mp4","00:00","recorded"
"OOS-16","Orgs & Org Switcher","View rollup statistics (org-level)","As an org admin, I want to see aggregated statistics across all org projects, so that I can monitor overall progress and health.","On org dashboard, a strip of 6 stat cards appears (line 708-733, OrgHome.tsx, single-org view; or line 456-480, multi-org view): Projects (count), Avg translated %, Avg validated %, Avg audio %, Stalled (count), Overdue (count). Stats are computed from the loaded portfolio (averagePct helper, or direct counts for stalled/overdue). All stats have centered text layout with bold number + small label. Overdue count is red if > 0. Multi-org view shows these plus org count.","src/components/org/OrgHome.tsx:708-733; src/components/org/OrgHome.tsx:316-345","e2e/specs/projects/org-overview.smoke.spec.ts","Implemented","Untested","","Stats are never filtered by search/status (they always reflect the full portfolio). Only visible when org has loaded (not during initial load spinner).","Org owner / org admin","Switch/view: any org member; create/rename/manage org: org owner/admin (≥600)","https://docs.aquilla.app/media/org-setup/org-setup.mp4","00:00","recorded"
"OOS-17","Orgs & Org Switcher","Create project from org dashboard","As an org owner, I want to create a new project from the dashboard, so that I can set up translation work quickly.","On org dashboard header (line 400-406, OrgHome.tsx), a ProjectCreateDialog button appears when activeOrgId != null. Clicking opens a dialog to create a project. On success, handleCreated navigates to /projects/:id. If no org is selected (activeOrgId == null), a disabled hint appears: 'Select an organization to create a project'.","src/components/org/OrgHome.tsx:400-406","e2e/specs/projects/create.smoke.spec.ts","Implemented","Untested","","ProjectCreateDialog is a separate component. Disabled state prevents accidental project creation in wrong org.","Project lead / owner","Lifecycle ops: project_lead(500)+ / owner(700)","https://docs.aquilla.app/media/org-setup/org-setup.mp4","00:00","recorded"
"OOS-18","Orgs & Org Switcher","Access org-specific panels (WorkloadRollup, UsageRollup, CreditsPanel)","As an org admin, I want to see org-specific workload, usage, and credit information, so that I can manage org resources.","Below the project list in single-org view, three panels render conditionally (line 902-910, OrgHome.tsx) when jwt is set, not in isAllOrgs mode, and activeOrgId != null: WorkloadRollup (project team assignment info), UsageRollup (usage metrics), CreditsPanel (credit balance and purchasing, role-gated to >= level 600 via orgRoleLevel prop). These panels are hidden in multi-org 'All organizations' view.","src/components/org/OrgHome.tsx:902-910","e2e/specs/projects/org-overview.smoke.spec.ts (verifies rollup renders)","Implemented","Untested","","These panels make API calls independently. CreditsPanel is role-gated (org owner only).","Org owner / org admin","Switch/view: any org member; create/rename/manage org: org owner/admin (≥600)","https://docs.aquilla.app/media/org-setup/org-setup.mp4","00:00","recorded"
"OOS-19","Orgs & Org Switcher","Org sidebar navigation","As an org user, I want a sidebar with org-scoped navigation, so that I can access org pages (projects, teams, members, settings) easily.","OrgSidebar renders (AppShell sidebar prop). Top shows OrgSwitcher (org/all-org selection). Below: nav links to /projects (Projects), and org-scoped routes when not isAllOrgs: /teams (Teams), /assigned (Assigned to me). Admin-only routes (when role.level >= 600): /members (Members), /projects/archived (Archived), /settings (Settings). Platform admin route: /admin (Admin). Bottom: 'Take the tour' button + AccountSwitcher.","src/components/org/OrgSidebar.tsx:26-74","none (navigation is implicit in other e2e specs)","Implemented","Untested","","NavLinks use end={true} to activate only on exact match. Data-tour attributes support product tour (AQU-243).","Platform admin / developer","Platform-admin only (isPlatformAdminUsername allowlist)","https://docs.aquilla.app/media/org-setup/org-setup.mp4","00:00","recorded"
"OOS-20","Orgs & Org Switcher","Breadcrumb navigation (org context)","As an org user, I want breadcrumbs showing my org context, so that I understand where I am in the navigation hierarchy.","OrgBreadcrumb renders (AppShell header). Displays crumb sequence: 'All organizations' › org-name › section-name (e.g., 'Projects', 'Teams'). 'All organizations' breadcrumb is clickable and navigates to ?org=all when orgs.length > 1 and not isAllOrgs. Org name is clickable (navigates /) only when not on the Projects page (canNavigateToOrg logic, line 15, OrgBreadcrumb.tsx). Section only shows if section !== 'Projects' or parent exists.","src/components/org/OrgBreadcrumb.tsx:31-69","none","Implemented","Untested","","Breadcrumb is a header complement to OrgSwitcher. Logic prevents navigation loops (e.g., Projects › Projects › Projects).","Org owner / org admin","Switch/view: any org member; create/rename/manage org: org owner/admin (≥600)","https://docs.aquilla.app/media/org-setup/org-setup.mp4","00:00","recorded"
"OOS-21","Orgs & Org Switcher","Auto-select single org","As a user with only one org, I want that org to be automatically selected, so that I see the org dashboard without extra navigation.","On OrgProvider mount or org list refresh, if orgs.length === 1, activeOrgId is set to orgs[0].id automatically (line 49, OrgContext.tsx). If already at / (org home), the dashboard shows that org's projects. User does not see 'All organizations' view (isAllOrgs=false, line 92).","src/context/OrgContext.tsx:41-53; src/context/OrgContext.tsx:47-52","none","Implemented","Untested","","Reduces friction for single-org users. Multi-org users start with activeOrgId=null (isAllOrgs=true if > 1 org).","Org owner / org admin","Switch/view: any org member; create/rename/manage org: org owner/admin (≥600)","https://docs.aquilla.app/media/org-setup/org-setup.mp4","00:00","recorded"
"OOS-22","Orgs & Org Switcher","Persist org selection in localStorage","As an org user, I want my selected org to be remembered across sessions, so that I return to my preferred workspace.","OrgProvider stores activeOrgId in localStorage (key 'org:active', line 8, OrgContext.tsx) on every setActiveOrg/setAllOrgs call. On mount, the stored value is read and set as initial activeOrgId (line 32-37). If the stored value is 'all', activeOrgId remains null (isAllOrgs logic). Invalid or missing values default to null.","src/context/OrgContext.tsx:8; src/context/OrgContext.tsx:32-37; src/context/OrgContext.tsx:82-90","none","Implemented","Untested","","Storage is guarded with try-catch (line 33-37). Sync between tabs uses OrgContext subscribers only; no cross-tab sync.","Org owner / org admin","Switch/view: any org member; create/rename/manage org: org owner/admin (≥600)","https://docs.aquilla.app/media/org-setup/org-setup.mp4","00:00","recorded"
"OOS-23","Orgs & Org Switcher","Sync org selection with URL query param","As an org user, I want URL-based org selection (shareable/bookmarkable), so that org context persists in links.","OrgContext watches location.search (line 67-80, OrgContext.tsx). If pathname === '/' and ?org={value}, the org ID is extracted and set as activeOrgId, stored in localStorage. Value 'all' sets activeOrgId to null (isAllOrgs mode). Invalid values are ignored. OrgSwitcher and OrgBreadcrumb navigate with ?org= when switching orgs (line 38, 45, 21, OrgBreadcrumb.tsx).","src/context/OrgContext.tsx:67-80","e2e/specs/orgs/org-switcher-create.smoke.spec.ts (verifies navigation with ?org=)","Implemented","Untested","","URL-based selection is the source of truth when at /; localStorage is a fallback.","Org owner / org admin","Switch/view: any org member; create/rename/manage org: org owner/admin (≥600)","https://docs.aquilla.app/media/org-setup/org-setup.mp4","00:00","recorded"
"OOS-24","Orgs & Org Switcher","Handle session expiration in org context","As a user whose session expires, I want the app to notify me and halt org operations, so that I re-authenticate.","When OrgContext or OrgHome fetch calls encounter a UserError with category='session-expired' (e.g., 401 from listMyOrgs or getPortfolio), notifySessionExpired() is called (line 56, OrgContext.tsx; line 216, 246, OrgHome.tsx). This emits a SessionExpiredSignal that triggers a toast/redirect to login. Error state is set but rendering continues (gracefully handling stale data).","src/context/OrgContext.tsx:54-57; src/components/org/OrgHome.tsx:215-249","none (session expiry is infrastructure-level, not testable in normal E2E)","Implemented","Untested","","Session-expired errors are distinguished from other API errors (e.g., network timeouts) to provide targeted feedback.","Org owner / org admin","Switch/view: any org member; create/rename/manage org: org owner/admin (≥600)","https://docs.aquilla.app/media/org-setup/org-setup.mp4","00:00","recorded"
"OOS-25","Orgs & Org Switcher","Handle org load errors","As a user with network issues, I want error messages about org loading, so that I understand why the dashboard is unavailable.","If listMyOrgs or getPortfolio fails (network, 5xx, timeout), error state is captured (line 58, OrgContext.tsx; line 218, OrgHome.tsx). OrgHome displays error text in red (line 415, OrgHome.tsx): 'Something went wrong: [error message]'. User can retry via refresh (explicit or via automatic navigation). Error does not render fake empty state.","src/context/OrgContext.tsx:54-62; src/components/org/OrgHome.tsx:414-415","none","Implemented","Untested","","Errors are displayed inline, not as modal dialogs. User must navigate away and back to clear the error (no error dismissal UI).","Org owner / org admin","Switch/view: any org member; create/rename/manage org: org owner/admin (≥600)","https://docs.aquilla.app/media/org-setup/org-setup.mp4","00:00","recorded"
"OOS-26","Orgs & Org Switcher","Organization search (org switcher hint text)","As a user with many orgs, I want to search within the org switcher, so that I can find the right org quickly.","OrgSwitcher dropdown renders a list of org items (line 107-121, OrgSwitcher.tsx). While no native search box is implemented in the switcher, the dropdown is scrollable (max-h-60 overflow-y-auto, line 91) and labeled with org role subtitle for quick visual scanning.","src/components/org/OrgSwitcher.tsx:91-122","none","Partial","Untested","","Search within the switcher is not implemented; users must scroll or use browser Find. OrgHome has org search in the 'All organizations' view (separate from switcher).","Org owner / org admin","Switch/view: any org member; create/rename/manage org: org owner/admin (≥600)","https://docs.aquilla.app/media/org-setup/org-setup.mp4","00:00","recorded"
"OOS-27","Orgs & Org Switcher","Unauthenticated user org dashboard view","As a visitor without an account, I want to know I'm signed out, so that I can sign in.","When sessionLoading completes and jwt is null (line 288, OrgHome.tsx), instead of rendering project cards, a centered message appears: 'Sign in to see your workspace' + 'Your session has ended or you are not signed in...' + a blue 'Sign in' button linking to /login?next=/. No rollup stats, no project list, no spinner.","src/components/org/OrgHome.tsx:288-309","none","Implemented","Untested","","This is a graceful fallback for unauthenticated visitors. No fake-empty cards are rendered to avoid confusion.","Org owner / org admin","Switch/view: any org member; create/rename/manage org: org owner/admin (≥600)","https://docs.aquilla.app/media/org-setup/org-setup.mp4","00:00","recorded"
"OOS-28","Orgs & Org Switcher","Org role display (in switcher and sidebar)","As an org user, I want to see my role within each org, so that I understand my permissions.","In OrgSwitcher dropdown, each org item shows role.name (with underscores replaced by spaces, line 116, OrgSwitcher.tsx) as a small subtitle below the org name. In OrgHome rollup, org items in the 'All organizations' grid show a role badge (line 523-525, OrgHome.tsx) with the role name. Role affects available features: 'owner' / 'maintainer' (level >= 600) unlock rename + admin pages.","src/components/org/OrgSwitcher.tsx:116; src/components/org/OrgHome.tsx:523-525; src/components/org/OrgHome.tsx:135-137","e2e/specs/orgs/org-switcher-create.smoke.spec.ts (shows role subtitle in switcher)","Implemented","Untested","","Role names are normalized (underscores → spaces) for display. Role level (numeric) is used for permission checks; name is for display only.","Org owner / org admin","Switch/view: any org member; create/rename/manage org: org owner/admin (≥600)","https://docs.aquilla.app/media/org-setup/org-setup.mp4","00:00","recorded"
"OOS-29","Orgs & Org Switcher","Org member access control display","As an org user, I want to know if I can perform org actions (invite, settings), so that I don't attempt prohibited operations.","Rename button in OrgSwitcher is visible only when role.level >= 600 (line 31, OrgSwitcher.tsx). OrgSidebar shows Members/Archived/Settings links only when role.level >= 600 (line 45-50, OrgSidebar.tsx). CreditsPanel visibility is gated the same way (line 908, OrgHome.tsx). Non-admins see stripped-down sidebar (Projects, Teams, Assigned to me only).","src/components/org/OrgSwitcher.tsx:31; src/components/org/OrgSidebar.tsx:16,45-50","none (permission display is implicit in page rendering)","Implemented","Untested","","This is UI-side gating only; server enforces actual permissions. Users can't reach forbidden pages via direct URL (server returns 403).","Project lead / owner","Manage members/invites: project_lead(500); role changes: maintainer/owner(≥600); link role capped at contributor(400)","https://docs.aquilla.app/media/settings-org/settings-org.mp4","00:00","recorded"
"OOS-30","Orgs & Org Switcher","Refresh org list","As an org admin, I want to manually refresh the org list, so that I see newly created orgs or membership changes immediately.","OrgContext exposes a refresh() function (line 41-63, OrgContext.tsx) that re-fetches listMyOrgs and updates state. Callers can invoke refresh() directly (e.g., OrgSwitcher does after createOrg, line 54). If called during an active render, the new org list replaces the old one. If no orgs exist after refresh, activeOrgId is set to null.","src/context/OrgContext.tsx:41-63; src/components/org/OrgSwitcher.tsx:54","e2e/specs/orgs/org-switcher-create.smoke.spec.ts (refresh after create)","Implemented","Untested","","refresh() is called automatically on OrgProvider mount and on JWT changes. Manual refresh is typically triggered after mutations (create, rename).","Org owner / org admin","Switch/view: any org member; create/rename/manage org: org owner/admin (≥600)","https://docs.aquilla.app/media/org-setup/org-setup.mp4","00:00","recorded"
"TMP-01","Teams, Members & Permissions","List teams in organization","As an org admin, I want to see all teams in my organization with member/project counts, so that I can manage team structure and composition.","Navigate to /teams. Page loads with grid of team cards showing team name, member count, project count, and 'Member' badge if user is in team. When no teams exist, show 'No teams in this org yet.' message. When org not selected, show 'Select an organization' prompt.","src/components/org/TeamsList.tsx:34-173; src/lib/frontier/teams.ts:13-16","e2e/specs/orgs/teams.smoke.spec.ts","Implemented","Untested","","Org-scoped to activeOrgId. Only visible when authenticated with Frontier session.","Org admin / project lead","View members: viewer(100); add/remove members & assign: project_lead(500); change roles: maintainer/owner(≥600)","https://docs.aquilla.app/media/teams-invite-members/teams-invite-members.mp4","00:00","recorded"
"TMP-02","Teams, Members & Permissions","Search teams by name","As an org admin with many teams, I want to search teams by name, so that I can quickly find a specific team.","On /teams page when teams exist, a search input (type=search, placeholder='Search teams…') appears. Typing filters teams by case-insensitive name substring match. Empty search shows all teams. When no teams match, show 'No teams match ""[query]""' with a 'Clear' button.","src/components/org/TeamsList.tsx:44,63-68,101-149","e2e/specs/orgs/teams-sort-and-filter.smoke.spec.ts","Implemented","Untested","","","Org admin / project lead","View members: viewer(100); add/remove members & assign: project_lead(500); change roles: maintainer/owner(≥600)","https://docs.aquilla.app/media/teams-invite-members/teams-invite-members.mp4","00:00","recorded"
"TMP-03","Teams, Members & Permissions","Sort teams by name, member count, or project count","As an org admin, I want to sort teams by different metrics, so that I can prioritize attention on larger/busier teams.","On /teams page when teams exist, a Select dropdown appears with 3 options: 'Name (A–Z)', 'Members (most first)', 'Projects (most first)'. Default is 'Name'. Sorting is applied instantly to the displayed list.","src/components/org/TeamsList.tsx:18-32,45,110-127","e2e/specs/orgs/teams-sort-and-filter.smoke.spec.ts","Implemented","Untested","","Sorting is in-memory on the client; no server-side sort parameter.","Org admin / project lead","View members: viewer(100); add/remove members & assign: project_lead(500); change roles: maintainer/owner(≥600)","https://docs.aquilla.app/media/teams-invite-members/teams-invite-members.mp4","00:00","recorded"
"TMP-04","Teams, Members & Permissions","Create a team","As an org admin, I want to create a new team, so that I can group members and grant them project access together.","On /teams page, an admin sees a 'New team' button. Clicking it reveals an inline form with 'Team name' (required) and 'Description (optional)' inputs plus 'Create' and 'Cancel' buttons. Submitting POSTs to /api/v2/orgs/:orgId/groups, navigates to /teams/:groupId on success. Non-admins (level < 600) do not see the button.","src/components/org/TeamsList.tsx:47,77-98; src/lib/frontier/teams.ts:24-28","e2e/specs/orgs/teams.smoke.spec.ts","Implemented","Untested","","Admin-only (maintainer+ required, level 600+). Description is optional in both form and API.","Org admin / project lead","View members: viewer(100); add/remove members & assign: project_lead(500); change roles: maintainer/owner(≥600)","https://docs.aquilla.app/media/teams-invite-members/teams-invite-members.mp4","00:06","recorded"
"TMP-05","Teams, Members & Permissions","View team details (members and projects)","As an org admin, I want to see all members and projects assigned to a team, so that I can understand the team's scope and composition.","Navigate to /teams/:teamId. Page shows team name as h1, description (if set), Members section listing all team members with usernames and org-level roles, and Projects section listing all attached projects with granted role levels. Loading state shows 'Loading…' spinner. Team-not-found state shows 'Team not found.' message. When no members/projects, show empty-state text.","src/components/org/TeamDetail.tsx:70-230,318-571; src/lib/frontier/teams.ts:18-21","e2e/specs/orgs/team-detail-access-level-help.smoke.spec.ts","Implemented","Untested","","","Org admin / project lead","View members: viewer(100); add/remove members & assign: project_lead(500); change roles: maintainer/owner(≥600)","https://docs.aquilla.app/media/teams-invite-members/teams-invite-members.mp4","00:06","recorded"
"TMP-06","Teams, Members & Permissions","Edit team name and description","As an org admin, I want to rename a team and update its description, so that I can keep team metadata current.","On team detail page, admin sees 'Edit' and 'Delete team' buttons. Clicking 'Edit' replaces the display with inline inputs pre-filled with current name and description. 'Save' button POSTs PATCH to /api/v2/orgs/:orgId/groups/:groupId with name and description. 'Cancel' dismisses edit mode. Non-admins do not see the button.","src/components/org/TeamDetail.tsx:151-164,213-292; src/lib/frontier/teams.ts:30-34","e2e/specs/orgs/team-rename.smoke.spec.ts, team-edit-description.smoke.spec.ts","Implemented","Untested","","Admin-only (maintainer+ required). Defensive PATCH logic: description only included in payload if server returned one OR user typed non-empty value.","Org admin / project lead","View members: viewer(100); add/remove members & assign: project_lead(500); change roles: maintainer/owner(≥600)","https://docs.aquilla.app/media/teams-invite-members/teams-invite-members.mp4","00:00","recorded"
"TMP-07","Teams, Members & Permissions","Delete a team","As an org admin, I want to delete a team I no longer need, so that I can clean up obsolete team structure.","On team detail page, admin clicks 'Delete team' button. An inline confirmation box appears with text 'Delete '[team name]'? This removes the team and all its grants.' and 'Confirm' / 'Cancel' buttons. Clicking 'Confirm' DELETEs /api/v2/orgs/:orgId/groups/:groupId and navigates to /teams. 'Cancel' dismisses the confirmation. Non-admins do not see the button.","src/components/org/TeamDetail.tsx:166-170,294-314; src/lib/frontier/teams.ts:36-39","e2e/specs/orgs/team-delete.smoke.spec.ts","Implemented","Untested","","Admin-only (maintainer+ required). Cascade delete removes all team members and project attachments server-side.","Project lead / owner","Lifecycle ops: project_lead(500)+ / owner(700)","https://docs.aquilla.app/media/teams-invite-members/teams-invite-members.mp4","00:00","recorded"
"TMP-08","Teams, Members & Permissions","Add member to team","As an org admin, I want to add org members to a team, so that I can group people for project access.","On team detail page, admin sees 'Add member' link. Clicking it reveals a combobox (searchable dropdown) pre-populated with available org members not already in team, a 'Add' button, and 'Cancel' button. Typing filters member list. Selecting a member and clicking 'Add' POSTs to /api/v2/orgs/:orgId/groups/:groupId/members with username. Member appears in Members list. If all org members already in team, show 'All org members are already in this team.' message and disable the Add button.","src/components/org/TeamDetail.tsx:104-107,135-142,172-178,318-373,578-683; src/lib/frontier/teams.ts:41-45","e2e/specs/orgs/team-add-member.smoke.spec.ts","Implemented","Untested","","Admin-only. Combobox filters and searches by username, excluding users already in team. Does not require a role selection at add-to-team time (org-level role applies).","Project lead / owner","Manage members/invites: project_lead(500); role changes: maintainer/owner(≥600); link role capped at contributor(400)","https://docs.aquilla.app/media/teams-invite-members/teams-invite-members.mp4","00:00","recorded"
"TMP-09","Teams, Members & Permissions","Remove member from team","As an org admin, I want to remove a member from a team, so that I can adjust team composition without removing them from the org.","In Members section of team detail page, each member row has a 'Remove' link (red underline). Clicking it DELETEs /api/v2/orgs/:orgId/groups/:groupId/members/:userId and the member disappears from the list immediately. Non-admins do not see the Remove button.","src/components/org/TeamDetail.tsx:180-184,420-428; src/lib/frontier/teams.ts:47-50","e2e/specs/orgs/team-remove-member.smoke.spec.ts","Implemented","Untested","","Admin-only. Removing from team does NOT remove from org or revoke project access via other paths (org/direct).","Org admin / project lead","View members: viewer(100); add/remove members & assign: project_lead(500); change roles: maintainer/owner(≥600)","https://docs.aquilla.app/media/teams-invite-members/teams-invite-members.mp4","00:00","recorded"
"TMP-10","Teams, Members & Permissions","Change member org-level role within team context","As an org owner, I want to change a team member's org-level role, so that I can adjust their permissions across the organization.","On team detail page, if caller is owner (level 700+), each member row shows a role-picker (Select dropdown) with all 7 role options. Changing role calls handleChangeMemberRole() which POSTs to /api/v2/orgs/:orgId/members with username and new role. If caller is not owner, the role is shown as a locked badge with a '?' help icon; hovering shows tooltip explaining the role and that it can only be changed by an org owner.","src/components/org/TeamDetail.tsx:78-80,201-205,383-419; src/lib/frontier/teams.ts:N/A (uses addOrgMember from orgs.ts)","e2e/specs/orgs/team-member-role-change.smoke.spec.ts","Implemented","Untested","","Owner-only for edits (level 700+). Non-owners see read-only role display with help tooltip explaining the lock. The capability is gated by org-level ownership, not team-level.","Project lead / owner","Manage members/invites: project_lead(500); role changes: maintainer/owner(≥600); link role capped at contributor(400)","https://docs.aquilla.app/media/teams-invite-members/teams-invite-members.mp4","00:00","recorded"
"TMP-11","Teams, Members & Permissions","Attach project to team with granted role","As an org admin, I want to grant a team access to a project at a specific role level, so that all team members inherit that project access together.","On team detail page, admin sees 'Attach project' link. Clicking it reveals a Projects section select dropdown (filtered to projects not already attached) and a Role dropdown (7 options). Selecting a project and role and clicking 'Attach' POSTs to /api/v2/orgs/:orgId/groups/:groupId/projects with projectId and roleLevel. Project appears in Projects list with granted role. Non-admins do not see the link.","src/components/org/TeamDetail.tsx:186-193,445-519; src/lib/frontier/teams.ts:52-56","e2e/specs/orgs/team-attach-project.smoke.spec.ts","Implemented","Untested","","Admin-only. Role defaults to Viewer (100). Only offers projects the caller has access to (filtered via fetchAccessibleProjects).","Org admin / project lead","View members: viewer(100); add/remove members & assign: project_lead(500); change roles: maintainer/owner(≥600)","https://docs.aquilla.app/media/teams-invite-members/teams-invite-members.mp4","00:00","recorded"
"TMP-12","Teams, Members & Permissions","Change team's granted role on a project","As an org admin, I want to adjust the role level a team has on an attached project, so that I can fine-tune team access permissions.","In Projects section of team detail page, each project row shows a role-picker (Select dropdown with 6 options; Owner is excluded). Changing role calls handleChangeProjectRole() which PATCHes /api/v2/orgs/:orgId/groups/:groupId/projects/:projectId with new roleLevel. Role updates immediately. Non-admins do not see the dropdown.","src/components/org/TeamDetail.tsx:195-199,535-553; src/lib/frontier/teams.ts:58-62","e2e/specs/orgs/org-access-lifecycle.spec.ts (implicit via team project grant tests)","Implemented","Untested","","Admin-only. Owner (700) is intentionally excluded from picker; ownership cannot be transferred via UI.","Project lead / owner","Manage members/invites: project_lead(500); role changes: maintainer/owner(≥600); link role capped at contributor(400)","https://docs.aquilla.app/media/teams-invite-members/teams-invite-members.mp4","00:00","recorded"
"TMP-13","Teams, Members & Permissions","Detach project from team","As an org admin, I want to remove a team's access to a project, so that I can clean up stale project attachments.","In Projects section of team detail page, each project row has a 'Detach' link (red underline). Clicking it DELETEs /api/v2/orgs/:orgId/groups/:groupId/projects/:projectId. Project disappears from the list. Non-admins do not see the link.","src/components/org/TeamDetail.tsx:207-211,553-559; src/lib/frontier/teams.ts:64-67","e2e/specs/orgs/team-detach-project.smoke.spec.ts","Implemented","Untested","","Admin-only. Detaching team project access does not affect direct/org/creator paths to that project for individual members.","Org admin / project lead","View members: viewer(100); add/remove members & assign: project_lead(500); change roles: maintainer/owner(≥600)","https://docs.aquilla.app/media/teams-invite-members/teams-invite-members.mp4","00:00","recorded"
"TMP-14","Teams, Members & Permissions","View org members with roles","As an org admin, I want to see all members of my organization and their roles, so that I can manage org-wide access.","Navigate to /members page. Shows 'Members' heading with org name in subtitle. Renders a member roster (MembersPanel) listing all org members with usernames, org-level roles (Viewer/Contributor/Project Lead/Maintainer), and source badge. 'Last active X ago' chip shown if lastActiveAt is set. Stale members (>30 days) get amber highlight. When loading, show 'Loading members…' spinner. When error, show error text with red background. When no org selected, show 'Select an organization' prompt.","src/pages/MembersPage.tsx:48-245; src/components/MembersPanel.tsx:48-199; src/lib/frontier/orgs.ts:155-161","e2e/specs/orgs/members.smoke.spec.ts","Implemented","Untested","","Rendered within MembersShell (AppShell + OrgSidebar). Org role picker excludes Commenter (200) and Reviewer (300) — org-wide comment-only is not surfaced at org level. Last-active tracking depends on migration 0018 landing; null timestamps render no hint.","Org admin / project lead","View members: viewer(100); add/remove members & assign: project_lead(500); change roles: maintainer/owner(≥600)","https://docs.aquilla.app/media/teams-invite-members/teams-invite-members.mp4","00:00","recorded"
"TMP-15","Teams, Members & Permissions","Add org member by username","As an org admin, I want to add an existing Aquilla user to my organization, so that they can access all org projects at their assigned role.","On /members page, MembersPanel shows an 'Add' row at bottom with a username typeahead input, role dropdown (Viewer/Contributor/Project Lead/Maintainer default), and 'Add' button. Typing in typeahead searches across all Aquilla users (scopedSearch=false). Selecting username and role and clicking 'Add' calls onAdd() which POSTs to /api/v2/orgs/:orgId/members. If username not found, error message 'Could not add user. Username may not exist.' displays. Member appears in list on success.","src/pages/MembersPage.tsx:137-152,281-295; src/components/MembersPanel.tsx:71-85,157-194; src/lib/frontier/orgs.ts:163-176","e2e/specs/orgs/members.smoke.spec.ts","Implemented","Untested","","Requires caller to have org membership (useOrgMembers hook implicitly filters). Typeahead excludes already-added members. Default role is MAINTAINER (600) for org context.","Org admin / project lead","View members: viewer(100); add/remove members & assign: project_lead(500); change roles: maintainer/owner(≥600)","https://docs.aquilla.app/media/teams-invite-members/teams-invite-members.mp4","00:00","recorded"
"TMP-16","Teams, Members & Permissions","Change org member role","As an org owner, I want to change a member's org-level role, so that I can adjust their permissions without removing them.","On /members page, each member row shows a role-picker (Select dropdown). Changing role calls onChangeRole() which POSTs to /api/v2/orgs/:orgId/members with username and new role. Role updates on the row. Role picker is only enabled for non-locked members and non-self rows. Locked members (org owner source) show read-only badge without picker.","src/pages/MembersPage.tsx:281-295; src/components/MembersPanel.tsx:86,109-134","e2e/specs/orgs/remove-member-dialog.smoke.spec.ts (implicit via member role changes)","Implemented","Untested","","Caller can only grant roles up to their own level (callerMaxRole cap). Owner (700) is not shown in picker for org context (only at direct-project level).","Project lead / owner","Manage members/invites: project_lead(500); role changes: maintainer/owner(≥600); link role capped at contributor(400)","https://docs.aquilla.app/media/teams-invite-members/teams-invite-members.mp4","00:00","recorded"
"TMP-17","Teams, Members & Permissions","Remove org member","As an org admin, I want to remove a member from my organization, so that they lose org-wide access and I can clean up inactive users.","On /members page, each member row has a trash icon button. Clicking it opens a confirmation dialog (RemoveOrgMemberDialog) showing 'Remove [username] from [orgName]?' with warning that they lose org-wide access but keep per-project direct grants. Dialog lists all projects where member has direct grants with checkboxes (default unchecked). User can opt-in to remove from specific projects. 'Remove from org' (or 'Remove from org and N projects' if checked) button confirms. Clicking removes from org and (optionally) from selected projects. Non-owners cannot remove self.","src/pages/MembersPage.tsx:216-230,287-291; src/components/RemoveOrgMemberDialog.tsx:21-132; src/lib/frontier/orgs.ts:178-189","e2e/specs/orgs/remove-member-dialog.smoke.spec.ts","Implemented","Untested","","Caller can only remove members with role <= their own level. Removing from org does not cascade-remove from projects; dialog allows selective per-project removal. Org removal is atomic; project removals are per-project (partial failures still remove org membership).","Org admin / project lead","View members: viewer(100); add/remove members & assign: project_lead(500); change roles: maintainer/owner(≥600)","https://docs.aquilla.app/media/teams-invite-members/teams-invite-members.mp4","00:00","recorded"
"TMP-18","Teams, Members & Permissions","View per-member project access breakdown (MemberAccessRow expansion)","As an org manager, I want to drill down on a member to see all their project access paths (direct/team/org/creator) and resolved effective roles, so that I can understand and manage their complete access picture (AD-12 max-wins).","On /members page below the main roster, a 'Project access' section shows each member as an expandable row (chevron icon + username). Clicking expands to show: org-level role applicability note, then per-project rows. Each project row displays: project name, resolved effective role (the max), and chips for each contributing path (e.g., 'direct: contributor', 'team Translators: reviewer', 'org: viewer', 'creator'). Direct grants have a 'Revoke direct grant' button. Non-removable paths (team/org/creator) show pointer text 'Also via … — manage in Teams / Members.' Lazy-loading: expansion fetches via GET /api/v2/orgs/:orgId/members/:userId/access when row is first expanded.","src/pages/MembersPage.tsx:297-311; src/components/org/MemberAccessPanel.tsx:17-189; src/lib/frontier/orgs.ts:141-145","e2e/specs/orgs/member-access-panel-expand.smoke.spec.ts","Implemented","Untested","","Shows only members with explicit project-level access; members with org-role-only show 'org-role only; no project overrides' summary. Revoke-direct updates immediately via re-fetch. Non-revocable paths point user to Teams/Members for management.","Org admin / project lead","View members: viewer(100); add/remove members & assign: project_lead(500); change roles: maintainer/owner(≥600)","https://docs.aquilla.app/media/teams-invite-members/teams-invite-members.mp4","00:00","recorded"
"TMP-19","Teams, Members & Permissions","Invite org members to specific projects (multi-project invite dialog)","As an operational PM, I want to add an existing org member to multiple projects in one flow without granting org-wide access, so that I can quickly onboard contributors to the projects they need.","On /members page, 'Add to projects' button (UsersRound icon) opens MultiProjectInviteDialog. Dialog has username typeahead (existing Aquilla user), multi-select checkboxes for projects, and per-project role pickers (default Contributor). Submitting POSTs to /api/v2/projects/:projectId/members for each selected project with username and role. Success shows 'Invite complete' or per-project statuses. Email mode shows explanation that per-project invite links are available in Share panels instead of direct add.","src/pages/MembersPage.tsx:168-182,232-242; src/components/MultiProjectInviteDialog.tsx:28-100+ (partial read)","e2e/specs/orgs/invite-to-projects.smoke.spec.ts","Implemented","Untested","","Button disabled if no accessible projects. Allows granular per-project role selection at invite time. Email mode acknowledges per-project email invites are separate (not directly invitable in bulk).","Project lead / owner","Manage members/invites: project_lead(500); role changes: maintainer/owner(≥600); link role capped at contributor(400)","https://docs.aquilla.app/media/teams-invite-members/teams-invite-members.mp4","00:00","recorded"
"TMP-20","Teams, Members & Permissions","View and revoke pending invitations (targeted email + open link)","As an org owner, I want to see all outstanding share-link invitations to my projects and revoke them if they're no longer needed, so that I can manage access hygiene.","On /members page, 'Pending invitations' section (owner-only, gated server-side via 403) lists all unredeemed project invites across the org. Each row shows: project name, role (capitalized), email badge (if targeted) or 'open link' badge, creator username, expiry label (e.g., 'expires in 2 days', 'expired', 'no expiry'), and trash icon. Clicking trash DELETEs /projects/:projectId/invites/:token. Row disappears optimistically; if server errors, re-fetch restores it. Non-owners see no section.","src/pages/MembersPage.tsx:326-355,356-437; src/lib/frontier/orgs.ts:75-88","e2e/specs/orgs/pending-invite-revoke.smoke.spec.ts","Implemented","Untested","","Section hidden if no pending invites or caller is not owner. Expiry labels computed client-side: 'expired' for past dates, 'expires in N days/hours/minutes' for future. Optimistic revoke means row vanishes immediately even if network fails.","Project lead / owner","Manage members/invites: project_lead(500); role changes: maintainer/owner(≥600); link role capped at contributor(400)","https://docs.aquilla.app/media/teams-invite-members/teams-invite-members.mp4","00:00","recorded"
"TMP-21","Teams, Members & Permissions","View external collaborators (non-org members with project access)","As a maintainer+ org admin, I want to see all non-members who have access to org projects (via invite links, direct adds, or teams), so that I can govern external access.","On /members page, 'External collaborators' section (maintainer+ only, AQU-326) lists everyone accessing org projects who is NOT an org member. Each row shows: username, 'external' badge (amber), list of projects they access, and per-project inline 'Revoke' buttons. Clicking revoke DELETEs /projects/:projectId/members/:userId. Section hidden if no externals. Derived on read from members-matrix; not a stored org_members variant.","src/pages/MembersPage.tsx:207-213; src/components/org/ExternalCollaboratorsSection.tsx:26-160+ (partial)","e2e/specs/orgs/pending-invite-inbox-external-revoke.smoke.spec.ts","Implemented","Untested","","Maintainer+ only (level 600+). Derived from members-matrix, not a backend table. Revoking removes direct grant only; doesn't auto-remove from org or teams.","Project lead / owner","Manage members/invites: project_lead(500); role changes: maintainer/owner(≥600); link role capped at contributor(400)","https://docs.aquilla.app/media/teams-invite-members/teams-invite-members.mp4","00:00","recorded"
"TMP-22","Teams, Members & Permissions","View per-project members with role sources and secondary paths","As a project admin, I want to see everyone with access to a project and their effective role, including where their access comes from (org/team/direct/creator), so that I can manage project membership.","Navigate to /project/:projectId/members. Renders MembersTab in a two-tab interface (Members / Invite link). Current members list shows each person with: username, source badge ('via org' / 'via team' / 'creator' / none for direct override), role (capability name + level), secondary sources list (e.g., '+ team:reviewer, org:contributor'). Members are sorted and grouped; loading state shows 'Loading members…'. Empty state shows 'No members yet.'","src/components/ProjectMembersPage.tsx:62-126,136-394; src/lib/frontier/members.ts:70-82","e2e/specs/projects/admin-console-teams-tab.smoke.spec.ts, members-matrix.smoke.spec.ts","Implemented","Untested","","Nested under ProjectWorkspace via route /project/:id/members. Lists effective members (GET /api/v2/projects/:id/members) with AD-12 max-wins resolution and secondary-source listing.","Project lead / owner","Manage members/invites: project_lead(500); role changes: maintainer/owner(≥600); link role capped at contributor(400)","https://docs.aquilla.app/media/teams-invite-members/teams-invite-members.mp4","00:00","recorded"
"TMP-23","Teams, Members & Permissions","Add project member by username","As a project maintainer, I want to add an existing Aquilla user directly to a project, so that I can grant them access without org membership.","On project members page, 'Add member' section shows username input, role dropdown (Viewer to Maintainer, max-capped by caller), and 'Add' button. Typing username searches/validates. Clicking 'Add' POSTs to /api/v2/projects/:projectId/members with username and role. Submitting shows 'Adding…' state. On success, member appears in the list. On error, shows 'No user found with that username' or server error.","src/components/ProjectMembersPage.tsx:158-175,325-378","e2e/specs/projects/share-panel-role-change.smoke.spec.ts (implicit via member operations)","Implemented","Untested","","Caller capped to MAINTAINER (600) max. Input validates on blur/submission. Enter key triggers add.","Project lead / owner","Manage members/invites: project_lead(500); role changes: maintainer/owner(≥600); link role capped at contributor(400)","https://docs.aquilla.app/media/teams-invite-members/teams-invite-members.mp4","00:00","recorded"
"TMP-24","Teams, Members & Permissions","Change project member role","As a project maintainer, I want to change a member's role on the project, so that I can adjust their permissions (e.g., promote contributor to lead).","On project members page, each member row shows a role-picker (Select dropdown) IF the member has a direct grant (source='override') and is not self. Picker shows grantable roles (capped by caller's level). Changing role calls add() with new role, which PATCHes/POSTs to /api/v2/projects/:projectId/members with username and new level. Non-direct members (org/team/creator sources) show read-only role display with locked state; attempting role change shows tooltip explaining the source.","src/components/ProjectMembersPage.tsx:251-283","e2e/specs/projects/share-panel-role-change.smoke.spec.ts","Implemented","Untested","","Caller capped to MAINTAINER (600) max. Role change is immediate (no confirmation dialog).","Project lead / owner","Manage members/invites: project_lead(500); role changes: maintainer/owner(≥600); link role capped at contributor(400)","https://docs.aquilla.app/media/teams-invite-members/teams-invite-members.mp4","00:00","recorded"
"TMP-25","Teams, Members & Permissions","Remove project member (direct grant only)","As a project maintainer, I want to remove a member's direct access to a project, so that I can clean up explicit grants.","On project members page, each member with direct override grant (source='override', not self) shows a 'Remove' button. Clicking DELETEs /api/v2/projects/:projectId/members/:userId. Member disappears from the list. Non-direct members (org/team/creator) show locked tooltip explaining the source instead of Remove button.","src/components/ProjectMembersPage.tsx:286-302","e2e/specs/projects/admin-console-teams-tab.smoke.spec.ts (implicit)","Implemented","Untested","","Only direct grants (override source) are removable. Org/team/creator access cannot be revoked from project members page (manage via Members page / Teams page).","Org admin / project lead","View members: viewer(100); add/remove members & assign: project_lead(500); change roles: maintainer/owner(≥600)","https://docs.aquilla.app/media/teams-invite-members/teams-invite-members.mp4","00:00","recorded"
"TMP-26","Teams, Members & Permissions","Revoke all project access (all grant paths)","As a project maintainer, I want to completely revoke a member's access to a project, removing all paths (direct/team/org), so that I can ensure they can no longer see or edit the project.","On project members page, each member has a 'Revoke all' button (red, ShieldOff icon) when session exists and caller is maintainer+. Clicking opens RevokeAllDialog with: member's username, warning that this removes the direct grant and explains non-removable paths (org/team/creator), list of current grant paths with 'removable' / 'stays' indicators, confirmation text-input requiring user to type member's username, and 'Revoke access' button. POSTs to /api/v2/projects/:projectId/members/:userId/revoke-all. On success, shows summary of what was removed and which paths remain.","src/components/ProjectMembersPage.tsx:304-320,380-550","e2e/specs/projects/admin-console-teams-tab.smoke.spec.ts (implicit)","Implemented","Untested","","Revoke-all removes ONLY the direct grant; org/team/creator paths remain and are shown in the confirmation result. Requires text confirmation to prevent accidents. Available only when session.jwt exists (authenticated).","Org admin / project lead","View members: viewer(100); add/remove members & assign: project_lead(500); change roles: maintainer/owner(≥600)","https://docs.aquilla.app/media/teams-invite-members/teams-invite-members.mp4","00:00","recorded"
"TMP-27","Teams, Members & Permissions","Create project invite link with role and optional email","As a project lead, I want to generate a share link that grants access to my project at a specific role, optionally pre-filling an email, so that I can invite people without adding them to the org.","On project members page, 'Invite link' tab shows form with: Role dropdown (Viewer/Commenter/Reviewer/Contributor only, not managerial roles), 'Recipient email (optional)' input, Link expires dropdown (1/7/30 days or no expiry, default 7 days). 'Create invite link' button POSTs to /api/v2/projects/:projectId/invites with role, email, expiresInDays. On success, shows generated URL (copyable button, shows 'Copied!' on click), explanation, and 'Create another link' button. Email validation enforces valid format or blank. Server-side caps role to contributor (400).","src/components/ProjectMembersPage.tsx:556-767","e2e/specs/projects/share-invite-link.smoke.spec.ts","Implemented","Untested","","LINK_ROLE_OPTIONS caps at Contributor (400); Reviewer/Commenter allowed for links but Owner/Maintainer/Lead not. Optional email targets the invite; blank makes it an open link. Expiry computed server-side from expiresInDays.","Project lead / owner","Manage members/invites: project_lead(500); role changes: maintainer/owner(≥600); link role capped at contributor(400)","https://docs.aquilla.app/media/teams-invite-members/teams-invite-members.mp4","00:00","recorded"
"TMP-28","Teams, Members & Permissions","View role level help / access-level definitions (org and project)","As an org or project user, I want to understand what each role level allows, so that I can make informed decisions about member access.","On team detail page Members section header, a '?' icon in a circle appears next to 'Members' heading (AppTooltip). Hovering/focusing shows all 7 role descriptions (100-700) stacked vertically in a tooltip. Similar help available in project members page role pickers where individual role names appear on hover. Org-side MembersPage doesn't duplicate the help (roles already shown in picker).","src/components/org/TeamDetail.tsx:49-57,322-331; src/lib/frontier/roles.ts:42-108","e2e/specs/orgs/team-detail-access-level-help.smoke.spec.ts","Implemented","Untested","","ROLE_DESCRIPTIONS is canonical source for role tooltips (matches AQU-138 permission-semantics.md). Tooltips are inline help, not modal documentation.","Org admin / project lead","View members: viewer(100); add/remove members & assign: project_lead(500); change roles: maintainer/owner(≥600)","https://docs.aquilla.app/media/teams-invite-members/teams-invite-members.mp4","00:00","recorded"
"TMP-29","Teams, Members & Permissions","Role-level authorization gates (UI surface by level)","As a user, I want role-based UI to adapt based on my org/project level, so that I only see actions I have permission to perform.","Across all members/teams/project pages: 'New team' button only visible if org role >= 600 (maintainer). 'Add member' / 'Edit team' / 'Delete team' / 'Attach project' only visible to maintainer+ (600+). Role-change pickers gated by org ownership (700+) or caller max-role cap. Member remove buttons only visible for non-locked members. Revoke-all only visible when session exists. All gates checked client-side (UX convenience) AND server-side (security boundary). When caller can't see a button, alternative read-only display shown (e.g., locked role badge).","src/components/org/TeamsList.tsx:47,77; src/components/org/TeamDetail.tsx:78-80,236,333,420,447; src/components/ProjectMembersPage.tsx:145-147","e2e/specs/orgs/org-access-lifecycle.spec.ts (implicit via multi-role tests)","Implemented","Untested","","Client-side gates are UX hints only; server API endpoints enforce permissions via JWT scope. No feature flags; gates are purely role-based.","Project lead / owner","Manage members/invites: project_lead(500); role changes: maintainer/owner(≥600); link role capped at contributor(400)","https://docs.aquilla.app/media/teams-invite-members/teams-invite-members.mp4","00:00","recorded"
"PDL-01","Projects Dashboard & Lifecycle","Create project","As an org member, I want to create a new translation project, so that my team can start translating content.","User clicks '+ New Project' button on dashboard. Dialog opens with fields: project name (required), source language (required, supports BCP-47 or descriptive label), target language (required unless shape is 'source-only'). Advanced disclosure reveals project shape radio options (self-contained / source-only / linked-target). Submit validates name + source required, creates server-side project row first (POST /api/v2/projects), then persists language metadata. On success, navigates to project. On error, shows error message and preserves form.","src/components/ProjectCreateDialog.tsx:50-131; src/lib/sync/cloud-projects.ts:59-78; src/lib/sync/project-settings.ts (patchProjectSettings call)","e2e/specs/projects/create.smoke.spec.ts","Implemented","Untested","","Advanced: project shape picker supports linked-target projects (AD-9). targetLanguage cleared when shape='source-only'. Best-effort language persistence—project is openable even if settings write fails (404 becomes local-only). Form validation requires name + source; target required unless source-only.","Project lead / owner","Manage members/invites: project_lead(500); role changes: maintainer/owner(≥600); link role capped at contributor(400)","https://docs.aquilla.app/media/projects-dashboard/projects-dashboard.mp4","00:06","recorded"
"PDL-02","Projects Dashboard & Lifecycle","View project list (Org Home)","As an org member, I want to see all projects in my organization on a dashboard, so that I can find and open projects to work on.","Dashboard displays projects in single org or all orgs (via switcher). Shows rollup stats: total projects, average translation %, average validation %, stalled count, overdue count. Projects listed with progress bars (yellow=translated %, green=validated %). Each row shows: project name, role badge, status (translated % or 'Stalled' or 'Not started'), validation %, audio %. Sorting/filtering available: search by name, status filter (All/Stalled/Overdue), sort by (Recently updated / Needs attention / Least translated / Most progress / Name). Pagination handled by visible array slicing. Empty state: 'No projects in this org yet.'","src/components/org/OrgHome.tsx:161-917; src/lib/frontier/portfolio.ts (getPortfolio, translatedPct, validatedPct, audioPct, deadlineStatus, activityStatus)","e2e/specs/projects/org-overview.smoke.spec.ts","Implemented","Untested","","Rollup statistics reflect full portfolio, but filter narrows only the visible list. Stalled = no edit in 14+ days AND previously had activity. Status 'not-started' = never edited + no translated cells (distinct from stalled). Overdue = deadline in past. Cross-org projects shown in 'Shared with you' section (AQU-335).","Project lead / org admin","View: viewer(100); create/archive/delete project: project_lead(500)+/owner(700)","https://docs.aquilla.app/media/projects-dashboard/projects-dashboard.mp4","00:00","recorded"
"PDL-03","Projects Dashboard & Lifecycle","Filter projects by name","As an org member, I want to search projects by name, so that I can quickly find a specific project.","Text input 'Filter projects…' updates in real-time. Fuzzy search not implemented—exact substring match (case-insensitive). Clear button (X) appears when input has text. Pressing Escape clears focus. Filtered results update instantly. Empty state: 'No matching projects.' if no results.","src/components/org/OrgHome.tsx:176,381-382,549-573","e2e/specs/projects/org-home-project-filter.smoke.spec.ts","Implemented","Untested","","Simple substring match; no typo tolerance. Filter applies to all projects across all orgs when isAllOrgs=true.","Project lead / org admin","View: viewer(100); create/archive/delete project: project_lead(500)+/owner(700)","https://docs.aquilla.app/media/projects-dashboard/projects-dashboard.mp4","00:00","recorded"
"PDL-04","Projects Dashboard & Lifecycle","Filter projects by status","As a manager, I want to filter projects by status (stalled, overdue), so that I can focus on projects needing attention.","Pill-style toggle buttons: All (default), Stalled, Overdue. Clicking a pill sets aria-pressed=true on that pill, false on others. 'Stalled' = activity stopped 14+ days ago. 'Overdue' = deadline in past. Filter updates visible list without affecting rollup stats above. Empty state shows appropriate message (e.g., 'No projects need attention yet.' for 'Needs attention' lens, 'No overdue projects.' for 'Overdue' filter).","src/components/org/OrgHome.tsx:34,56-60,178,383-391,576-595,769-784","e2e/specs/projects/org-home-status-filter.smoke.spec.ts","Implemented","Untested","","Filter only narrows visible list; rollup strip always reflects full portfolio (all projects). 'Active' filter not explicitly coded as a separate value—'All' includes active projects. Status logic in activityStatus() distinguishes 'not-started', 'stalled', and 'active'.","Project lead / org admin","View: viewer(100); create/archive/delete project: project_lead(500)+/owner(700)","https://docs.aquilla.app/media/projects-dashboard/projects-dashboard.mp4","00:00","recorded"
"PDL-05","Projects Dashboard & Lifecycle","Sort projects by lens (view option)","As a user, I want to sort projects by different criteria (recent, attention, progress), so that I can view projects in the order most relevant to my workflow.","Dropdown menu (Select component) or pill-style buttons (when isAllOrgs=true) with options: Recently updated, Needs attention, Least translated, Most progress, Name. Selected option persists in localStorage (PROJECT_LENS_STORAGE_KEY). When changed, list re-sorts client-side. Each lens has a description and empty-state message. Sorting logic in sortProjectsByLens() function. Projects within each lens sub-sorted alphabetically by name.","src/components/org/OrgHome.tsx:36-93,95-114,144-159,179,357-365,598-616,788-806","e2e/specs/projects/org-overview.smoke.spec.ts (indirectly covers lens via sort UI)","Implemented","Untested","","Lens persistence uses localStorage with fallback to 'recent' on error. 'Attention' lens uses attentionRank() function. 'Needs attention' shows in pill UI only when isAllOrgs=true; single-org view uses column-header sort buttons (Name ↑/↓, Role ↑/↓).","Project lead / org admin","View: viewer(100); create/archive/delete project: project_lead(500)+/owner(700)","https://docs.aquilla.app/media/projects-dashboard/projects-dashboard.mp4","00:12","recorded"
"PDL-06","Projects Dashboard & Lifecycle","Archive project","As an owner, I want to archive a project, so that completed or obsolete projects don't clutter my dashboard.","Project owner clicks '⋯' (overflow menu) on project overview → selects 'Archive'. API call POST /api/v2/projects/:id/archive. On success (200), project gets archivedAt timestamp + archivedBy metadata. Router navigates to /projects (active list). Archived project no longer appears in active list. Error handling: 403 = forbidden (non-owner attempts archive); user sees error message. 404 = local-only project (no server row); treated as success (local-only).","src/components/org/ProjectOverview.tsx:305-318,422-430; src/lib/sync/archive.ts:67-94","e2e/specs/projects/archive.smoke.spec.ts","Implemented","Untested","","Requires owner role (level >= 700). Server enforces; client checks isOwner flag before rendering menu item. Archive action in overflow menu (⋯) button, not primary interface.","Project lead / owner","Lifecycle ops: project_lead(500)+ / owner(700)","https://docs.aquilla.app/media/projects-dashboard/projects-dashboard.mp4","00:00","recorded"
"PDL-07","Projects Dashboard & Lifecycle","View archived projects","As an owner, I want to see archived projects in a dedicated view, so that I can manage or restore them if needed.","Navigate to /projects/archived. Component ArchivedProjects fetches archived projects for active org (GET /api/v2/projects?orgId=N&archived=true). Displays list: project name, restore button. Selecting org from sidebar reloads archived projects for that org. Empty state: 'No archived projects.' Load state: 'Loading…' Error state: displays error message. Must select org first—if activeOrgId=null, shows 'Select an organization' message.","src/components/org/ArchivedProjects.tsx:10-85; src/lib/sync/cloud-projects.ts:150-166","e2e/specs/orgs/archived-projects-page.smoke.spec.ts","Implemented","Untested","","Archived projects isolated to single org at a time (org-scoped endpoint). List endpoint filtered by ?archived=true parameter on server. fetchArchivedProjects() returns [] on error (silent failure).","Project lead / org admin","View: viewer(100); create/archive/delete project: project_lead(500)+/owner(700)","https://docs.aquilla.app/media/projects-dashboard/projects-dashboard.mp4","00:00","recorded"
"PDL-08","Projects Dashboard & Lifecycle","Restore archived project","As an owner, I want to restore an archived project, so that I can reactivate it if the work continues.","On archived projects page, user clicks 'Restore' button for a project. API call DELETE /api/v2/projects/:id/archive. On success (200), archivedAt/archivedBy cleared. Project removed from archived list. User can navigate to /projects to see it in active list. Error handling: 403 = forbidden (non-owner); 404 = local-only; error message displayed in-place. No navigation on restore—list updates in-place.","src/components/org/ArchivedProjects.tsx:34-45,71-76; src/lib/sync/archive.ts:96-114","e2e/specs/projects/archive.smoke.spec.ts","Implemented","Untested","","Requires owner role (level >= 700). ArchivedProjects calls unarchiveProjectRemote() + load() to refresh in-place. Restore button disabled during API call (busy state shown in parent component). No explicit restore button on project overview if archived=true; instead shows standalone 'Restore' button separate from overflow menu.","Project lead / org admin","View: viewer(100); create/archive/delete project: project_lead(500)+/owner(700)","https://docs.aquilla.app/media/projects-dashboard/projects-dashboard.mp4","00:00","recorded"
"PDL-09","Projects Dashboard & Lifecycle","Set project deadline","As a manager, I want to set a deadline for a project, so that the team knows when the work is due.","Project overview → Deadline section. Initially shows 'No deadline set'. Maintainer+ clicks 'Set deadline'. Date picker appears. User selects date (ISO format YYYY-MM-DD). Clicks 'Save'. API call PATCH /api/v2/projects/:id/deadline with {deadline: '2024-12-31'}. On success, deadline displays with status chip ('On track' / 'Due soon' / 'Overdue'). User can click 'Change' to edit or 'Clear' to remove. Deadline appears on project cards (if within 7 days: 'Due soon'; if past: 'Overdue'; otherwise not shown).","src/components/org/ProjectOverview.tsx:197-198,272-285,576-635; src/lib/sync/cloud-projects.ts:172-184","e2e/specs/projects/project-deadline.smoke.spec.ts","Implemented","Untested","","Requires maintainer+ role (level >= 600). Save button disabled if deadline input empty. Clear button hidden if no deadline currently set. Deadline edit/cancel operations don't navigate.","Project lead / org admin","View: viewer(100); create/archive/delete project: project_lead(500)+/owner(700)","https://docs.aquilla.app/media/projects-dashboard/projects-dashboard.mp4","00:00","recorded"
"PDL-10","Projects Dashboard & Lifecycle","Status chip (deadline indicator)","As a user, I want to see at a glance whether a project is on track or overdue, so that I can prioritize my work.","On project card in dashboard and project overview: status badge appears next to title. Colors and labels: 'On track' (emerald, if deadline exists and is >7 days away), 'Due soon' (amber, if deadline is 0-7 days), 'Overdue' (red, if deadline in past). Derived from deadlineStatus(project, now) enum ('ok'|'soon'|'overdue'|null). StatusChip component returns null if status='no-deadline' (no deadline set or no progress).","src/components/org/ProjectOverview.tsx:28-64; src/lib/frontier/portfolio.ts (deadlineStatus function)","e2e/specs/projects/project-status-chip.smoke.spec.ts","Implemented","Untested","","deriveProjectStatus() logic: if overdue→overdue, else if soon→due-soon, else if (ok or no deadline) && progress>0→on-track, else→no-deadline (no chip shown). Deadline logic: now > deadline = overdue; deadline - now <= 7 days = soon. 'On track' shown only if there is a deadline or significant progress.","Project lead / org admin","View: viewer(100); create/archive/delete project: project_lead(500)+/owner(700)","https://docs.aquilla.app/media/projects-dashboard/projects-dashboard.mp4","00:00","recorded"
"PDL-11","Projects Dashboard & Lifecycle","Project lifecycle toggle (mark inactive/active)","As a project manager, I want to freeze a project to prevent edits, so that completed work isn't accidentally modified.","Project overview → overflow menu (⋯) → 'Mark as Inactive'. API call PATCH /api/v2/projects/:id/lifecycle with {isActive: false}. On success, project frozen: editing disabled everywhere, banner appears at top of workspace ('Project X is inactive — cannot be edited until reactivated'). Project can be marked Active again via same menu. Banner shows 'Reactivate' button (project_lead+ only). Non-authorized users see read-only banner without button. isActive=false persists on project record.","src/hooks/useProjectLifecycle.ts:34-77; src/components/InactiveProjectBanner.tsx:51-83; src/lib/sync/cloud-projects.ts:271-286; src/components/org/ProjectOverview.tsx:250-254,348-355,414-420","none (SWARM-TODO: AQU-214 banner not mounted in editor workspace yet)","Implemented","Untested","","Requires project_lead+ role (level >= 500). Optimistic update on toggle (UI responds immediately). isActive absent/true = active (backward compat). WorkspaceEditor integration pending (AQU-214 SWARM-TODO comment in InactiveProjectBanner.tsx).","Project lead / org admin","View: viewer(100); create/archive/delete project: project_lead(500)+/owner(700)","https://docs.aquilla.app/media/projects-dashboard/projects-dashboard.mp4","00:00","recorded"
"PDL-12","Projects Dashboard & Lifecycle","Assign work to team member","As a manager, I want to assign a specific book or chapter to a team member with a deadline, so that my team knows what to work on.","Project overview → Team card → 'Assign…' button. Expands into form: (1) member dropdown (fetched from org), (2) book/file dropdown, (3) chapter dropdown (loaded from file's chapters via canonical_ref LIKE matching), (4) optional deadline date picker, (5) Assign button. Submit creates assignment via POST (createAssignment). On success, shows success message 'Assigned [scope] to [username].' and refreshes workload display. On error, shows error message. Cancel button collapses form. Team card shows open assignments per member + completion %.","src/components/org/AssignWork.tsx:32-199; src/lib/sync/assignments.ts (createAssignment, getFileChapters, getMyAssignmentsForOrg)","e2e/specs/projects/project-overview-assign-work.smoke.spec.ts, project-overview-assign-work-submit.smoke.spec.ts","Implemented","Untested","","Requires project_lead+ role (level >= 500). Assignment scope can be: 'books' (whole file) or 'chapters' (specific chapter). Chapters fetched server-side and matched by canonical_ref prefix. Deadline optional (null when empty). Form renders only if project has files and is not archived.","Project lead / org admin","View: viewer(100); create/archive/delete project: project_lead(500)+/owner(700)","https://docs.aquilla.app/media/projects-dashboard/projects-dashboard.mp4","00:00","recorded"
"PDL-13","Projects Dashboard & Lifecycle","View team workload on project overview","As a manager, I want to see which team members have assignments and their progress, so that I can monitor task completion.","Project overview → Team card. Shows list of members with open assignments. For each: username (truncated with tooltip), progress bar (cells done / cells total), completion %, open assignment count. Members with no open assignments not listed. Empty state: 'No open assignments in this project yet.' Clicking on a member's row does not navigate (static display). Fetched via getProjectAssignments(jwt, projectId) on component mount.","src/components/org/ProjectOverview.tsx:200,225-230,641-678","none (indirectly covered by assign-work specs)","Implemented","Untested","","getProjectAssignments returns AssigneeWorkload[] with userId, username, cellsTotal, cellsDone, openAssignments. Progress calculated client-side (cellsDone / cellsTotal). Requires project_lead+ to see assignments.","Project lead / org admin","View: viewer(100); create/archive/delete project: project_lead(500)+/owner(700)","https://docs.aquilla.app/media/projects-dashboard/projects-dashboard.mp4","00:00","recorded"
"PDL-14","Projects Dashboard & Lifecycle","View members & manage access (project overview)","As a manager, I want to add/remove project members and change roles from the overview, so that I don't need to open the full project to manage access.","Project overview → Members card (maintainer+ only, not shown if archived). Renders MembersTab component inline (same UI as full members page). Shows: member list with role badges, add member button, remove/role-change controls. Adding member invites via email or @username. Changes apply immediately (no modal—direct edit). Same access rules as in-project members page.","src/components/org/ProjectOverview.tsx:683-688; src/components/ProjectMembersPage (imported)","e2e/specs/projects/members-matrix.smoke.spec.ts","Implemented","Untested","","MembersTab is reused component from full project members page. Conditionally rendered: canManage (level >= 600) && !isArchived. Card data-testid='overview-members-card' for testing.","Project lead / owner","Manage members/invites: project_lead(500); role changes: maintainer/owner(≥600); link role capped at contributor(400)","https://docs.aquilla.app/media/projects-dashboard/projects-dashboard.mp4","00:00","recorded"
"PDL-15","Projects Dashboard & Lifecycle","Download project bundle (export)","As a manager, I want to export a completed project's data, so that I can deliver it to stakeholders or archive it externally.","Project overview → overflow menu (⋯) → 'Download deliverable'. Calls downloadProjectBundle(projectId, projectName, jwt, fileId). User's browser receives a ZIP file containing project data. Success: file downloaded silently. Error: message displayed ('This project has no files to export yet.' if no files; or network error message).","src/components/org/ProjectOverview.tsx:287-303,406-412; src/lib/sync/export-bundle.ts (downloadProjectBundle)","none (download tested implicitly; export format coverage in e2e/specs/editor/export.smoke.spec.ts for editor exports, not overview)","Implemented","Untested","","Requires maintainer+ role. Button disabled if project has no files. Calls downloadProjectBundle() which handles the actual export. No explicit test for overview export; export format tests cover editor-initiated exports.","Project lead / org admin","View: viewer(100); create/archive/delete project: project_lead(500)+/owner(700)","https://docs.aquilla.app/media/projects-dashboard/projects-dashboard.mp4","00:00","recorded"
"PDL-16","Projects Dashboard & Lifecycle","Pending invitations inbox","As a user, I want to see invitations I've received but haven't accepted yet, so that I can discover and join projects even if emails were missed.","Dashboard (OrgHome) → 'Pending invitations' section. Shows invites addressed to logged-in user's email. Each invite displays: project name(s), inviter, role, expiration date (if set). 'Review & accept' link navigates to /join/:token. Section hidden if no pending invites (AQU-326). Fetched server-side via listMyPendingInvites(jwt).","src/components/org/OrgHome.tsx:172-173,276-284,426-451; src/lib/sync/invites.ts (listMyPendingInvites)","e2e/specs/orgs/pending-invite-inbox-external-revoke.smoke.spec.ts","Implemented","Untested","","AQU-326 feature: unredeemed invites surfaced client-side so missing emails don't make invites undiscoverable. Org-independent (matched by email). Expires at field optional.","Project lead / owner","Manage members/invites: project_lead(500); role changes: maintainer/owner(≥600); link role capped at contributor(400)","https://docs.aquilla.app/media/projects-dashboard/projects-dashboard.mp4","00:00","recorded"
"PDL-17","Projects Dashboard & Lifecycle","Cross-org shared projects (Shared with you section)","As a user invited to a project from an external org, I want to see that project in my dashboard, so that I can access it even though I'm not a member of the org.","Dashboard → 'Shared with you' section (if user has projects from orgs they don't belong to). Lists projects shared via invite link or bulk-add grants. Each row: project name, role. Clicking navigates to /projects/:id. Section hidden if no shared projects (AQU-335). Fetched via fetchAccessibleProjects(jwt) and partitioned client-side using partitionSharedProjects().","src/components/org/OrgHome.tsx:169-170,267-274,330,879-898; src/lib/frontier/shared-projects.ts (partitionSharedProjects)","e2e/specs/projects/invite-accept-dashboard-visibility.smoke.spec.ts (AQU-335)","Implemented","Untested","","AQU-335 feature: projects granted outside normal org membership (magic-link invite, bulk-add) were URL-accessible but unreachable from nav. Now surfaced in 'Shared with you' section. Both OrgHome and ProjectsList components handle this partition.","Project lead / owner","Manage members/invites: project_lead(500); role changes: maintainer/owner(≥600); link role capped at contributor(400)","https://docs.aquilla.app/media/projects-dashboard/projects-dashboard.mp4","00:00","recorded"
"PDL-18","Projects Dashboard & Lifecycle","Assigned to me (inbox view)","As a translator, I want to see all my open assignments in one place, so that I can quickly find and start work.","Navigate to /assigned-to-me (via sidebar). Shows assignments across all projects in active org. Each row displays: scope label (e.g., 'GEN 1' or filename), project name, deadline (if set), progress bar (cells done / total), completion %. Clicking row navigates to project editor. Empty state: 'You have no open assignments.' Fetched via getMyAssignmentsForOrg(jwt, orgId) on mount.","src/components/org/AssignedToMe.tsx:16-102; src/lib/sync/assignments.ts (getMyAssignmentsForOrg)","e2e/specs/orgs/assigned-to-me-page.smoke.spec.ts, assigned.smoke.spec.ts","Implemented","Untested","","Org-scoped (single org at a time). Server-side aggregation (one request for all assignments, not N per project). Assignment scope can be book (whole file) or chapter range.","Project lead / org admin","View: viewer(100); create/archive/delete project: project_lead(500)+/owner(700)","https://docs.aquilla.app/media/projects-dashboard/projects-dashboard.mp4","00:00","recorded"
"PDL-19","Projects Dashboard & Lifecycle","Project card role badge","As a user, I want to see my role in each project, so that I know what permissions I have.","Dashboard project rows display role badge (small pill) with role name (e.g., 'Reviewer', 'Translator', 'Project Lead'). Badge styling consistent across cards. Role fetched from project's role.name field (from server).","src/components/org/OrgHome.tsx:662-666,834-837; src/components/org/ProjectsList.tsx:126-162","e2e/specs/projects/project-card-role-badge.smoke.spec.ts","Implemented","Untested","","Role.name returned by server; no local transformation. Shown on all project cards (active list, shared list, etc.).","Project lead / org admin","View: viewer(100); create/archive/delete project: project_lead(500)+/owner(700)","https://docs.aquilla.app/media/projects-dashboard/projects-dashboard.mp4","00:00","recorded"
"PDL-20","Projects Dashboard & Lifecycle","Orgs list view (All Organizations)","As a user, I want to see all organizations I belong to with their project stats, so that I can quickly compare org productivity.","OrgHome.tsx when isAllOrgs=true. Grid of org cards showing: org name (with 'Workspace' fallback), role, project count, avg translation %, avg validation %. Summary stats above: total org count, total project count, avg translated/validated/audio %, stalled/overdue counts. Filter box narrows org list by name. Clicking org card navigates to that org's overview (/projects?org=N). Empty state: 'No organizations yet.'","src/components/org/OrgHome.tsx:313,332-350,452-536; src/context/OrgContext.tsx (isAllOrgs, setActiveOrg)","e2e/specs/projects/org-overview.smoke.spec.ts","Implemented","Untested","","isAllOrgs determined by org context (all orgs view vs. single org). Fetches all orgs' portfolios in parallel via getPortfolios(). Role label reformatted (replace underscores with spaces).","Project lead / org admin","View: viewer(100); create/archive/delete project: project_lead(500)+/owner(700)","https://docs.aquilla.app/media/projects-dashboard/projects-dashboard.mp4","00:00","recorded"
"PDL-21","Projects Dashboard & Lifecycle","All projects list (cross-org view)","As a power user, I want to see all projects across all orgs in one view with sorting options, so that I can stay aware of cross-org progress.","OrgHome.tsx when isAllOrgs=true. Projects section shows all projects from all orgs with view lens buttons (Recently updated / Needs attention / Overdue / Least translated). Each project displays: name, org badge (if in multi-org view), role badge, status, progress bars. Can filter by name, status (All/Stalled/Overdue), and sort lens. org badge shown for all-orgs view but hidden for single-org view.","src/components/org/OrgHome.tsx:343-702; src/lib/frontier/portfolio.ts (attentionRank for 'Needs attention' lens)","e2e/specs/projects/org-overview.smoke.spec.ts","Implemented","Untested","","getPortfolios() returns array of {orgId, projects} tuples. Projects flattened and enriched with orgId + orgName. 'Needs attention' lens uses attentionRank() to sort by deadline urgency + translation progress.","Project lead / org admin","View: viewer(100); create/archive/delete project: project_lead(500)+/owner(700)","https://docs.aquilla.app/media/projects-dashboard/projects-dashboard.mp4","00:00","recorded"
"PDL-22","Projects Dashboard & Lifecycle","Inactive project indicator","As a user, I want to see which projects are inactive/frozen, so that I know they cannot be edited.","Project overview header displays 'Inactive' badge next to title (if isActive=false). Badge styling: amber background (warning color). Banner appears at top of workspace page (InactiveProjectBanner component) stating project cannot be edited. Reactivate button shown to project_lead+ users. Read-only message shown to non-managers.","src/components/org/ProjectOverview.tsx:372-379; src/components/InactiveProjectBanner.tsx","none (banner mount in workspace workspace pending—AQU-214 SWARM-TODO)","Implemented","Untested","","Badge shown only if !isArchived && isFrozen. Banner integration in editor workspace not yet implemented. Stored as isActive=false on project record.","Project lead / org admin","View: viewer(100); create/archive/delete project: project_lead(500)+/owner(700)","https://docs.aquilla.app/media/projects-dashboard/projects-dashboard.mp4","00:00","recorded"
"PDL-23","Projects Dashboard & Lifecycle","Archived project indicator","As a user, I want to see which projects are archived, so that I know they are no longer active.","Project overview header displays 'Archived' badge next to title (if deletedAt is set). Badge styling: muted/secondary. Archived projects not listed on active project list (/projects), but appear on /projects/archived. Open project button and most actions hidden when archived. Only restore action available (to owners).","src/components/org/ProjectOverview.tsx:369-371,394-401; src/lib/sync/cloud-projects.ts (minimalProjectRecord sets deletedAt + deletedBy)","e2e/specs/projects/archive.smoke.spec.ts","Implemented","Untested","","Archived status derived from project.deletedAt field. Server returns archivedAt + archivedBy metadata. deletedBy username displayed in trash UI (not currently shown on overview, but fetched from server).","Project lead / org admin","View: viewer(100); create/archive/delete project: project_lead(500)+/owner(700)","https://docs.aquilla.app/media/projects-dashboard/projects-dashboard.mp4","00:00","recorded"
"PDL-24","Projects Dashboard & Lifecycle","Project progress bars (overview detail card)","As a manager, I want to see detailed progress metrics (translated cells, validated cells, audio cells) for a project, so that I can understand translation and validation status.","Project overview → Progress card (shown if project.totalCells > 0). Displays: (1) big-number tiles showing % complete for Translated, AI Drafted (if any), Validated, Audio (if any). Each tile colored (amber/violet/emerald/sky). (2) Detail bars below showing actual cell counts (e.g., '42/100 cells translated'). Metrics sourced from portfolio data (filledCells, validatedCells, aiDraftedCells, audioCells). Tooltips on tiles explain AI Drafted = drafted but not human-edited/validated.","src/components/org/ProjectOverview.tsx:440-515; src/lib/frontier/portfolio.ts (translatedPct, validatedPct, aiDraftedPct, audioPct)","none (progress display covered indirectly; specific tile/bar tests not found)","Implemented","Untested","","AI Drafted tile shown only if aiDraftedCells > 0. Audio tile shown only if audioCells > 0. Progress card hidden if totalCells=0 (no content). StatTile and StatBar are internal components. Percentages rounded to nearest integer.","Project lead / org admin","View: viewer(100); create/archive/delete project: project_lead(500)+/owner(700)","https://docs.aquilla.app/media/projects-dashboard/projects-dashboard.mp4","00:00","recorded"
"PDL-25","Projects Dashboard & Lifecycle","Per-file progress rows (overview detail card)","As a manager, I want to see progress per file/book, so that I can identify files lagging behind others.","Project overview → Files card. Shows top N files (FILE_ROW_CAP=12) sorted by cell count descending. Each row: filename, mini progress bars (translated, validated), cell counts, word count. '+N more' toggle shows/hides remaining files. Fetched via fetchProjectFiles() on component mount. Tooltips on filename and cell count for clarity.","src/components/org/ProjectOverview.tsx:232-242,517-574","e2e/specs/projects/project-overview-file-stats.smoke.spec.ts","Implemented","Untested","","FILE_ROW_CAP = 12 (configurable). Files sorted server-side by cell count. Requires first file ID to fetch via fetchSyncToken() → fetchProjectFiles(). Word count shown for context.","Project lead / org admin","View: viewer(100); create/archive/delete project: project_lead(500)+/owner(700)","https://docs.aquilla.app/media/projects-dashboard/projects-dashboard.mp4","00:00","recorded"
"PDL-26","Projects Dashboard & Lifecycle","Overflow menu (project actions)","As a manager, I want quick access to project actions (archive, download, lifecycle), so that I don't clutter the main UI.","Project overview header → '⋯' (three-dot) button. Opens dropdown menu with: 'Download deliverable' (maintainer+), 'Mark as Inactive/Active' (project_lead+), 'Archive' (owner only, shown in danger color). Menu closes on outside click. Buttons disabled if action in progress (busy state) or permission missing.","src/components/org/ProjectOverview.tsx:135-181,404-432","e2e/specs/projects/project-overview-overflow-menu.smoke.spec.ts","Implemented","Untested","","Rendered only if canManage || isOwner || canToggleLifecycle. Archive option shown in muted-foreground with hover:text-destructive for visual emphasis. Menu self-closes on Escape (not implemented—relies on click-outside detection).","Project lead / org admin","View: viewer(100); create/archive/delete project: project_lead(500)+/owner(700)","https://docs.aquilla.app/media/projects-dashboard/projects-dashboard.mp4","00:00","recorded"
"PO-01","Project Overview","Display project name and metadata","As a project manager, I want to see the project name, language pair (source → target), and file count at a glance, so that I can quickly identify which project I'm looking at","The overview page header displays h1 with project name, language pair (e.g. 'Greek → Bambara'), and count of files in the project. All three pieces of information are visible on page load.","src/components/org/ProjectOverview.tsx:366; src/components/org/ProjectOverview.tsx:382-385","e2e/specs/projects/project-overview.smoke.spec.ts","Implemented","Untested","","","Project manager / owner (oversight)","Read all panels: viewer(100); manage/configure panels: project_lead(500)+","https://docs.aquilla.app/media/overview-read-progress/overview-read-progress.mp4","00:00","recorded"
"PO-02","Project Overview","Display project status chip","As a project manager, I want to see at-a-glance project status (On track / Due soon / Overdue) based on deadline, so that I can prioritize which projects need attention","A colored badge appears next to the project title showing 'On track' (green, deadline > 7 days), 'Due soon' (amber, deadline 0-7 days), or 'Overdue' (red, deadline in past). No badge appears if no deadline is set (no-deadline state).","src/components/org/ProjectOverview.tsx:38-49; src/components/org/ProjectOverview.tsx:51-64; src/components/org/ProjectOverview.tsx:264; src/components/org/ProjectOverview.tsx:368","e2e/specs/projects/project-status-chip.smoke.spec.ts","Implemented","Untested","","Status derived from deadlineStatus() function; only renders for on-track/due-soon/overdue states","Project manager / owner (oversight)","Read all panels: viewer(100); manage/configure panels: project_lead(500)+","https://docs.aquilla.app/media/overview-read-progress/overview-read-progress.mp4","00:00","recorded"
"PO-03","Project Overview","Display archived badge","As a project manager, I want to see immediately if a project is archived, so that I know it is not currently active","A secondary 'Archived' badge appears next to the project name when the project has a deletedAt timestamp (isArchived = Boolean(project?.deletedAt))","src/components/org/ProjectOverview.tsx:248; src/components/org/ProjectOverview.tsx:369-371","e2e/specs/projects/archive.smoke.spec.ts","Implemented","Untested","","Badge only visible for archived projects; mutually exclusive with Inactive badge","Project manager / owner (oversight)","Read all panels: viewer(100); manage/configure panels: project_lead(500)+","https://docs.aquilla.app/media/overview-read-progress/overview-read-progress.mp4","00:00","recorded"
"PO-04","Project Overview","Display inactive badge","As a project manager, I want to see when a project is marked as inactive/frozen, so that I know it cannot be edited","An amber 'Inactive' badge appears next to the project name when the project is frozen (!isFrozen = false in useProjectLifecycle). Only renders when project is not archived.","src/components/org/ProjectOverview.tsx:250-254; src/components/org/ProjectOverview.tsx:372-379","none","Implemented","Untested","","Lifecycle state managed by useProjectLifecycle hook; data-testid='overview-inactive-badge'; requires isActive=false from server","Project manager / owner (oversight)","Read all panels: viewer(100); manage/configure panels: project_lead(500)+","https://docs.aquilla.app/media/overview-read-progress/overview-read-progress.mp4","00:00","recorded"
"PO-05","Project Overview","Open project button","As a translator, I want to open the project editor workspace from the overview, so that I can start translating","A primary 'Open project' button navigates to /project/:id when clicked. Button is always visible in the header.","src/components/org/ProjectOverview.tsx:388-393","e2e/specs/projects/project-overview.smoke.spec.ts","Implemented","Untested","","","Project manager / owner (oversight)","Read all panels: viewer(100); manage/configure panels: project_lead(500)+","https://docs.aquilla.app/media/project-tour/project-tour.mp4","00:01","recorded"
"PO-06","Project Overview","Restore archived project","As a project owner, I want to restore an archived project, so that I can resume work on it","When project is archived and caller is owner, a 'Restore' button appears. Clicking it calls unarchiveProjectRemote(), then refresh(). On success, the button disappears and project is restored. On error (e.g. forbidden), an error message is displayed.","src/components/org/ProjectOverview.tsx:244; src/components/org/ProjectOverview.tsx:320-333; src/components/org/ProjectOverview.tsx:394-402","e2e/specs/projects/archive.smoke.spec.ts","Implemented","Untested","","Only visible to project owners (syncRole.level >= 700); only renders when isArchived=true","Project manager / owner (oversight)","Read all panels: viewer(100); manage/configure panels: project_lead(500)+","https://docs.aquilla.app/media/overview-read-progress/overview-read-progress.mp4","00:00","recorded"
"PO-07","Project Overview","Download deliverable","As a project manager, I want to download a bundle of the translated project files, so that I can share the deliverable with stakeholders","An overflow menu item 'Download deliverable' is available to maintainers+. It is disabled when the project has no files. Clicking triggers downloadProjectBundle(), which downloads a zip archive. On error, an error message is displayed.","src/components/org/ProjectOverview.tsx:245; src/components/org/ProjectOverview.tsx:287-303; src/components/org/ProjectOverview.tsx:406-412","e2e/specs/projects/project-overview-overflow-menu.smoke.spec.ts","Implemented","Untested","","In overflow menu (⋯ button); disabled when project.files.length === 0; requires canManage role","Project manager / owner (oversight)","Read all panels: viewer(100); manage/configure panels: project_lead(500)+","https://docs.aquilla.app/media/overview-read-progress/overview-read-progress.mp4","00:00","recorded"
"PO-08","Project Overview","Toggle project lifecycle (Mark as Active / Inactive)","As a project manager, I want to freeze a project to prevent edits, or reactivate it later, so that I can control when work is allowed","An overflow menu item 'Mark as Inactive' (or 'Mark as Active' if already inactive) is available to project_lead+. Clicking toggles isFrozen state via useProjectLifecycle.toggle(jwt). The button shows 'Reactivating…' while busy. On success, the page refreshes to reflect the new lifecycle state.","src/components/org/ProjectOverview.tsx:247; src/components/org/ProjectOverview.tsx:250-254; src/components/org/ProjectOverview.tsx:256-262; src/components/org/ProjectOverview.tsx:414-421","none","Implemented","Untested","","Requires canToggleLifecycle role (syncRole.level >= 500); only visible when project is not archived; text changes based on isFrozen state","Project manager / owner (oversight)","Read all panels: viewer(100); manage/configure panels: project_lead(500)+","https://docs.aquilla.app/media/overview-read-progress/overview-read-progress.mp4","00:00","recorded"
"PO-09","Project Overview","Archive project","As a project owner, I want to archive a project to move it to trash, so that I can clean up completed or cancelled projects","An overflow menu item 'Archive' (danger/destructive styling) is available only to owners. Clicking calls archiveProjectRemote(id, jwt). On success, navigates to /projects (active list). On forbidden, shows error message. On error, shows error message.","src/components/org/ProjectOverview.tsx:244; src/components/org/ProjectOverview.tsx:305-318; src/components/org/ProjectOverview.tsx:422-430","e2e/specs/projects/archive.smoke.spec.ts","Implemented","Untested","","Only visible to project owners (syncRole.level >= 700); only rendered when !isArchived; styled as destructive action","Project lead / owner","Lifecycle ops: project_lead(500)+ / owner(700)","https://docs.aquilla.app/media/overview-read-progress/overview-read-progress.mp4","00:00","recorded"
"PO-10","Project Overview","Display inactive project banner","As a project member, I want to see a prominent warning that the project is frozen, so that I understand why I cannot edit","When a project is frozen (isFrozen=true from useProjectLifecycle), a full-width amber banner appears at the top of the page with an alert icon and message: '[ProjectName] is inactive — it cannot be edited until reactivated.' Project managers see a 'Reactivate' button; non-managers see read-only message.","src/components/org/ProjectOverview.tsx:348-355; src/components/InactiveProjectBanner.tsx:51-83","none","Implemented","Untested","","data-testid='inactive-project-banner'; only renders when isFrozen && status === 'ready' && project exists; reactivate button only shown to canToggleLifecycle users","Project manager / owner (oversight)","Read all panels: viewer(100); manage/configure panels: project_lead(500)+","https://docs.aquilla.app/media/overview-read-progress/overview-read-progress.mp4","00:00","recorded"
"PO-11","Project Overview","Display progress section header","As a project manager, I want to see a 'Progress' section, so that I can monitor translation completion","A 'Progress' card header with uppercase text 'Progress' is displayed when the project has cells (audio.totalCells > 0). The card is hidden for empty projects.","src/components/org/ProjectOverview.tsx:440-442","e2e/specs/projects/project-overview-file-stats.smoke.spec.ts","Implemented","Untested","","Conditional: only renders when audio.totalCells > 0","Project manager / owner (oversight)","Read all panels: viewer(100); manage/configure panels: project_lead(500)+","https://docs.aquilla.app/media/overview-read-progress/overview-read-progress.mp4","00:06","recorded"
"PO-12","Project Overview","Display translation progress percentage","As a project manager, I want to see what percentage of cells have been translated, so that I can assess project progress","A stat tile labeled 'Translated' displays the rounded percentage (Math.round(pct * 100))% in amber text. The percentage is calculated via translatedPct(audio) (filledCells / totalCells).","src/components/org/ProjectOverview.tsx:447-448; src/lib/frontier/portfolio.ts:55-61","e2e/specs/projects/project-overview-file-stats.smoke.spec.ts","Implemented","Untested","","Shown as large percentage tile; color is amber-600; only visible when showText=true","Project manager / owner (oversight)","Read all panels: viewer(100); manage/configure panels: project_lead(500)+","https://docs.aquilla.app/media/overview-read-progress/overview-read-progress.mp4","00:06","recorded"
"PO-13","Project Overview","Display AI-drafted progress percentage","As a project manager, I want to track cells that were auto-generated by AI, so that I can distinguish them from human translations","A stat tile labeled 'AI Drafted' displays the rounded percentage in violet text, with a tooltip explaining: 'Cells drafted by AI (via ""Translate all"") that have not yet been human-edited or validated. Only shown when audio.aiDraftedCells > 0.'","src/components/org/ProjectOverview.tsx:449-456","none","Implemented","Untested","","Conditional: only renders when audio.aiDraftedCells > 0; includes tooltip explaining tracking scope","Project manager / owner (oversight)","Read all panels: viewer(100); manage/configure panels: project_lead(500)+","https://docs.aquilla.app/media/overview-read-progress/overview-read-progress.mp4","00:00","recorded"
"PO-14","Project Overview","Display validation progress percentage","As a project manager, I want to see what percentage of cells have been validated, so that I can assess review completion","A stat tile labeled 'Validated' displays the rounded percentage in emerald text. Calculated via validatedPct(audio) (validatedCells / totalCells).","src/components/org/ProjectOverview.tsx:457; src/lib/frontier/portfolio.ts:50-54","e2e/specs/projects/project-overview-file-stats.smoke.spec.ts","Implemented","Untested","","Shown as large percentage tile; color is emerald-600; only visible when showText=true","Project manager / owner (oversight)","Read all panels: viewer(100); manage/configure panels: project_lead(500)+","https://docs.aquilla.app/media/overview-read-progress/overview-read-progress.mp4","00:06","recorded"
"PO-15","Project Overview","Display audio progress percentage","As a project manager, I want to see what percentage of cells have audio recordings, so that I can track audio coverage","A stat tile labeled 'Audio' displays the rounded percentage in sky text. Calculated via audioPct(audio). Only shown when project has audio cells (hasAudio=true).","src/components/org/ProjectOverview.tsx:460-461; src/lib/frontier/portfolio.ts:68-72","none","Implemented","Untested","","Conditional: only renders when showAudio=true (audio.audioCells > 0); color is sky-600; includes TODO comment about approval metric (AQU-168)","Project manager / owner (oversight)","Read all panels: viewer(100); manage/configure panels: project_lead(500)+","https://docs.aquilla.app/media/overview-read-progress/overview-read-progress.mp4","00:00","recorded"
"PO-16","Project Overview","Display translation detail bar","As a project manager, I want to see the exact count of translated cells vs total, so that I can understand the absolute progress","A horizontal bar displays 'Translated' label, a filled amber progress bar, and stats showing '{filledCells}/{totalCells} cells'. The percentage fill is calculated as (filledCells / totalCells) * 100.","src/components/org/ProjectOverview.tsx:470-476; src/components/org/ProjectOverview.tsx:92-116","e2e/specs/projects/project-overview-file-stats.smoke.spec.ts","Implemented","Untested","","StatBar component; suffix ' cells' appended; only visible when showText=true","Project manager / owner (oversight)","Read all panels: viewer(100); manage/configure panels: project_lead(500)+","https://docs.aquilla.app/media/overview-read-progress/overview-read-progress.mp4","00:00","recorded"
"PO-17","Project Overview","Display AI-drafted detail bar","As a project manager, I want to see the exact count of AI-drafted cells, so that I can track the volume of AI suggestions","A horizontal bar displays 'AI Drafted' label, a filled violet progress bar, and stats showing '{aiDraftedCells}/{totalCells} cells'. Only shown when audio.aiDraftedCells > 0.","src/components/org/ProjectOverview.tsx:477-484","none","Implemented","Untested","","Conditional: only renders when audio.aiDraftedCells > 0; suffix ' cells' appended","Project manager / owner (oversight)","Read all panels: viewer(100); manage/configure panels: project_lead(500)+","https://docs.aquilla.app/media/overview-read-progress/overview-read-progress.mp4","00:00","recorded"
"PO-18","Project Overview","Display validation detail bar","As a project manager, I want to see the exact count of validated cells vs total, so that I can understand validation coverage","A horizontal bar displays 'Validated' label, a filled emerald progress bar, and stats showing '{validatedCells}/{totalCells} cells'.","src/components/org/ProjectOverview.tsx:486-492","e2e/specs/projects/project-overview-file-stats.smoke.spec.ts","Implemented","Untested","","StatBar component; suffix ' cells' appended; only visible when showText=true","Project manager / owner (oversight)","Read all panels: viewer(100); manage/configure panels: project_lead(500)+","https://docs.aquilla.app/media/overview-read-progress/overview-read-progress.mp4","00:00","recorded"
"PO-19","Project Overview","Display audio detail bar","As a project manager, I want to see the exact count of cells with audio vs total, so that I can understand audio coverage","A horizontal bar displays 'Audio' label, a filled sky progress bar, and stats showing '{audioCells}/{totalCells} cells'. Only shown when audio cells exist (showAudio=true).","src/components/org/ProjectOverview.tsx:497-503","none","Implemented","Untested","","Conditional: only renders when showAudio=true; suffix ' cells' appended; includes TODO about GitLab import compatibility (AQU-160)","Project manager / owner (oversight)","Read all panels: viewer(100); manage/configure panels: project_lead(500)+","https://docs.aquilla.app/media/overview-read-progress/overview-read-progress.mp4","00:00","recorded"
"PO-20","Project Overview","Display audio recording duration","As a project manager, I want to know how many minutes of audio have been recorded, so that I can assess audio volume","A small text line shows '{recordedMinutes(audio)} min recorded · {percentage}% of cells have audio' when audio.recordedMs > 0.","src/components/org/ProjectOverview.tsx:508-513","none","Implemented","Untested","","Conditional: only renders when audio.recordedMs > 0; text is small and muted","Project manager / owner (oversight)","Read all panels: viewer(100); manage/configure panels: project_lead(500)+","https://docs.aquilla.app/media/overview-read-progress/overview-read-progress.mp4","00:00","recorded"
"PO-21","Project Overview","Display per-file progress list","As a project manager, I want to see progress by file, so that I can identify which files need attention","A card titled 'Files (top N of M)' lists files sorted by cell count (largest first). Each row shows file name, dual mini-bars (amber for translated, emerald for validated), and stats '{filledCount}/{approvedCount}/{cellCount} · {wordCount}w'. If more than FILE_ROW_CAP (12) files exist, a '+N more files' button expands the full list.","src/components/org/ProjectOverview.tsx:518-574; src/components/org/ProjectOverview.tsx:24","e2e/specs/projects/project-overview-file-stats.smoke.spec.ts","Implemented","Untested","","Loaded via fetchProjectFiles(); sorted by cellCount descending; cap of 12 rows by default; expandable","Project manager / owner (oversight)","Read all panels: viewer(100); manage/configure panels: project_lead(500)+","https://docs.aquilla.app/media/overview-read-progress/overview-read-progress.mp4","00:00","recorded"
"PO-22","Project Overview","Expand / collapse per-file list","As a project manager, I want to toggle between viewing top files and all files, so that I can manage the view size","When files exceed FILE_ROW_CAP (12), a 'Show all' button appears. Clicking toggles showAllFiles state, expanding the list or collapsing back to top 12. Button text changes to 'Show fewer'.","src/components/org/ProjectOverview.tsx:556-572; src/components/org/ProjectOverview.tsx:199","none","Implemented","Untested","","Toggles showAllFiles state; button text and visibility updated conditionally","Project manager / owner (oversight)","Read all panels: viewer(100); manage/configure panels: project_lead(500)+","https://docs.aquilla.app/media/overview-read-progress/overview-read-progress.mp4","00:00","recorded"
"PO-23","Project Overview","Display deadline card","As a project manager, I want to see and manage the project deadline, so that I can track and communicate the due date","A 'Deadline' card displays the current deadline date (if set) with a status badge (On track / Due soon / Overdue). If no deadline, 'No deadline set' is shown. Managers can 'Set deadline', 'Change', or 'Clear' the deadline.","src/components/org/ProjectOverview.tsx:577-636","e2e/specs/projects/project-deadline.smoke.spec.ts","Implemented","Untested","","Conditional rendering: editing mode shows date input; display mode shows date + status chip","Project manager / owner (oversight)","Read all panels: viewer(100); manage/configure panels: project_lead(500)+","https://docs.aquilla.app/media/overview-read-progress/overview-read-progress.mp4","00:00","recorded"
"PO-24","Project Overview","Set project deadline","As a project manager, I want to set a deadline for the project, so that I can establish a target completion date","Clicking 'Set deadline' opens a date input (aria-label='Project deadline'). User selects a date and clicks 'Save'. The function saveDeadline(value) calls setProjectDeadline(jwt, id, value), then refreshes the overview. On error, an error message appears.","src/components/org/ProjectOverview.tsx:272-285; src/components/org/ProjectOverview.tsx:614-622","e2e/specs/projects/project-deadline.smoke.spec.ts","Implemented","Untested","","Only available to canManage role; Save button disabled until date is entered","Project manager / owner (oversight)","Read all panels: viewer(100); manage/configure panels: project_lead(500)+","https://docs.aquilla.app/media/overview-read-progress/overview-read-progress.mp4","00:00","recorded"
"PO-25","Project Overview","Change project deadline","As a project manager, I want to update an existing deadline, so that I can adjust the target completion date","When a deadline is already set, a 'Change' button appears. Clicking opens the date input pre-filled with the current deadline. User edits and saves via the same Save/Cancel flow.","src/components/org/ProjectOverview.tsx:616-622","e2e/specs/projects/project-deadline.smoke.spec.ts","Implemented","Untested","","Only visible when audio?.deadlineAt exists; uses same saveDeadline() handler","Project manager / owner (oversight)","Read all panels: viewer(100); manage/configure panels: project_lead(500)+","https://docs.aquilla.app/media/overview-read-progress/overview-read-progress.mp4","00:00","recorded"
"PO-26","Project Overview","Clear project deadline","As a project manager, I want to remove a deadline, so that I can indicate the project has no fixed due date","When a deadline is set, a 'Clear' button appears. Clicking calls saveDeadline(null), which persists a null deadline. The overview then shows 'No deadline set' again.","src/components/org/ProjectOverview.tsx:623-631","e2e/specs/projects/project-deadline.smoke.spec.ts","Implemented","Untested","","Only visible when audio?.deadlineAt exists; calls saveDeadline(null)","Project manager / owner (oversight)","Read all panels: viewer(100); manage/configure panels: project_lead(500)+","https://docs.aquilla.app/media/overview-read-progress/overview-read-progress.mp4","00:00","recorded"
"PO-27","Project Overview","Display deadline status badge","As a project manager, I want to quickly see the deadline status, so that I know if the project is on track, due soon, or overdue","Next to the deadline date, a DeadlineChip badge displays 'On track' (green), 'Due soon' (amber), or 'Overdue' (red) based on deadlineStatus(audio, now). Badge is hidden if no deadline (dstatus=null).","src/components/org/ProjectOverview.tsx:263; src/components/org/ProjectOverview.tsx:68-76; src/components/org/ProjectOverview.tsx:605-610","e2e/specs/projects/project-deadline.smoke.spec.ts","Implemented","Untested","","","Project manager / owner (oversight)","Read all panels: viewer(100); manage/configure panels: project_lead(500)+","https://docs.aquilla.app/media/overview-read-progress/overview-read-progress.mp4","00:00","recorded"
"PO-28","Project Overview","Display team workload card","As a project manager, I want to see each team member's workload, so that I can understand who is doing what and track progress","A 'Team' card displays a list of members with open assignments, showing: username, a progress bar (blue fill), and '{openAssignments} open · {donePct}%'. If no assignments exist, 'No open assignments in this project yet.' is shown.","src/components/org/ProjectOverview.tsx:638-678","none","Implemented","Untested","","Data loaded via getProjectAssignments(jwt, id); displays AssigneeWorkload[] items; progress bar colored primary","Project manager / owner (oversight)","Read all panels: viewer(100); manage/configure panels: project_lead(500)+","https://docs.aquilla.app/media/overview-read-progress/overview-read-progress.mp4","00:00","recorded"
"PO-29","Project Overview","Assign work to team member","As a project manager, I want to assign specific files or chapters to a team member, so that I can distribute work and track individual progress","An 'Assign…' button (collapsed) in the Team card opens an inline form (role='group' aria-label='Assign work') when clicked. The form shows: Assignee select, Book (file) select, Chapter select (optional, defaults to 'Whole book'), Deadline input (optional), Assign and Cancel buttons. Clicking Assign calls createAssignment(), shows success message, then collapses the form. Cancel collapses without saving.","src/components/org/ProjectOverview.tsx:666-677; src/components/org/AssignWork.tsx:32-199","e2e/specs/projects/project-overview-assign-work.smoke.spec.ts","Implemented","Untested","","Only shown to canAssign role (syncRole.level >= 500); only when !isArchived and project has files; requires member in org to assign","Project manager / owner (oversight)","Read all panels: viewer(100); manage/configure panels: project_lead(500)+","https://docs.aquilla.app/media/overview-read-progress/overview-read-progress.mp4","00:00","recorded"
"PO-30","Project Overview","Display members card","As a project manager, I want to manage project members from the overview, so that I don't need to navigate to a separate members page","A 'Members' card (AQU-335) renders the MembersTab component, showing current members, role management, add member form, and revoke all options. The card only renders when caller is canManage and project is not archived.","src/components/org/ProjectOverview.tsx:683-688","e2e/specs/projects/members-matrix.smoke.spec.ts","Implemented","Untested","","data-testid='overview-members-card'; embeds MembersTab component; only renders when canManage && !isArchived","Project lead / owner","Manage members/invites: project_lead(500); role changes: maintainer/owner(≥600); link role capped at contributor(400)","https://docs.aquilla.app/media/overview-read-progress/overview-read-progress.mp4","00:00","recorded"
"PO-31","Project Overview","Add project member","As a project manager, I want to add a new member to the project, so that they can access and contribute to the translation","In the Members card, an 'Add member' section shows a username input, a role select, and an 'Add' button. User types a username, selects a role, and clicks Add. The function calls add(username, role) via useProjectMembers hook. On success, the member appears in the list. On error, an error message is shown. The button is disabled during submission.","src/components/ProjectMembersPage.tsx:325-378","e2e/specs/projects/members-matrix.smoke.spec.ts","Implemented","Untested","","Only rendered when embedded in MembersTab; requires Enter or click to submit; disabled while adding","Project lead / owner","Manage members/invites: project_lead(500); role changes: maintainer/owner(≥600); link role capped at contributor(400)","https://docs.aquilla.app/media/overview-read-progress/overview-read-progress.mp4","00:00","recorded"
"PO-32","Project Overview","Change project member role","As a project manager, I want to change a team member's role, so that I can adjust their permission level","Next to each member's name in the Members card, a role select dropdown allows changing roles. Clicking a new role calls add(username, newRole), which updates the member's access level. Only direct grants (not org members or creators) can be changed. The select is disabled while saving.","src/components/ProjectMembersPage.tsx:252-283","e2e/specs/projects/members-matrix.smoke.spec.ts","Implemented","Untested","","Conditional: locked for org-source and creator-source members; disabled while updating","Project lead / owner","Manage members/invites: project_lead(500); role changes: maintainer/owner(≥600); link role capped at contributor(400)","https://docs.aquilla.app/media/overview-read-progress/overview-read-progress.mp4","00:00","recorded"
"PO-33","Project Overview","Remove project member (direct grant)","As a project manager, I want to remove a directly-added member from the project, so that they no longer have access","Next to directly-granted members (role.source === 'override'), a 'Remove' button appears. Clicking calls remove(userId) via useProjectMembers hook, which removes the member from the project. The member disappears from the list on success.","src/components/ProjectMembersPage.tsx:286-295","e2e/specs/projects/members-matrix.smoke.spec.ts","Implemented","Untested","","Only visible for direct grants; org-sourced and creator members show locked hint instead","Project manager / owner (oversight)","Read all panels: viewer(100); manage/configure panels: project_lead(500)+","https://docs.aquilla.app/media/overview-read-progress/overview-read-progress.mp4","00:00","recorded"
"PO-34","Project Overview","Revoke all member access","As a project manager, I want to completely revoke a member's access to a project across all grant paths, so that I can ensure they cannot access the project","A 'Revoke all' button (destructive red styling) appears for each member. Clicking opens a confirmation dialog listing all grant paths (org, team, direct) that give the member access. User must confirm to proceed. Clicking Revoke calls revokeAllProjectAccess(), which removes access across all paths. On success, the dialog closes and the member list refreshes.","src/components/ProjectMembersPage.tsx:304-316; src/components/ProjectMembersPage.tsx:381-391","none","Implemented","Untested","","Only visible when session.jwt exists and member is not self; opens RevokeAllDialog for confirmation","Project manager / owner (oversight)","Read all panels: viewer(100); manage/configure panels: project_lead(500)+","https://docs.aquilla.app/media/overview-read-progress/overview-read-progress.mp4","00:00","recorded"
"PO-35","Project Overview","Display project state error","As a project manager, I want to see error messages when operations fail, so that I understand what went wrong","When an error occurs during archive, restore, deadline save, or download operations, a red error message is displayed below the header. Errors are cleared when operations start.","src/components/org/ProjectOverview.tsx:194; src/components/org/ProjectOverview.tsx:436","none","Implemented","Untested","","error state managed at component level; displayed via ternary in header section","Project manager / owner (oversight)","Read all panels: viewer(100); manage/configure panels: project_lead(500)+","https://docs.aquilla.app/media/overview-read-progress/overview-read-progress.mp4","00:00","recorded"
"PO-36","Project Overview","Loading state for operations","As a project manager, I want to see visual feedback during long-running operations, so that I know the app is processing my request","During archive, restore, download, deadline save, or lifecycle toggle operations, affected buttons show disabled state (opacity-50) and (for lifecycle) text changes to 'Reactivating…'. The busy flag prevents duplicate submissions.","src/components/org/ProjectOverview.tsx:193-194; src/components/org/ProjectOverview.tsx:250-254","none","Implemented","Untested","","Multiple busy states: busy (general), lifecycleBusy (lifecycle toggle), adding (members)","Project manager / owner (oversight)","Read all panels: viewer(100); manage/configure panels: project_lead(500)+","https://docs.aquilla.app/media/overview-read-progress/overview-read-progress.mp4","00:00","recorded"
"PO-37","Project Overview","Responsive file list scrolling","As a project manager on a mobile device, I want the file list to scroll horizontally, so that I can see all file stat columns","When the files card is displayed with many columns (name, bars, stats), the page allows horizontal scrolling to view all columns. The overflow is managed via CSS overflow classes.","src/components/org/ProjectOverview.tsx:537-554","none","Implemented","Untested","","Uses flex layout with shrink-0 classes for column sizing; outer page has overflow-y-auto","Project manager / owner (oversight)","Read all panels: viewer(100); manage/configure panels: project_lead(500)+","https://docs.aquilla.app/media/overview-read-progress/overview-read-progress.mp4","00:00","recorded"
"PO-38","Project Overview","Role-based feature visibility","As a collaborator, I want to see only the actions I have permission to perform, so that the UI is not cluttered with unavailable actions","UI elements are conditionally rendered based on role: canManage (maintainer+) sees deadline actions and download; canAssign (project_lead+) sees assign form; canToggleLifecycle (project_lead+) sees lifecycle toggle; isOwner (owner+) sees archive and restore buttons.","src/components/org/ProjectOverview.tsx:244-247; src/components/org/ProjectOverview.tsx:404-432","none","Implemented","Untested","","Roles derived from project.syncRole.level; all are ternary-gated in JSX","Project manager / owner (oversight)","Read all panels: viewer(100); manage/configure panels: project_lead(500)+","https://docs.aquilla.app/media/overview-read-progress/overview-read-progress.mp4","00:00","recorded"
"EC-01","Editor Core","Cell text editing","As a translator, I want to edit the target translation in each cell, so that I can add or modify the translated text.","User clicks on the target column to focus the TipTap editor, types or pastes text, and on idle (1.2s of keyboard pause) or blur, the cell value is committed via an outbox event. The value is sanitized to allow only inline formatting (bold, italic, underline, strikethrough, code). Plain text and HTML forms are serialized. Editing is blocked when another user holds the focus lock; a banner shows 'Alice is editing'.","src/components/TranslatedEditor.tsx:1-200 (editor setup, idle commit); src/components/EditorTable.tsx:2099-2200 (TranslatedEditor integration); src/hooks/useCells.ts:1009-1062 (optimistic edit patching)","e2e/specs/editor/import-and-edit.smoke.spec.ts","Implemented","Untested","","Idle commit window is 1.2s (COMMIT_IDLE_MS). Lock conflict is checked at commit time via checkLockHolder. Pending outbox edits are visually marked with hasPendingEdit flag.","Translator (bilingual contributor)","Read: viewer(100); edit target cells: contributor(400); edit source cells/reorder: project_lead(500)","https://docs.aquilla.app/media/editor-translate-cell/editor-translate-cell.mp4","00:17","recorded"
"EC-02","Editor Core","Cell footnotes — inline USFM display and editing","As a translator, I want to view and edit USFM footnotes (\f...\f*) embedded in target text, so that I can maintain footnote content in Bible translations.","Target text containing \f...\f* is parsed and rendered as superscript marker chips, each hoverable to show the full footnote text. User can double-click a word to start a footnote insertion, or use menu to add a footnote at cursor/selection. Backspace/Delete on a marker shows a 'Delete footnote?' confirm dialog. Shift+Arrow selection extends correctly across footnote atoms. Footnote markers can be renumbered or reordered by editing caller syntax.","src/components/TranslatedEditor.tsx:66-72 (FootnoteInsertionAnchor interface); src/components/TranslatedEditor.tsx:476-543 (insertFootnoteMarker / getFootnoteInsertionAnchor imperatives); src/components/TranslatedEditor.tsx:845-868 (findFootnoteDeleteTarget / deleteFootnoteByIndex); src/components/EditorTable.tsx:77-92 (AddFootnoteDialog imports); src/components/EditorTable.tsx:2142-2175 (footnote state + extraction)","none","Implemented","Untested","","Footnotes are atomic inline nodes; deletion requires a second keypress to confirm. Caller field drives marker style (auto-numbered or letter-sequenced). Footnote scope (chapter-level numbering) is derived from cell reference fields.","Translator (bilingual contributor)","Read: viewer(100); edit target cells: contributor(400); edit source cells/reorder: project_lead(500)","https://docs.aquilla.app/media/editor-translate-cell/editor-translate-cell.mp4","00:00","recorded"
"EC-03","Editor Core","Cell validation (mark-as-complete)","As a reviewer, I want to mark a cell as validated to indicate the translation is complete and correct, so that the team knows which cells have been checked.","User clicks the validation pill (left gutter, target column) to toggle validation on/off. Icon changes based on validation status: empty/unvalidated = hollow circle; self-validated = filled circle with checkmark; fully validated by others (role check) = double checkmark. Validation is emitted as a cell.validate / cell.unvalidate event and requires role ≥ REVIEWER. Validation status appears in the validation history timeline on expansion.","src/components/EditorTable.tsx:2192-2231 (handleWaive / handleUnvalidate); src/components/EditorTable.tsx:2506-2525 (validation emit + role check); src/components/EditorTable.tsx:2920-2968 (validation pill rendering + tooltip); src/lib/sync/events-emit.ts (emitCellValidate / emitCellUnvalidate)","e2e/specs/validation/cell-unvalidate.smoke.spec.ts","Implemented","Untested","","AQU-273: role-based; reviewer role (300+) enables validation. Validation is per-user and contributes to a threshold (default 1, configurable). History timeline shows all validators' past edits per validation state.","Reviewer / translation consultant","Validate/unvalidate: reviewer(300)","https://docs.aquilla.app/media/validation-validate-cell/validation-validate-cell.mp4","00:11","recorded"
"EC-04","Editor Core","Rule violations display and waiving","As a translator, I want to see which translation rules are violated in each cell, and I want to waive violations that are false positives, so that I can manage rule compliance.","Rule infractions render as colored underline blots in the target editor (major/minor severity driving hue). Clicking a blot opens the ViolationPopover showing the rule, the violation snippet, and options to view the full rule or waive it. Waiving opens a dialog with optional reason text. Waived infractions appear grayed out in the editor and are marked with a waiver icon. Waiver revocation (unwaive) removes the waiver record.","src/components/EditorTable.tsx:2187-2230 (handleWaive / handleUnwaive callbacks); src/components/EditorTable.tsx:2373-2430 (ViolationPopover + waiver rendering); src/components/EditorTable.tsx:1371-1376 (active vs waived partition); src/lib/richtext/violation-decoration-plugin.ts (editor decorations)","none","Implemented","Untested","","Waivers include optional reason field. infractions map is keyed by cellId. Active vs waived infractionss are partitioned from the rule waivers list. Severity drives visual styling in editor.","Translator (bilingual contributor)","Read: viewer(100); edit target cells: contributor(400); edit source cells/reorder: project_lead(500)","https://docs.aquilla.app/media/editor-translate-cell/editor-translate-cell.mp4","00:00","recorded"
"EC-05","Editor Core","AI-powered target completion (search + generate)","As a translator, I want to get AI-suggested translations for empty cells by searching examples and generating text, so that I can accelerate translation work.","User clicks the sparkle (completeSingle) or selects multiple cells (completeBatch) to start completion. UI shows 'Searching…' then 'Generating…' phases. Streaming preview text appears in the target column in real time. Completion can be disabled if not configured or user does not have the role. Errors show an inline message. When not configured, the sparkle is disabled and a click shows 'Set up AI completion' prompt.","src/components/EditorTable.tsx:1137-1142 (completion state props + loading); src/components/EditorTable.tsx:1378-1391 (completingState derivations); src/components/EditorTable.tsx:2276-2400 (completion overlay + preview rendering); src/hooks/useCells.ts:285 (optimistic target-edit path)","e2e/specs/editor/ai-completion-dialog.smoke.spec.ts","Implemented","Untested","","isCompletionConfigured gate controls UI. Streaming happens in real time via previews map (keyed by cellId). Completion counts (examples, generated) are surfaced in the expansion panel. AQU-278: a confirm dialog appears when Generate is triggered on non-empty cells.","Translator (bilingual contributor)","Read: viewer(100); edit target cells: contributor(400); edit source cells/reorder: project_lead(500)","https://docs.aquilla.app/media/editor-translate-cell/editor-translate-cell.mp4","00:00","recorded"
"EC-06","Editor Core","AI terminology chips — active concept highlighting","As a translator, I want to see which words in the target match active terminology concepts, so that I can ensure consistent term usage.","When terminology concepts are active in the project, words matching a concept's sourceTerm (case-insensitive, normalized) render with a tiny colored chip at the top-right. Clicking a chip opens TermLookupPopover showing the concept details and rendering options. The source column also shows term chips for active concepts, and selected source terms trigger an 'Add to term base' affordance.","src/components/EditorTable.tsx:1708-1818 (SourceWithTermLookup component); src/components/EditorTable.tsx:1628-1697 (SelectionTermActions toolbar); src/components/TranslatedEditor.tsx:122 (terminologyConcepts prop); src/components/TranslatedEditor.tsx:252-254 (createTerminologyChipExtension)","none","Implemented","Untested","","AQU-204: term chip click is wired to onTermChipClick callback in TranslatedEditor. Concepts are filtered to 'active' status. Word tokenization uses `tokenizeWords` helper. Selection-based term addition (AQU-260) preserves browser selection during toolbar interaction via mousedown/mouseup guards.","Translator (bilingual contributor)","Read: viewer(100); edit target cells: contributor(400); edit source cells/reorder: project_lead(500)","https://docs.aquilla.app/media/editor-translate-cell/editor-translate-cell.mp4","00:00","recorded"
"EC-07","Editor Core","Backtranslation (BT) — reverse translation display and editing","As a translator, I want to view and edit the backtranslation (reverse translation of my target back to source) to verify the meaning was preserved, so that I can catch semantic drift.","When backtranslation is configured, the BT tab in cell expansion shows the current BT text. User can toggle an edit mode and modify the BT inline, save it (emitting a cell.backtranslation.set event), or generate a fresh BT via the Generate button. BT generation can be polished (AI-enhanced) vs plain. Errors and in-flight state are shown. Stale BT (source advanced since target commit) shows an amber dot on the expansion chevron.","src/components/EditorTable.tsx:1146-1151 (backtranslation props + error handling); src/components/EditorTable.tsx:2560-2630 (backtranslation tab rendering + edit state); src/components/EditorTable.tsx:3350-3450 (BacktranslationEditor / SaveBTButton)","e2e/specs/editor/cell-expansion-bt-tab.smoke.spec.ts","Implemented","Untested","","isBacktranslationConfigured gate controls availability. BT text is stored separately from target. Stale BT is detected by comparing source.eventId vs target.targetSourceEventId. The tab is part of CellExpansion.","Translator (bilingual contributor)","Read: viewer(100); edit target cells: contributor(400); edit source cells/reorder: project_lead(500)","https://docs.aquilla.app/media/editor-translate-cell/editor-translate-cell.mp4","00:00","recorded"
"EC-08","Editor Core","Cell expansion panel — rich metadata and actions","As a translator, I want to access detailed metadata and rich editing controls for each cell (history, comments, backtranslation, validation, issues), so that I can make well-informed edits.","Clicking the chevron in the action rail opens a drop-down panel below the cell row, revealing tabbed content: 'Issues' (rule violations + issue tracking), 'BT' (backtranslation), 'Decay' (health/confidence), 'History' (edit timeline), and optionally 'Footnotes'. Each tab shows relevant content and enables editing where applicable. Panel closes via the chevron click, Escape key, or outside click. Tabs can be directly jumped to from inline events (clicking a violation jumps to Issues tab).","src/components/CellExpansion.tsx (panel shell + tab management); src/components/EditorTable.tsx:3340-3800 (expansion tabs integrated into EditorRow); src/components/CellActionRail.tsx:84-106 (chevron button + rail reveal)","e2e/specs/editor/cell-expansion-escape-close.smoke.spec.ts, cell-expansion-issues-tab.smoke.spec.ts, cell-expansion-bt-tab.smoke.spec.ts","Implemented","Untested","","AQU-317: when showFootnotesInline=true, a 'Footnotes' tab is displayed. Tab selection is parent-managed so inline actions (violation click) can switch tabs. Open/close state is driven by row-level hover/focus/select.","Translator (bilingual contributor)","Read: viewer(100); edit target cells: contributor(400); edit source cells/reorder: project_lead(500)","https://docs.aquilla.app/media/editor-translate-cell/editor-translate-cell.mp4","00:00","recorded"
"EC-09","Editor Core","Cell action rail — floating sidebar with per-row controls","As a translator, I want quick access to cell-specific actions (expand, complete, validate, comment, record audio) without cluttering the row, so that I can work efficiently.","On the right edge of each cell row, a floating action rail appears on hover or focus, containing buttons for: AI complete (sparkle), record audio (mic), TTS generate (volume), open comments (chat), and expand (chevron). Buttons show tooltips, disabled state when not applicable, and tiny attention dots when the cell has open comments or needs attention. The rail springs into view with a bouncy animation. The chevron is always faintly visible (configurable via alwaysShowChevron).","src/components/CellActionRail.tsx (rail container + button animations); src/components/EditorTable.tsx:3900-4000 (rail integration into EditorRow)","none","Implemented","Untested","","Rail is revealed by parent (EditorTable) based on row hover/focus/select. Spring animation uses cubic-bezier(.68,-0.55,.32,1.45). Buttons have pulsing state for in-flight operations. Attention dot colors: amber=stale, emerald=healthy, red=error.","Reviewer / translation consultant","Validate/unvalidate: reviewer(300)","https://docs.aquilla.app/media/editor-translate-cell/editor-translate-cell.mp4","00:00","recorded"
"EC-10","Editor Core","Comment/discussion threads","As a team member, I want to leave comments on cells to discuss translations, ask questions, or note issues, so that we can collaborate asynchronously.","Clicking the comment button opens the comments drawer (external to EditorTable). Number of open comments shows as a badge on the rail button. Comments can be filtered, searched, and navigated per-file. Each comment shows author, timestamp, and can be replied to or resolved. Resolved comments can be shown/hidden via a filter toggle.","src/components/EditorTable.tsx:420-422 (cellOpenCommentCount, onOpenComments, onOpenHistory callbacks); src/components/EditorTable.tsx:1455 (open-comment badge rendering)","e2e/specs/editor/comments.smoke.spec.ts, comment-reply.smoke.spec.ts","Implemented","Untested","","Comments UI is external; EditorTable just wires the open-count badge and callback. Comment threads are empty in Phase 2a; querying is deferred to Phase 2b. The threads array in CellData is always empty by design.","Translator (bilingual contributor)","Read: viewer(100); edit target cells: contributor(400); edit source cells/reorder: project_lead(500)","https://docs.aquilla.app/media/editor-translate-cell/editor-translate-cell.mp4","00:00","recorded"
"EC-11","Editor Core","Cell history — edit timeline with author and snapshot","As a reviewer, I want to see the history of edits to a cell (who changed it, when, what the value was), so that I can track the evolution of translations.","History tab in expansion shows a timeline of past edits, newest first, with author name, date, and a snippet of the value. Clicking an entry expands to show all validators for that state, with timestamps. The current state is always shown (at bottom, above the divider). History is loaded on-demand from the D1 event log.","src/components/EditorTable.tsx:247-312 (ValidationHistoryTimeline component); src/hooks/useCells.ts:30-39 (EditValidationSummary interface); src/hooks/useCells.ts:76-77 (history / validationHistory empty arrays)","e2e/specs/editor/cell-history-drawer.smoke.spec.ts","Partial","Untested","","History and validationHistory arrays are empty in Phase 2a/2c-β; populating them is deferred to Phase 2b/v1.x. UI is ready but data is stubbed. The getTokenForFile prop enables the inline History tab to query D1 on demand.","Translator (bilingual contributor)","Read: viewer(100); edit target cells: contributor(400); edit source cells/reorder: project_lead(500)","https://docs.aquilla.app/media/editor-translate-cell/editor-translate-cell.mp4","00:00","recorded"
"EC-12","Editor Core","Cell validation history — per-state validator timeline","As a manager, I want to see which team members have validated each translation state, so that I can track QA progress.","In the validation popover (right-click the validation circle), the history section shows a timeline of past validation states (value snapshots), each expandable to list all validators who marked that state complete, with their names and dates. Deleted validators show as grayed out and struck through.","src/components/EditorTable.tsx:247-312 (ValidationHistoryTimeline rendering); src/components/EditorTable.tsx:3040-3110 (validation circle popover integration)","e2e/specs/editor/cell-actions-menu-history.smoke.spec.ts","Partial","Untested","","validationHistory array is empty (stubbed) in Phase 2a/2c-β. The UI component is fully implemented but the data source is deferred to Phase 2b.","Translator (bilingual contributor)","Read: viewer(100); edit target cells: contributor(400); edit source cells/reorder: project_lead(500)","https://docs.aquilla.app/media/editor-translate-cell/editor-translate-cell.mp4","00:00","recorded"
"EC-13","Editor Core","Cell selection and bulk actions","As a translator, I want to select multiple cells at once and apply actions to them all (bulk validate, bulk AI complete), so that I can work faster on repetitive tasks.","User clicks a cell's selection button (left gutter) or uses pointer drag to multi-select a range. Selection shows a highlight band. Selected cells can be bulk-validated or bulk-completed via toolbar buttons. Selection count shows in the status bar. Esc or clicking clear-selection clears the selection.","src/components/EditorTable.tsx:864-927 (handleSelectionPointerDown + drag logic); src/components/EditorTable.tsx:747-795 (selectRangeByIndexes, updateSelectionFromPointer); src/lib/audio/selection.ts (getSelectedIds, setSelection, toggleSelected)","e2e/specs/editor/selection-bar.smoke.spec.ts","Implemented","Untested","","MAX_SELECTED limit (likely 100 or similar) caps selection size. Selection drag auto-scrolls at edges (56px zones, 22px steps). Selection state lives in module-level localStorage via audio/selection.ts. Meta+click adds to selection, Shift+click range-selects, plain click sets single.","Reviewer / translation consultant","Validate/unvalidate: reviewer(300)","https://docs.aquilla.app/media/editor-translate-cell/editor-translate-cell.mp4","00:00","recorded"
"EC-14","Editor Core","Cell virtualization — high-performance rendering","As a translator, I want the editor to remain responsive even when opening large Bible books with thousands of verses, so that I can work smoothly without lag.","Cell rows are virtualized using @tanstack/react-virtual. Only visible rows (plus a configurable overscan) are rendered in the DOM. Scrolling is smooth and memory usage stays constant. Row height is estimated (90px by default) but dynamic measurement adjusts the virtualizer on-the-fly when rows grow (e.g., multi-line cells).","src/components/EditorTable.tsx:2-3 (useVirtualizer import); src/components/EditorTable.tsx:641-645 (virtualizer setup); src/components/EditorTable.tsx:1087-1199 (virtual row rendering with measureElement)","none","Implemented","Untested","","Estimated row size is 90px. Parent <div> uses overflow-auto. virtualizer.getTotalSize() sets the container height. Each virtual row wraps the actual row and has a positioning transform. Overscan rows are pre-rendered for smooth scrolling.","Translator (bilingual contributor)","Read: viewer(100); edit target cells: contributor(400); edit source cells/reorder: project_lead(500)","https://docs.aquilla.app/media/editor-translate-cell/editor-translate-cell.mp4","00:00","recorded"
"EC-15","Editor Core","Cell navigation — keyboard and arrow navigation","As a translator, I want to move between cells using keyboard (arrow keys, Tab) without lifting my hands from the keyboard, so that I can work faster.","In edit mode, Up/Down arrows navigate to the previous/next cell (only at first/last visual line of multi-line cells). Tab / Shift+Tab always move to the next/previous cell. In grid-focus mode (AQU-297), Up/Down/j/k navigate between rows. Esc in edit mode commits pending edits and returns focus to the grid-row wrapper.","src/components/TranslatedEditor.tsx:344-410 (cell navigation keydown handler); src/components/EditorTable.tsx:726-745 (handleNavigateCell + grid-row nav); src/components/EditorTable.tsx:682-704 (focusCellEditorByIndex)","e2e/specs/editor/cell-tab-navigation.smoke.spec.ts","Implemented","Untested","","AQU-297: grid-row focus (not TipTap) enables accessible arrow-key nav without multi-line cells eating arrow keys. Esc commits via blur and calls onEscapeToGrid. Up/Down use view.endOfTextblock() check to know if at visual edge.","Translator (bilingual contributor)","Read: viewer(100); edit target cells: contributor(400); edit source cells/reorder: project_lead(500)","https://docs.aquilla.app/media/editor-translate-cell/editor-translate-cell.mp4","00:00","recorded"
"EC-16","Editor Core","Audio timings — karaoke-style playback sync","As a voice actor, I want to see which word is currently playing during audio playback, so that I can verify timing alignment.","When audioTimings are present (word-level timing data from ASR or manual alignment), the target editor highlights the active word as playback progresses. Clicking a word with timing performs an alt+click seek to that word's start time via onSeekToTime callback.","src/components/TranslatedEditor.tsx:97-101 (audioTimings prop + audioCurrentTime); src/components/TranslatedEditor.tsx:614-621 (karaoke state updates); src/lib/richtext/karaoke-plugin.ts (word highlighting decoration)","none","Implemented","Untested","","Timings are keyed by audio attachment ID. Audio playback is external; EditorTable just passes the current time. Karaoke highlighting uses a PM plugin decoration. Alt+click on a word triggers onSeekToTime(timing.t0).","Translator (bilingual contributor)","Read: viewer(100); edit target cells: contributor(400); edit source cells/reorder: project_lead(500)","https://docs.aquilla.app/media/editor-translate-cell/editor-translate-cell.mp4","00:00","recorded"
"EC-17","Editor Core","Audio voice assignment and TTS generation","As a voice director, I want to assign voices to cells (cast assignment) and generate audio for them, so that I can produce polished translations with voice acting.","In Audio mode (audioLens prop set), the source column is replaced with CellVoicePanel showing a speaker chip for the assigned voice, a Generate button to produce audio, and a Play button. Drag-and-drop a voice chip onto the audio area to assign it. Generate calls onCompleteSingle and streams audio via frontier. Play queues the cell audio in the shared player. Status badges (Voicing / Audio failed) show progress/errors.","src/components/EditorTable.tsx:334-357 (AudioLensContext interface); src/components/EditorTable.tsx:588-596 (displayCells filtering for time-ordered media); src/components/EditorTable.tsx:127-245 (SynthStatusBadge component)","e2e/specs/editor/audio-mode.smoke.spec.ts","Implemented","Untested","","AudioLensContext carries voices, settings, project, session, and callbacks. In audio mode, cells are filtered by medium='media' and sorted by timing (when orderedBy='time'). Audio timings are stored in attachments with format {url, type, voiceId, audioTimings}.","Translator (bilingual contributor)","Read: viewer(100); edit target cells: contributor(400); edit source cells/reorder: project_lead(500)","https://docs.aquilla.app/media/editor-translate-cell/editor-translate-cell.mp4","00:00","recorded"
"EC-18","Editor Core","Audio recording — per-cell manual recording","As a voice actor, I want to record my own audio for translations directly in the editor, so that I can capture performances without leaving the app.","Clicking the mic button opens a recording modal (owned by the parent). The modal records audio, saves it as an attachment, and associates it with the current cell. Mic access is requested; if denied, a help popover explains how to grant access (AQU-237).","src/components/EditorTable.tsx:434-435 (onOpenRecording callback); src/components/EditorTable.tsx:2131-2132 (showMicDeniedHelp state)","e2e/specs/editor/audio-recording-modal.smoke.spec.ts","Stub/ComingSoon","N/A (not impl)","","Recording modal is external to EditorTable (parent-owned). Mic permission check uses useMicPermission hook. AQU-237: denied mic state shows a help popover on the rail mic button.","Translator (bilingual contributor)","Read: viewer(100); edit target cells: contributor(400); edit source cells/reorder: project_lead(500)","https://docs.aquilla.app/media/editor-translate-cell/editor-translate-cell.mp4","00:00","recorded"
"EC-19","Editor Core","Alignment panel — word-level source↔target alignment","As a linguist, I want to align individual words between source and target, so that I can improve downstream NMT and improve terminology extraction.","When alignmentModel is provided, the Alignment tab in cell expansion shows source and target words side-by-side, with lines connecting aligned pairs. User can click to create or edit alignments. Confirming fires onAlignmentSeedChange so the parent persists the alignment and rebuilds the model.","src/components/EditorTable.tsx:451-457 (alignmentModel + onAlignmentSeedChange props); src/components/InterlinearAlignmentPanel.tsx (alignment UI)","none","Implemented","Untested","","AQU-207: alignment model is pre-built by ProjectWorkspace from project settings. Seeds are persisted to project record. When model is absent, the panel hides.","Translator (bilingual contributor)","Read: viewer(100); edit target cells: contributor(400); edit source cells/reorder: project_lead(500)","https://docs.aquilla.app/media/editor-translate-cell/editor-translate-cell.mp4","00:00","recorded"
"EC-20","Editor Core","Stale-source indicator — source advance warning","As a translator, I want to know when the source text has advanced since my target translation, so that I can review and update my translation accordingly.","When a cell's source has a newer version (tracked via sourceEventId) than the target's pinned sourceEventId, a small badge appears next to the validation circle, warning that the source is stale. Clicking the badge or hovering shows the hint. The cell is included in the staleCellIds set (computed once per file by the parent).","src/components/EditorTable.tsx:1125 (isStaleSource prop); src/components/EditorTable.tsx:3105-3120 (stale-source badge rendering); src/hooks/useCells.ts:62-65 (sourceEventId + targetSourceEventId tracking)","none","Implemented","Untested","","Phase 5 / AD-9: staleness is pin-aware. Badge is only shown when isStaleSource=true and cell is unvalidated. Parent computes staleCellIds once per file via useStaleSourceCells.","Project lead (source steward)","Source content edits: project_lead(500)","https://docs.aquilla.app/media/editor-translate-cell/editor-translate-cell.mp4","00:00","recorded"
"EC-21","Editor Core","Source language display with syntax highlighting","As a translator, I want to see the source text clearly with optional markup/formatting preserved, so that I can understand what I'm translating.","Source column displays the original text, rendered via SourceWithTermLookup (or UsfmSourceText for USFM files). USFM markers are unwrapped for display (\w ..\w* → plain text; \f...\f* → superscript chips). Completion examples are highlighted via HighlightedText. Term lookup popovers appear on matching words when concepts are active.","src/components/EditorTable.tsx:1708-1818 (SourceWithTermLookup); src/components/EditorTable.tsx:2019-2064 (UsfmSourceText for display segmentation); src/components/EditorTable.tsx:3200-3300 (source column rendering)","none","Implemented","Untested","","Source text is read-only. USFM file detection: cell.fileId.endsWith('.docx'). Font size inherits from per-file pref (sourceFontSize). Term chip clicks are wired to onTermApply for rendering options.","Project lead (source steward)","Source content edits: project_lead(500)","https://docs.aquilla.app/media/editor-translate-cell/editor-translate-cell.mp4","00:00","recorded"
"EC-22","Editor Core","Health/decay indicator — quality confidence score","As a manager, I want to see a confidence/quality score for each translation, so that I can prioritize review work on weaker translations.","A colored ring (HealthRing) around the validation circle shows the health score (0–100%) as a visual gauge. Green/amber/red hues indicate quality levels. Hovering shows the numeric score and the confidence reasoning (e.g., 'Good coverage, recent validation'). The decay tab in expansion shows detailed health factors (completion, validation freshness, rule violations).","src/components/EditorTable.tsx:2552 (health = healthMap.get(cellId)); src/components/EditorTable.tsx:2950-2980 (HealthRing rendering + tooltip); src/components/HealthRing.tsx (health visualization)","none","Implemented","Untested","","Health is computed server-side via useCellsAuditStats and keyed by cellId. Decay engine (needsAttention, needsAttentionFromConfidence) drives the warning logic. Health defaults to 100 if validated, 0 if not.","Translator (bilingual contributor)","Read: viewer(100); edit target cells: contributor(400); edit source cells/reorder: project_lead(500)","https://docs.aquilla.app/media/editor-translate-cell/editor-translate-cell.mp4","00:00","recorded"
"EC-23","Editor Core","Context display — chapter/verse reference and section labels","As a translator, I want to see the passage reference and section context for each cell, so that I can understand the literary structure.","Cell context shows: canonical reference (e.g., 'GEN 1:1') in the group field, section label (e.g., 'Genesis'), and timing cue context for audio-ordered files (VTT timecode like '00:00:05 --> 00:00:10'). A sticky section indicator at the top of the viewport updates as the user scrolls, showing the current chapter/section (AQU-250). Cell label (ordinal index) is toggled on/off via View Settings.","src/components/EditorTable.tsx:625-639 (sectionByIndex derivation); src/components/EditorTable.tsx:975-988 (sticky section label + ref tracking); src/components/EditorTable.tsx:1045-1055 (sticky section rendering)","e2e/specs/editor/view-settings-cell-labels-toggle.smoke.spec.ts","Implemented","Untested","","AQU-250: sticky label is derived from the first visible row's group or section field. Label is skipped if it looks like a UUID. Canonical ref is extracted from globalReferences array (Bible-style references).","Translator (bilingual contributor)","Read: viewer(100); edit target cells: contributor(400); edit source cells/reorder: project_lead(500)","https://docs.aquilla.app/media/editor-translate-cell/editor-translate-cell.mp4","00:00","recorded"
"EC-24","Editor Core","Pre-acceptance warnings — terminology consistency","As a translator, I want to be warned when my target uses terminology inconsistently with the termbase, so that I can maintain consistent terminology.","PreAcceptanceWarningBand appears above or below the target editor, showing warnings detected by detectPreAcceptanceWarnings (e.g., 'Key term used inconsistently'). Warnings include optional actions (e.g., 'Apply standard form'). Dismissing the banner hides it for that edit session.","src/components/EditorTable.tsx:73-74 (detectPreAcceptanceWarnings import); src/components/EditorTable.tsx:3600-3650 (PreAcceptanceWarningBand integration)","e2e/specs/editor/preacceptance-warning-band.smoke.spec.ts","Implemented","Untested","","Warnings are derived from the translated text and active concepts. Banner is dismissed by user action; re-opening the editor resets the dismissal.","Translator (bilingual contributor)","Read: viewer(100); edit target cells: contributor(400); edit source cells/reorder: project_lead(500)","https://docs.aquilla.app/media/editor-translate-cell/editor-translate-cell.mp4","00:00","recorded"
"EC-25","Editor Core","Read-only indicators — role-based and lock-based restrictions","As a viewer-role user, I want to understand why I cannot edit cells, so that I can request edit access appropriately.","When user role is viewer/commenter/reviewer (AQU-273), a read-only badge appears at the top of the editor indicating their role and constraints. The target editor is disabled (contenteditable=false). When another user holds the focus lock on a cell, an 'Alice is editing' banner appears inside the editor and the cell is read-only until they release the lock.","src/components/EditorTable.tsx:1057-1062 (role badge rendering); src/components/EditorTable.tsx:522 (useEditorCapabilities for role check); src/components/TranslatedEditor.tsx:216, 652-658 (editor read-only state + lock banner)","none","Implemented","Untested","","readOnlyLabel comes from useEditorCapabilities (AQU-273). Lock holder label is passed via lockHolderLabel prop. Editor disables all edits when isReadOnly=true.","Translator (bilingual contributor)","Read: viewer(100); edit target cells: contributor(400); edit source cells/reorder: project_lead(500)","https://docs.aquilla.app/media/editor-translate-cell/editor-translate-cell.mp4","00:00","recorded"
"EC-26","Editor Core","Remote change detection and reconciliation","As a translator, I want to know when another user edits my cell while I'm editing it, so that I can decide whether to discard my work or keep my version.","When a remote event.applied arrives for a cell while the user is focused on it (has the lock), a banner appears: 'This cell changed elsewhere while you were editing.' The user can click 'Discard and reload' to abandon local edits and reload the server value, or keep editing and commit their local work (which will race or override depending on event ordering).","src/components/EditorTable.tsx:390-391 (cellsWithRemoteChange prop); src/components/TranslatedEditor.tsx:107-108, 660-670 (remote-change banner + onDiscardLocal)","none","Implemented","Untested","","remoteChangedWhileFocused flag is managed by parent (set on remote event.applied while lock is held, cleared on discard or next commit). Banner only shows if the flag is true and onDiscardLocal callback is wired.","Translator (bilingual contributor)","Read: viewer(100); edit target cells: contributor(400); edit source cells/reorder: project_lead(500)","https://docs.aquilla.app/media/editor-translate-cell/editor-translate-cell.mp4","00:00","recorded"
"EC-27","Editor Core","Font size preferences — per-file source and target sizing","As a user with vision needs, I want to adjust the text size in each column independently and per-file, so that I can read comfortably.","View Settings menu (eye icon) has source/target font-size sliders (e.g., 10–20px). Selections are persisted in localStorage keyed by fileId. Source and target columns inherit the pref as an inline font-size style. The pref survives file switches (per-file, not global).","src/components/EditorTable.tsx:619-620 (useFileFontSizes hook); src/components/EditorTable.tsx:1183-1184 (sourceFontSize + targetFontSize props); src/components/EditorTable.tsx:3180-3210 (font-size inline styles)","none","Implemented","Untested","","AQU-251: localStorage key is `${fileId}:fontSize:source/target`. Default is 14px. Pref is applied as inline style on the column wrapper, not individual cells.","Translator (bilingual contributor)","Read: viewer(100); edit target cells: contributor(400); edit source cells/reorder: project_lead(500)","https://docs.aquilla.app/media/editor-translate-cell/editor-translate-cell.mp4","00:00","recorded"
"EC-28","Editor Core","Assignment indicator — cell workload tracking","As a manager, I want to see which team member is responsible for each cell, so that I can track workload distribution.","When a cell has an active assignment (AQU-192), a small badge appears showing the assignee's name and an optional scope label (e.g., 'Alice (Chapter 1)'). Hovering shows the full assignment details. Assigning cells is done externally (via the project workload view).","src/components/EditorTable.tsx:461, 1185-1186 (assignmentsByCellId prop + rendering); src/components/EditorTable.tsx:3900-3950 (assignee badge rendering)","none","Implemented","Untested","","AQU-192: assignmentsByCellId is built by ProjectWorkspace from getMyAssignments + getProjectAssignments. Badge includes username and scopeLabel. Assignment is read-only in EditorTable (no UI to edit here).","Translator (bilingual contributor)","Read: viewer(100); edit target cells: contributor(400); edit source cells/reorder: project_lead(500)","https://docs.aquilla.app/media/editor-translate-cell/editor-translate-cell.mp4","00:00","recorded"
"EC-29","Editor Core","Footnote inline rendering and management — USFM editorial","As a Bible translator, I want to see footnotes rendered inline below each cell (when toggled on) and edit them directly, so that I can manage USFM notes without leaving the editor.","When showFootnotesInline=true, source and target footnotes extracted from cells render as a panel below the cell row, showing numbered markers and full text. User can click to edit or delete footnotes, insert new ones via dialog, or view full footnote content. Footnotes are persisted as part of the cell value (in USFM format).","src/components/EditorTable.tsx:2154-2173 (footnote extraction and display prep); src/components/EditorTable.tsx:3600-3700 (inline footnote panel rendering); src/components/footnotes/FootnoteInline.tsx (footnote display)","none","Implemented","Untested","","AQU-317: footnotes appear in a separate panel when showFootnotesInline=true. Visible footnotes are tracked and reported to parent via onVisibleFootnotesChange for parallel-view sync. Footnote numbers are offset per chapter/file scope.","Translator (bilingual contributor)","Read: viewer(100); edit target cells: contributor(400); edit source cells/reorder: project_lead(500)","https://docs.aquilla.app/media/editor-translate-cell/editor-translate-cell.mp4","00:00","recorded"
"I-01","Import","Upload files from disk","As a translator, I want to upload USFM, DOCX, PPTX, TXT, CSV, XLSX, or subtitle files from my computer, so that I can import source text content and begin translation work.","User clicks 'Upload Files' in ImportDialog landing. Dialog navigates to upload screen with file drop zone. User drags/drops or clicks 'Choose file' to pick a file. Accepted types: USFM (.usfm/.sfm/.usf), DOCX, PPTX, TXT, CSV, TSV, XLSX, XLS, VTT, SRT, SSA/ASS, audio/video files (MP3, WAV, M4A, WebM, MP4). File is parsed; if it's USFM, the dialog shows a preview of all parsed cells before importing. If unsupported type, error message shown.","src/components/ImportDialog.tsx:600+; src/lib/import.ts:428-450; src/lib/parsers/types.ts:detectFileType","e2e/specs/editor/import-and-edit.smoke.spec.ts","Implemented","Untested","","","Project lead (source steward)","Source content edits: project_lead(500)","https://docs.aquilla.app/media/import-usfm-paratext/import-usfm-paratext.mp4","00:00","recorded"
"I-02","Import","Preview parsed cells before import","As a translator, I want to review a preview of what will be imported, including cell count, references, and snippet text, so that I can confirm the parse was correct before committing.","After file is parsed, PreviewPanel is shown. It displays: total cell count across all files; file name(s) with per-file cell counts; snippet list (first 20 cells per file) with canonical reference and text. Confirm button triggers upload; Cancel returns to upload screen without saving. Preview limit: 20 cells shown per result, with '…and N more' note if truncated.","src/components/import/PreviewPanel.tsx","none","Implemented","Untested","","","Project lead","Import & file.create: project_lead(500)","https://docs.aquilla.app/media/import-usfm-paratext/import-usfm-paratext.mp4","00:00","recorded"
"I-03","Import","USFM book grouping on import","As a translator importing a multi-book USFM file, I want each book to be imported as a separate Aquilla file, so that my workspace can organize books separately.","When importing a USFM file with multiple book sections (e.g. Genesis, Exodus), ImportDialog parses it and creates one ImportResult per book. Preview shows each book with cell count. Each book is uploaded as a distinct FileReference with its book code (from \id marker) and OT/NT corpus classification preserved.","src/lib/import.ts:337-385; src/lib/parsers/usfm-lossless.ts","none","Implemented","Untested","","","Project lead","Import & file.create: project_lead(500)","https://docs.aquilla.app/media/import-usfm-paratext/import-usfm-paratext.mp4","00:00","recorded"
"I-04","Import","Detect import collisions (duplicate files)","As a translator re-importing a file that's already in the project, I want to choose to skip it, replace it, or import it as a duplicate, so that I don't accidentally overwrite work.","When ImportDialog detects a file with the same name already in the project (AQU-287), it shows a collision screen with list of detected duplicates. Each shows: file name, reason (already exists), three choices: 'Skip', 'Replace', or 'Import as duplicate'. User selects choices per file, clicks Continue, and import proceeds with selected strategy applied.","src/lib/import-collision.ts; src/components/ImportDialog.tsx:153-158","none","Implemented","Untested","","","Project lead","Import & file.create: project_lead(500)","https://docs.aquilla.app/media/import-usfm-paratext/import-usfm-paratext.mp4","00:00","recorded"
"I-05","Import","Import eBible corpus translations","As a translator, I want to download and import openly-licensed Bible translations directly from the eBible corpus, without manually downloading files, so that I can quickly set up reference translations.","User clicks 'eBible Corpus' on landing. Dialog shows searchable list of 1000+ translations (filtered by language, title, ID). User searches (e.g. 'English', 'KJV') and results update in real-time. Click a translation → progress bar shows download (received/total MB), parse, and save phases. After import, cells are created with target column populated from the eBible text matched by canonical reference.","src/lib/parsers/ebible.ts; src/lib/import.ts:191-222; src/components/EBibleTargetReviewPanel.tsx","e2e/specs/editor/import-dialog-ebible.smoke.spec.ts, e2e/specs/editor/import-dialog-ebible-search.smoke.spec.ts","Implemented","Untested","","","Project lead","Import & file.create: project_lead(500)","https://docs.aquilla.app/media/import-usfm-paratext/import-usfm-paratext.mp4","00:00","recorded"
"I-06","Import","Match eBible verses to existing cells by reference","As a translator with an existing project, I want to populate my target column with eBible translations matched by canonical reference (e.g. GEN 1:1), so that I can add translations without re-creating the source structure.","After selecting eBible translation, the download/parse completes. Each verse ref in the eBible is matched to a source cell with the same canonicalRef. Unmatched verses are listed as orphans. Matched cells show: incoming text, current text (conflict if non-empty), hasConflict flag. User can review and check/uncheck cells before import. Only checked cells are committed. Returns: committedCount, skippedCount.","src/lib/import.ts:138-184; src/components/EBibleTargetReviewPanel.tsx","none","Implemented","Untested","","","Project lead (source steward)","Source content edits: project_lead(500)","https://docs.aquilla.app/media/import-usfm-paratext/import-usfm-paratext.mp4","00:00","recorded"
"I-07","Import","Direction prompt (source/target language inference)","As a translator importing content where the language direction is ambiguous, I want to confirm or override the source and target languages, so that the system correctly interprets which column is source vs translation.","After file parse completes, if the inferred languages differ from project languages, ImportDialog shows a 'Set language' screen with source/target language dropdowns pre-filled with inferred values. User can override or confirm. Clicking 'Confirm' commits the import with those language tags. If user closes dialog without confirming, a flush path ensures the import isn't silently dropped (AQU-249 Fix 3).","src/components/ImportDialog.tsx:187-200; src/lib/import.ts:391-410","none","Implemented","Untested","","","Project lead","Import & file.create: project_lead(500)","https://docs.aquilla.app/media/import-usfm-paratext/import-usfm-paratext.mp4","00:00","recorded"
"I-08","Import","Import result report (partial imports with skipped items)","As a translator importing a project with some file collisions that were skipped, I want to see a report of what was imported and what was skipped, with reasons, so that I can decide whether to retry or accept the partial result.","After import, ImportDialog shows a 'result' screen with: total files imported, count of cells per file, list of skipped files with reason (e.g. 'skipped by user', 'duplicate detected'). Each skipped item shows: book/file name, reason. User can read/copy the report. Close or Click 'Done' dismisses and fires onImported callback with refs + skipped data.","src/components/ImportDialog.tsx:142-146,380-430","none","Implemented","Untested","","","Project lead","Import & file.create: project_lead(500)","https://docs.aquilla.app/media/import-usfm-paratext/import-usfm-paratext.mp4","00:00","recorded"
"I-09","Import","Spreadsheet import (CSV/XLSX) with column mapping","As a translator with content in a spreadsheet, I want to map columns (source, target, reference, cast, timestamps) and import the data, so that I can reuse content organized in Excel/CSV without manual data entry.","User selects CSV or XLSX file via ImportDialog 'Spreadsheet' option. If XLSX has multiple sheets, sheet selector appears. ColumnMappingPanel shows: header toggle, column selectors for source (required), target, label/ref, cast, start/end timestamp. Auto-detect tries common header names. Preview table shows 5 data rows. After mapping confirm, rows are converted to translatable strings and imported via the standard bulkUploadSource pipeline. Source column is required, others optional.","src/components/import/SpreadsheetImportPanel.tsx; src/components/import/ColumnMappingPanel.tsx; src/lib/parsers/spreadsheet.ts","none","Implemented","Untested","","","Project lead","Import & file.create: project_lead(500)","https://docs.aquilla.app/media/import-usfm-paratext/import-usfm-paratext.mp4","00:00","recorded"
"I-10","Import","File-scoped target import from USFM or spreadsheet","As a translator with an open file, I want to fill its target column from a USFM file or spreadsheet, without modifying the source column, so that I can add translations to existing cells while preserving source structure.","User opens file in editor, clicks 'Import translations into this file' from menu. FileTargetImportDialog opens. User drops/picks USFM or spreadsheet. For USFM: rows extracted with refs; straight to review. For spreadsheet: sheet selector (if multi-sheet), column mapping with ref optional. Review shows: matched cells with source text beside incoming translation, conflicts highlighted, orphans listed. User checks/unchecks cells, clicks Import. Only checked cells' target columns updated via applyEBibleTargetImport (uses same pipeline as eBible→target).","src/components/import/FileTargetImportPanel.tsx; src/components/FileTargetImportDialog.tsx; src/lib/import-file-target.ts","none","Implemented","Untested","","","Project lead (source steward)","Source content edits: project_lead(500)","https://docs.aquilla.app/media/import-usfm-paratext/import-usfm-paratext.mp4","00:00","recorded"
"I-11","Import","Target import by reference or by row order","As a translator importing a spreadsheet without reference column, I want to match rows to cells by order (row N → cell N), so that I can fill translations even when row order aligns with file order.","When FileTargetImportPanel maps columns with labelCol=null, matching switches to order-based mode. Each data row matches to the corresponding cell position in file. Review screen shows: source text for each cell, incoming translation beside it, warning banner: 'No ref column mapped — rows matched in order. Check source text alignment before importing.' Orphans = empty rows (skipped). User can eyeball alignment before committing.","src/lib/import-file-target.ts:100+; src/components/import/FileTargetImportPanel.tsx:259-264","none","Implemented","Untested","","","Project lead (source steward)","Source content edits: project_lead(500)","https://docs.aquilla.app/media/import-usfm-paratext/import-usfm-paratext.mp4","00:00","recorded"
"I-12","Import","Paired translation import (source + target from spreadsheet)","As a translator with a spreadsheet of source+target pairs, I want to import them to populate both source and target columns, so that I can quickly load finished translations in one step.","User selects 'Paired translation' from ImportDialog landing. Drops/picks CSV or XLSX. Sheet selector if multi-sheet. ColumnMappingPanel requires sourceCol and targetCol; ref optional for matching (if absent, rows matched by order). Review shows: source text, incoming translation, conflicts highlighted. User checks cells, clicks Import. Commits via bulkUploadTargetCommits (target column only; source already exists).","src/components/import/PairedImportPanel.tsx; src/lib/parsers/spreadsheet.ts:matchPairedRowsToSourceCells","none","Implemented","Untested","","","Project lead (source steward)","Source content edits: project_lead(500)","https://docs.aquilla.app/media/import-usfm-paratext/import-usfm-paratext.mp4","00:00","recorded"
"I-13","Import","Cell labels / cast import template download and re-upload","As a production manager, I want to download a spreadsheet with cell references, fill in cast names, and re-upload to label cells, so that I can assign actors to cells via a simple spreadsheet workflow.","User selects 'Cell labels / cast' from ImportDialog. LabelImportPanel shown. Step 1: 'Download template' button generates CSV with ref column (one row per cell with canonicalRef). User downloads, fills in cast_name column. Step 2: User uploads filled CSV. Preview shows: ref + cast_name pairs parsed from file (up to 20 shown). Validation detects header or auto-detects columns. Apply button would commit cast labels (currently held: AQU-314-cast-events requires dedicated server event type).","src/components/import/LabelImportPanel.tsx; src/lib/parsers/spreadsheet.ts:generateLabelTemplate","none","Partial","Untested","","Apply path currently disabled (AQU-314) — template download + preview work; server needs dedicated cast-label event type before applying. Currently returns error: 'Applying labels to existing cells isn't supported yet.'","Project lead","Import & file.create: project_lead(500)","https://docs.aquilla.app/media/import-usfm-paratext/import-usfm-paratext.mp4","00:00","recorded"
"I-14","Import","Extract and import rules from document","As a translation lead, I want to upload or paste a style guide document and have the LLM extract structured rules, so that I can quickly set up project-specific validation rules.","User clicks 'Import from doc' on Rules surface. RuleImportDialog opens. User drops/pastes TXT/MD (max 200 KB) or PDF/DOCX (max 2 MB). For text: runs LLM extraction immediately. For PDF/DOCX: uploads to Frontier, receives parsed text, then extracts. Extraction phase shows progress: extracting candidates, then structuring rules. Review stage shows: list of extracted RuleSuggestion entries. User selects which to accept and clicks Import. Each accepted rule is added to project with source='llm'.","src/components/RuleImportDialog.tsx; src/lib/rules/rule-extractor.ts","none","Implemented","Untested","","Requires LLM endpoint configured (Frontier or custom). Two-pass extraction: phase='extracting' (candidates) → phase='structuring' (structured rules).","Project lead","Import & file.create: project_lead(500)","https://docs.aquilla.app/media/import-usfm-paratext/import-usfm-paratext.mp4","00:00","recorded"
"I-15","Import","Macula Hebrew + Greek import (morphology)","As a biblical scholar, I want to import Macula original-language data with per-word lemma, morphology, and Strong's codes, so that I can use morphological analysis in my translation workflow.","User selects 'Macula Hebrew + Greek' from ImportDialog landing (Beta badge shown, enabled). Chooses testament (OT/NT) or both. Source cells created with lemma/morphology metadata per word. Additional morph rows uploaded via separate pipeline (bulkUploadMorphRows). Progress shown: parse phase, save phase, morph phase with counts (morphEnqueued/morphTotal).","src/lib/import.ts:282-291; src/lib/parsers/macula.ts","e2e/specs/editor/import-coming-soon-disabled.smoke.spec.ts (verified enabled)","Implemented","Untested","","","Project lead (source steward)","Source content edits: project_lead(500)","https://docs.aquilla.app/media/import-usfm-paratext/import-usfm-paratext.mp4","00:00","recorded"
"I-16","Import","Translation Notes (TSV) import","As a translator, I want to import unfoldingWord translation notes (TSV format) mapped by canonical reference, so that I can see contextual notes beside matching verses as I translate.","User selects 'Translation Notes (TSV)' from ImportDialog landing (Beta badge shown, enabled). Uploads TSV file with canonical_ref column. Rows with missing canonical_ref are skipped (counter shown). Matched notes are stored and displayed in UI beside matching cells. Progress shows: parse phase, save phase with skipped count.","src/lib/import.ts:293-300; src/lib/parsers/translation-notes.ts","e2e/specs/editor/import-coming-soon-disabled.smoke.spec.ts (verified enabled)","Implemented","Untested","","","Project lead","Import & file.create: project_lead(500)","https://docs.aquilla.app/media/import-usfm-paratext/import-usfm-paratext.mp4","00:00","recorded"
"I-17","Import","Bible API (helloao.org) import","As a translator needing multiple Bible translations, I want to browse and import from the helloao.org corpus (1000+ translations), choosing full Bible, testament, or specific books, so that I can quickly access reference translations.","User selects 'Bible API' from ImportDialog landing. Dialog shows searchable translation list fetched from helloao.org. User selects a translation, then book selector appears (pick books or full Bible). Download/parse/save phases shown with progress. Cells created with selected books' content. Supports language filtering in search.","src/lib/parsers/helloao.ts; src/lib/import.ts:importHelloao","none","Implemented","Untested","","","Project lead","Import & file.create: project_lead(500)","https://docs.aquilla.app/media/import-usfm-paratext/import-usfm-paratext.mp4","00:00","recorded"
"I-18","Import","Paratext project import (multi-file zip)","As a translator with a Paratext project, I want to import the entire project (zip with all books), so that I can migrate my Paratext work into Aquilla.","User selects file upload, drops a .zip containing Paratext project files (.usfm, .ssf metadata). DetectParatextProject analyzes structure and extracts books. PrepareParatextProject builds a plan (one file per book, with language/license metadata). User can skip individual books on collision. CommitParatextProject uploads all books as source cells, preserving book order and section structure.","src/lib/parsers/paratext-project.ts; src/lib/import.ts:ParatextPlan,prepareParatextProject,commitParatextProject","none","Implemented","Untested","","","Project lead (source steward)","Source content edits: project_lead(500)","https://docs.aquilla.app/media/import-usfm-paratext/import-usfm-paratext.mp4","00:00","recorded"
"I-19","Import","Paratext project as target import","As a translator with existing source cells, I want to import a Paratext project to populate the target column, so that I can add Paratext translations to my Aquilla project.","User selects 'Import translations into this file' from file menu. Drops Paratext .zip. Files matched to existing cells by canonical reference (same mechanism as eBible→target). Review shows: matched refs with existing vs incoming text. User confirms, target commits applied. Orphan files (unmatched) listed with reason.","src/lib/import.ts:importParatextAsTarget","none","Implemented","Untested","","","Project lead (source steward)","Source content edits: project_lead(500)","https://docs.aquilla.app/media/import-usfm-paratext/import-usfm-paratext.mp4","00:00","recorded"
"I-20","Import","Audio/video file import (media timeline segments)","As a translator working with audio/video content, I want to import MP3, WAV, WebM, or MP4 files, so that I can work with media-based translation segments.","User uploads audio (MP3/WAV/M4A/WebM) or video (MP4) file. File is detected as media type (isMediaFileType check). Rather than parsing text, the file becomes a single media segment with time-ordered timeline model. Media blob stored; metadata (duration) computed via probeMediaDurationMs. No text content — subtitle features or speaker detection optional.","src/lib/import.ts:MediaSegmentSpec,emitMediaFile,computeMediaSegmentSpecs; src/lib/parsers/types.ts:isMediaFileType","none","Implemented","Untested","","","Project lead","Import & file.create: project_lead(500)","https://docs.aquilla.app/media/import-usfm-paratext/import-usfm-paratext.mp4","00:00","recorded"
"I-21","Import","Subtitle parsing (SRT/VTT) with speaker tags","As a translator working with subtitled content, I want to import SRT or VTT files with speaker tags (e.g. <v Name>), so that I can assign dialogue to characters automatically.","User uploads .srt or .vtt file. Parser extracts subtitle cues as translatable strings with timecodes. If file contains <v Name> speaker tags, TTS settings can be updated in batch (buildCastAdditions) to create cast members + cell assignments. Speaker pairs (cellId, speaker name) returned for UI to apply cast.","src/lib/parsers/subtitle.ts; src/lib/import/cast-from-speakers.ts; src/components/import/SpreadsheetImportPanel.tsx:128-138","none","Implemented","Untested","","","Project lead","Import & file.create: project_lead(500)","https://docs.aquilla.app/media/import-usfm-paratext/import-usfm-paratext.mp4","00:00","recorded"
"I-22","Import","Plaintext import","As a translator with plain text content, I want to import .txt files where each line or paragraph is a translatable segment, so that I can work with simple text-based content.","User uploads .txt file. Parsed via extractPlaintextStrings (one string per line or per paragraph, depending on text splitter). Each string gets an ID and becomes a translatable cell. No reference/structure preserved. Simple linear ordering.","src/lib/parsers/plaintext.ts; src/lib/import.ts:424-449","none","Implemented","Untested","","","Project lead","Import & file.create: project_lead(500)","https://docs.aquilla.app/media/import-usfm-paratext/import-usfm-paratext.mp4","00:00","recorded"
"I-23","Import","Markdown import","As a translator with Markdown documentation, I want to import .md files preserving structure, so that I can translate headings, paragraphs, and lists separately.","User uploads .md file. Parsed via extractMarkdownStrings (headings as type='heading', body as type='verse'). Structure and order preserved. Canonical refs optional (can be injected via heading IDs). Cell group shows section hierarchy.","src/lib/parsers/markdown.ts; src/lib/import.ts:424-449","e2e/specs/editor/import-and-edit.smoke.spec.ts","Implemented","Untested","","","Project lead","Import & file.create: project_lead(500)","https://docs.aquilla.app/media/import-usfm-paratext/import-usfm-paratext.mp4","00:00","recorded"
"I-24","Import","USFM format with lossless round-trip fidelity","As a translator working with USFM text, I want to export back to USFM with original markup preserved, so that I can return translations to Paratext without markup loss.","User imports .usfm file. ParseUsfmLossless preserves all markers, attributes, and formatting in a side-car rawSource field (base64-encoded). On export, the original USFM skeleton is reconstructed with current translations substituted. Verse bodies + heading/title/intro paratext parsed as separate translatable strings.","src/lib/parsers/usfm-lossless.ts; src/lib/import.ts:318-335","none","Implemented","Untested","","","Project lead","Import & file.create: project_lead(500)","https://docs.aquilla.app/media/import-usfm-paratext/import-usfm-paratext.mp4","00:00","recorded"
"I-25","Import","DOCX import with format preservation","As a translator with Word documents, I want to import .docx files with paragraph structure preserved, so that I can translate formatted documents.","User uploads .docx file. Parsed via extractDocxStrings (paragraphs extracted as translatable strings). Raw DOCX bytes captured as side-car for round-trip export with translations substituted into original formatting.","src/lib/parsers/docx.ts; src/lib/import.ts:424-449","none","Implemented","Untested","","","Project lead","Import & file.create: project_lead(500)","https://docs.aquilla.app/media/import-usfm-paratext/import-usfm-paratext.mp4","00:00","recorded"
"I-26","Import","PPTX import (slides to translatable units)","As a translator with PowerPoint presentations, I want to import .pptx files so that I can translate slide content while preserving layout.","User uploads .pptx file. Parsed via extractPptxStrings (text from each slide → translatable string). Raw PPTX bytes captured as side-car for round-trip export.","src/lib/parsers/pptx.ts; src/lib/import.ts:424-449","none","Implemented","Untested","","","Project lead","Import & file.create: project_lead(500)","https://docs.aquilla.app/media/import-usfm-paratext/import-usfm-paratext.mp4","00:00","recorded"
"I-27","Import","XLIFF (XML Localisation Interchange Format) import","As a translator with XLIFF translation packages, I want to import .xliff files mapped by unit ID, so that I can work with industry-standard localization format.","User uploads .xliff file. Parsed via parseXliff (source units extracted as translatable strings with IDs preserved). Each unit becomes one translatable cell.","src/lib/parsers/xliff.ts","none","Implemented","Untested","","","Project lead","Import & file.create: project_lead(500)","https://docs.aquilla.app/media/import-usfm-paratext/import-usfm-paratext.mp4","00:00","recorded"
"I-28","Import","TMX (Translation Memory eXchange) import","As a translator with translation memory files, I want to import TMX format reusing prior translations, so that I can leverage translation history.","User selects 'Translation Memory (TMX)' from ImportDialog. Currently shown as 'Coming soon' (disabled, badge='soon'). Clicking shows: 'Coming soon — Translation Memory import is tracked for a later release'. Implementation pending.","src/lib/parsers/tmx.ts; src/components/ImportDialog.tsx:660-661","e2e/specs/editor/import-coming-soon-disabled.smoke.spec.ts","Stub/ComingSoon","N/A (not impl)","","TMX parser exists but import flow not wired; still marked 'soon' in UI (AQU-179 planned).","Project lead","Import & file.create: project_lead(500)","https://docs.aquilla.app/media/import-usfm-paratext/import-usfm-paratext.mp4","00:00","recorded"
"I-29","Import","CSV bilingual (source + target) import","As a translator, I want to import CSV files with both source and target columns already mapped, so that I can quickly load aligned bilingual data.","User imports CSV with source and target columns. Parser (parseCsvBilingual) extracts aligned pairs. Each pair becomes: source in original column, target populated. Similar to paired import but simpler format detection.","src/lib/parsers/csv-bilingual.ts","none","Implemented","Untested","","","Project lead","Import & file.create: project_lead(500)","https://docs.aquilla.app/media/import-usfm-paratext/import-usfm-paratext.mp4","00:00","recorded"
"I-30","Import","Speaker/cast assignment from subtitle files","As a video translator, I want to import VTT/SRT files with character tags so that dialogue is automatically assigned to speakers, reducing manual casting work.","User imports VTT/SRT with <v Speaker Name> tags. TTS settings (voices, castAssignments) are updated in batch. SpreadsheetImportPanel receives onCastUpdated callback; buildCastAdditions creates new voice entries and cell-to-speaker assignments. Result: cells tagged with speaker metadata for audio generation.","src/lib/import/cast-from-speakers.ts; src/components/import/SpreadsheetImportPanel.tsx:128-138","none","Implemented","Untested","","","Project lead","Import & file.create: project_lead(500)","https://docs.aquilla.app/media/import-usfm-paratext/import-usfm-paratext.mp4","00:00","recorded"
"I-31","Import","Paragraph-start signal preservation (USFM)","As a Bible translator, I want paragraph structure markers in USFM to be preserved during import, so that paragraph boundaries are respected in the translation interface.","When importing USFM, ParseUsfmLossless detects paragraph-start markers (e.g. \p). Verses that begin a paragraph get paragraphStart=true flag. UI uses this for grouping context display (D1, D2 signals per design spec 2026-06-18).","src/lib/import.ts:359-362; src/lib/parsers/usfm-lossless.ts","none","Implemented","Untested","","","Project lead","Import & file.create: project_lead(500)","https://docs.aquilla.app/media/import-usfm-paratext/import-usfm-paratext.mp4","00:00","recorded"
"I-32","Import","Frontier authentication (login/signup/forgot password)","As a user, I want to sign up for, log in to, and reset my password on the Frontier LLM platform, so that I can access AI-powered features like rule extraction and completions.","User accesses Frontier login/signup forms (FrontierLoginForm, FrontierSignupForm, FrontierForgotPasswordForm). Login requires username/email + password. Signup requires username (3-50 chars), email, password (8+ chars, not containing email local part). Forms show online/offline state. Eye icon toggles password visibility. Signup includes password strength meter. On success, session persists in useFrontierSession hook.","src/components/git-import/FrontierLoginForm.tsx; src/components/git-import/FrontierSignupForm.tsx; src/components/git-import/FrontierForgotPasswordForm.tsx","none","Implemented","Untested","","Part of git-import subdirectory; currently used for Frontier LLM access, not file import per se.","Project lead","Import & file.create: project_lead(500)","https://docs.aquilla.app/media/import-usfm-paratext/import-usfm-paratext.mp4","00:00","recorded"
"I-33","Import","Dialog navigation back button","As a user in the ImportDialog, I want a back button that returns me to the previous screen without losing data, so that I can explore options without committing.","From any ImportDialog sub-screen (upload, ebible, macula, etc.), Back button (aria-label='Back to import types') appears in DialogTitle. Clicking returns to landing screen with all options. No data loss — state preserved if user re-enters sub-screen.","src/components/ImportDialog.tsx:440-480","e2e/specs/editor/import-back-to-types.smoke.spec.ts","Implemented","Untested","","","Project lead","Import & file.create: project_lead(500)","https://docs.aquilla.app/media/import-usfm-paratext/import-usfm-paratext.mp4","00:00","recorded"
"I-34","Import","Import type selector landing screen","As a user, I want to see all available import options organized by category (Popular vs Specialized), so that I can quickly find the format I need.","ImportDialog opens to landing screen with title 'Import'. Two sections: POPULAR_OPTIONS (Upload files, eBible Corpus, Bible API, Spreadsheet) and SPECIALIZED_OPTIONS (Macula, Paired, Labels, Translation Notes, Translation Memory 'coming soon'). Each option card shows icon, title, hint, description. Beta or 'Soon' badge displayed. Coming-soon items are disabled (cursor-not-allowed, opacity-55). Clicking enabled card routes to that import type's screen.","src/components/ImportDialog.tsx:640-712","e2e/specs/editor/import-dialog.smoke.spec.ts, e2e/specs/editor/import-coming-soon-disabled.smoke.spec.ts","Implemented","Untested","","","Project lead","Import & file.create: project_lead(500)","https://docs.aquilla.app/media/import-usfm-paratext/import-usfm-paratext.mp4","00:00","recorded"
"I-35","Import","Bulk upload source cells (AD-2 event chain)","As a developer, I want the import system to emit file.create + source.cell.create events in an AD-2 event chain to the server, so that imported cells are properly versioned and auditable.","After parsing, emitParsedFile calls bulkUploadSource with BulkImportCell array. Each cell becomes a source.cell.create event chained via anchor_cell_id. First cell has anchor_cell_id=null. Cells uploaded in large chunks to /import endpoint (lib/sync/bulk-import.ts) rather than dripped through outbox (for performance). Server applies chunks and cells projection lands as events are processed.","src/lib/sync/bulk-import.ts; src/lib/import.ts:412-450","none","Implemented","Untested","","","Project lead (source steward)","Source content edits: project_lead(500)","https://docs.aquilla.app/media/import-usfm-paratext/import-usfm-paratext.mp4","00:00","recorded"
"I-36","Import","Conflict resolution (keep vs replace) on target import","As a translator importing target text, I want to decide per-cell whether to keep the existing translation or replace it with the incoming one, so that I have control over overwrites.","During target import review (FileTargetImportPanel, EBibleTargetReviewPanel, PairedImportPanel), matched cells with hasConflict=true are marked with 'Replaces: [current text]' note. User must explicitly check the checkbox to approve the replacement. Pre-selection: non-conflicting cells auto-checked; conflicting cells unchecked by default. Only checked cells are committed.","src/components/import/FileTargetImportPanel.tsx:73-76; src/components/PairedImportPanel.tsx:99-103","none","Implemented","Untested","","","Project lead","Import & file.create: project_lead(500)","https://docs.aquilla.app/media/import-usfm-paratext/import-usfm-paratext.mp4","00:00","recorded"
"I-37","Import","Duplicate reference handling during import","As a translator, I want the system to handle duplicate references in USFM or incoming data gracefully, so that import doesn't fail and I can see what was matched.","When multiple source cells or rows share the same canonical ref, matcher uses 'first cell wins' strategy (first encountered cell is matched; later rows targeting same ref become orphans). UsfmToTargetRows and matchTargetRowsByRef explicitly track this behavior. User sees orphans listed in review with note '(duplicate ref — later row skipped)'.","src/lib/import-file-target.ts:61-98; src/lib/import.ts:144-150","none","Implemented","Untested","","","Project lead (source steward)","Source content edits: project_lead(500)","https://docs.aquilla.app/media/import-usfm-paratext/import-usfm-paratext.mp4","00:00","recorded"
"I-38","Import","Blank cell handling (never clear existing translations with empty rows)","As a translator, I want empty rows in an import file to be skipped rather than clearing existing translations, so that accidental blank cells don't delete work.","During target import matching (byRef or byOrder), TargetRow with empty/whitespace-only text is ignored — not matched, not committed. Row is discarded silently (no orphan listing for empty rows). This prevents blank spreadsheet cells from clearing existing translations.","src/lib/import-file-target.ts:76-77","none","Implemented","Untested","","","Project lead","Import & file.create: project_lead(500)","https://docs.aquilla.app/media/import-usfm-paratext/import-usfm-paratext.mp4","00:00","recorded"
"E-01","Export","Export dialog open/close","As a translator, I want to open and close an export dialog with a single button click, so that I can access export options on demand.","User clicks 'Export' button in the file toolbar or menu. Dialog appears with title 'Export' and format/scope selectors. Pressing Escape or clicking Cancel closes the dialog. If organization policy flips to disallow export while dialog is open, it auto-closes (AQU-253 b fix).","src/components/ExportDialog.tsx:1-45; src/components/ExportDialog.tsx:172-200; src/components/ExportDialog.tsx:372-375","none","Implemented","Untested","","Auto-close on canExport flip (AQU-253) is implemented to prevent stale dialog when org policy changes mid-session. canExport defaults to true for non-org contexts.","Any member (export-gated)","Export gated by org exportMinRole (default viewer 100; configurable up the ladder)","https://docs.aquilla.app/media/export-usfm-docx/export-usfm-docx.mp4","00:00","recorded"
"E-02","Export","Format selection (11 formats)","As a translator, I want to choose from multiple export formats to match my downstream tool requirements (USFM, DOCX, plain text, CSV, TSV, Markdown, XLIFF, TMX, WebVTT, audio-by-character, plain-text-dump).","Dialog shows a scrollable RadioGroup listing available formats. Each format option shows label, file extension (.ext), lossy/lossless status badge, and description. User selects one format via radio button. Pre-selection: USFM if file is USFM, DOCX if file is DOCX, otherwise TSV. Some formats are conditionally hidden: USFM only for USFM files; DOCX only for DOCX imports; plain-text-dump in Advanced section only.","src/components/ExportDialog.tsx:43-135; src/components/ExportDialog.tsx:386-431; src/components/ExportDialog.tsx:540-610","none","Implemented","Untested","","FORMAT_OPTIONS array defines all 11 formats. DOCX conditional on isDocxFile prop. USFM conditional on isUsfmFile prop. Plain-text-dump is Advanced-only (hidden from main list, shown in collapsible details).","Any member (export-gated)","Export gated by org exportMinRole (default viewer 100; configurable up the ladder)","https://docs.aquilla.app/media/export-usfm-docx/export-usfm-docx.mp4","00:00","recorded"
"E-03","Export","Export format: USFM (Universal Standard Format Markup)","As a Bible translator, I want to export my translation as USFM with translations injected back into the original markup, so that I can round-trip the file back to my source format.","User selects USFM format. When exporting file-scope: server-side route fetches raw USFM, injects client translations, returns the SFML file. When exporting project-scope: zips all exportable (USFM) files from the project. Headers are read for lossy-verse-count (AQU-276) to surface structural loss (footnotes, poetry, character markers). Files imported before round-trip support (no side-car) show 404 error; UI surfaces 're-import to enable export'. Project zip shows how many files were skipped and why.","src/components/ExportDialog.tsx:54-61; src/components/ExportDialog.tsx:244-273; src/lib/sync/source-export.ts:45-70; src/lib/sync/source-export.ts:134-182","none","Implemented","Untested","","Server-side export (sync-worker route). Lossy-verse-count header read from server response (AQU-276). 404 on missing side-car means file imported before support was added. Project-scope zips sequentially, not concurrently, by design (dev sync-worker has race condition under concurrent imports).","Any member (export-gated)","Export gated by org exportMinRole (default viewer 100; configurable up the ladder)","https://docs.aquilla.app/media/export-usfm-docx/export-usfm-docx.mp4","00:05","recorded"
"E-04","Export","Export format: DOCX (Word document round-trip)","As a translator using Word documents, I want to export my translation back into the original Word file preserving paragraph/heading structure, so that I can maintain document formatting.","User selects DOCX format (only shown for files imported as .docx). Client fetches raw DOCX side-car bytes from server. Uses JSZip to open DOCX and DOMParser to parse word/document.xml. Paragraphs are matched positionally: first non-empty paragraph in DOCX → first unique group in cells. Translations injected per paragraph. Dominant run's character formatting (bold, italic, underline, font-size, font-family) is preserved. Mixed-format paragraphs lose per-run formatting—entire translated text gets first run's formatting (SWARM-TODO). Untranslated paragraphs left unchanged. Paragraph/heading style (w:pPr) preserved. Result zipped as .docx. File size > 512 KB at import has no side-car; falls back to 501 error.","src/components/ExportDialog.tsx:62-70; src/components/ExportDialog.tsx:274-287; src/lib/export/exporters/docx.ts:1-240","none","Partial","Untested","","AQU-233. Client-side injection via JSZip + DOMParser. Known limitation: mixed-format paragraphs (e.g., 'Hello <bold>world</bold> today') collapse to single run, losing mid-paragraph emphasis (SWARM-TODO). Requires original import with side-car support; older/large files (>512KB) cannot use this format.","Any member (export-gated)","Export gated by org exportMinRole (default viewer 100; configurable up the ladder)","https://docs.aquilla.app/media/export-usfm-docx/export-usfm-docx.mp4","00:05","recorded"
"E-05","Export","Export format: Plain text (.txt)","As a translator, I want to export translated segments as simple plain text, one line per segment, for use in text-only workflows.","User selects 'Plain text'. Client-side exporter filters cells to those with non-empty translated text, trims each, and joins with newlines. Empty/untranslated cells skipped. Result downloaded as .txt file. Marked lossy: paragraph structure, USFM markers, formatting all lost.","src/components/ExportDialog.tsx:72-77; src/lib/export/exporters/plaintext.ts:1-12","none","Implemented","Untested","","SWARM-TODO(export): paragraph/section structure not preserved. Only translated text value of each cell emitted.","Any member (export-gated)","Export gated by org exportMinRole (default viewer 100; configurable up the ladder)","https://docs.aquilla.app/media/export-usfm-docx/export-usfm-docx.mp4","00:00","recorded"
"E-06","Export","Export format: Markdown (.md)","As a translator, I want to export translations as Markdown with canonical ref anchors for easy human reading and sharing.","User selects 'Markdown'. Client-side exporter iterates cells, skips empty translations, prepends each with HTML comment containing its group (canonical ref) if present, then appends the translated text with blank line separator. Result is .md file. Marked lossy: USFM heading levels, poetry, tables, footnotes not preserved—flat segment-per-paragraph output only.","src/components/ExportDialog.tsx:79-84; src/lib/export/exporters/markdown.ts:1-18","none","Implemented","Untested","","SWARM-TODO(export): only flat segment-per-paragraph output. USFM heading levels, poetry (\q), tables, footnotes not preserved.","Any member (export-gated)","Export gated by org exportMinRole (default viewer 100; configurable up the ladder)","https://docs.aquilla.app/media/export-usfm-docx/export-usfm-docx.mp4","00:00","recorded"
"E-07","Export","Export format: Bilingual TSV (tab-separated values)","As a translator, I want to export source and target side-by-side in tab-separated format for CAT tool import or spreadsheet review.","User selects 'Bilingual TSV'. Client-side exporter generates RFC-4180-compliant output: header row 'id⇥source⇥target', then one row per cell with id (group or cell.id), original text, translated text. Fields with double-quotes, tabs, CR, or LF are wrapped in double-quotes with internal quotes doubled. Simple fields emitted bare. Result downloaded as .tsv. Marked lossy: inline markup (bold, italics, footnote markers) stripped; plain-text values only.","src/components/ExportDialog.tsx:86-91; src/lib/export/exporters/tsv.ts:1-31","none","Implemented","Untested","","SWARM-TODO(export): lossy—inline markup stripped. RFC-4180 quoting for special characters. Default pre-selected format for non-USFM, non-DOCX files.","Any member (export-gated)","Export gated by org exportMinRole (default viewer 100; configurable up the ladder)","https://docs.aquilla.app/media/export-usfm-docx/export-usfm-docx.mp4","00:05","recorded"
"E-08","Export","Export format: Bilingual CSV (comma-separated values)","As a translator, I want to export source and target in RFC 4180 CSV format for import into external translation tools.","User selects 'Bilingual CSV'. Client-side exporter generates RFC 4180-compliant output: header 'id,source,target', one row per cell. Fields quoted only if they contain comma, double-quote, or newline. Result downloaded as .csv. Marked lossy: inline markup stripped; plain-text values only.","src/components/ExportDialog.tsx:92-98; src/lib/export/exporters/csv.ts:1-23","none","Implemented","Untested","","SWARM-TODO(export): lossy—inline markup stripped. RFC 4180 field quoting.","Any member (export-gated)","Export gated by org exportMinRole (default viewer 100; configurable up the ladder)","https://docs.aquilla.app/media/export-usfm-docx/export-usfm-docx.mp4","00:00","recorded"
"E-09","Export","Export format: XLIFF 1.2 (XML Localization Interchange File Format)","As a translator using CAT tools, I want to export translations in XLIFF 1.2 format for standard industry-compatible exchange.","User selects 'XLIFF 1.2'. Client-side exporter generates XML with source/target language attributes, trans-unit per cell with id, source, target (state=final if validated, translated if non-empty, new if empty), and note. XML-escaped. Result downloaded as .xlf. Marked lossy: inline formatting (bold, italics, footnotes) not expressed as XLIFF <g>/<x> elements; plain-text values only.","src/components/ExportDialog.tsx:100-105; src/lib/export/exporters/xliff.ts:1-43","none","Implemented","Untested","","SWARM-TODO(export): lossy—inline elements not expressed as XLIFF <g>/<x>. Generic bilingual XLIFF for CAT tool import. Source/target language derived from sourceLanguage / targetLanguage props.","Any member (export-gated)","Export gated by org exportMinRole (default viewer 100; configurable up the ladder)","https://docs.aquilla.app/media/export-usfm-docx/export-usfm-docx.mp4","00:00","recorded"
"E-10","Export","Export format: TMX 1.4b (Translation Memory eXchange)","As a translator, I want to export translations as TMX to build or update my translation memory database.","User selects 'TMX 1.4b'. Client-side exporter generates XML with header (creationtool=Aquilla, datatype=PlainText, segtype=sentence, admin/srclang from props, creation timestamp). Body contains trans-units (tu) only for cells with both non-empty source and target. Each tu has tuid (group or cell.id) and two translation-unit variations (tuv) for source and target langs. XML-escaped. Result downloaded as .tmx. Marked lossy: inline formatting (bold, italics, footnotes) not expressed as TMX <ph>/<bpt>/<ept> elements; plain-text values only.","src/components/ExportDialog.tsx:106-112; src/lib/export/exporters/tmx.ts:1-45","none","Implemented","Untested","","SWARM-TODO(export): lossy—inline elements not expressed as TMX <ph>/<bpt>/<ept>. Filters to cells with both source and target non-empty. ISO timestamp format (YYYYMMDDTHHMMSS).","Any member (export-gated)","Export gated by org exportMinRole (default viewer 100; configurable up the ladder)","https://docs.aquilla.app/media/export-usfm-docx/export-usfm-docx.mp4","00:00","recorded"
"E-11","Export","Export format: WebVTT (Web Video Text Tracks / subtitles)","As a translator working on video subtitles, I want to export translations as WebVTT with cast member voice tags, so that I can preserve speaker identity through the round-trip.","User selects 'WebVTT'. Client-side exporter generates WEBVTT header, then one cue per cell with startTime/endTime. Cells without timecodes skipped. Translated text (or original as fallback) is HTML-stripped. Cells explicitly assigned to a cast member get <v speaker>text</v> voice tag (matching speaker identity). Unassigned/default cells stay plain text. Result downloaded as .vtt. Marked lossy: timing/structure preserved but metadata lost.","src/components/ExportDialog.tsx:114-119; src/lib/export/exporters/vtt.ts:1-29; src/lib/export/vtt-voice.ts:1-20","none","Implemented","Untested","","Cells without startTime/endTime silently skipped. Voice name is sanitized to remove <, >, and newlines (escapeVoiceName). Matches codex-editor's 'no tag unless labeled' pattern. File-scope only (not project-scope).","Any member (export-gated)","Export gated by org exportMinRole (default viewer 100; configurable up the ladder)","https://docs.aquilla.app/media/export-usfm-docx/export-usfm-docx.mp4","00:00","recorded"
"E-12","Export","Export format: Audio by character (.zip of WAV files)","As a voice director, I want to export audio clips grouped by cast member as individual WAV files, so that I can review each character's performance across the document.","User selects 'Audio by character'. Client-side orchestrator groups cells by cast voice (groupAudioByCharacter). For each character: fetches best-available audio (recording slot first, then generated-voice slot), decodes to mono PCM at 48kHz, concatenates all clips back-to-back in document order (no silence, no timeline). Each character's concatenated PCM is encoded as PCM16 WAV. Files disambiguated by character name + language code (e.g., 'moses_fr.wav', 'moses_fr_2.wav' for duplicates). All WAVs zipped (DEFLATE). Progress callback fires per clip decoded. Skipped clips are reported (e.g., missing audio, decode failures). Result downloaded as <safe-name>_audio-by-character.zip. Marked non-lossy (timings are full-length, concatenation preserves all audio). Inline preview shows each character's clip count and total duration. File-scope only.","src/components/ExportDialog.tsx:120-126; src/components/ExportDialog.tsx:288-309; src/components/ExportDialog.tsx:493-523; src/lib/export/audio-by-character.ts:1-165","none","Implemented","Untested","","groupAudioByCharacter extracts best audio ID per cell, resolves voice from cast/TTS settings, groups by voice. Concatenation is document-order back-to-back; trim-honoring deferred (clips export full-length). Character names sanitized (characterKey) to filesystem-safe names. Handles empty character groups gracefully. Preview shows character name, clip count, total duration. Skipped clips logged to console with reason.","Any member (export-gated)","Export gated by org exportMinRole (default viewer 100; configurable up the ladder)","https://docs.aquilla.app/media/export-usfm-docx/export-usfm-docx.mp4","00:00","recorded"
"E-13","Export","Export format: Plain-text dump (.txt advanced option)","As a translator, I want a quick 'content extraction only' export format that dumps every translated segment one per line with optional ref prefixes, for rapid content review.","User opens 'Advanced' section at bottom of dialog. Selects 'Plain-text dump' radio. Optional checkbox 'Prefix each line with canonical ref' toggles ref inclusion. Client-side exporter: if title option is provided, prepends it as first line followed by blank line. Filters to non-empty translated cells. For each: if includeRefs, emits 'ref⇥text'; else emits text only. Result downloaded as .txt. Marked lossy with detailed honesty bar: loses footnotes, cross-references, poetry layout, headings, paragraph markers, bold/italic, back-translations, validation state, untranslated segments, format-specific metadata. Not suitable for re-import.","src/components/ExportDialog.tsx:127-135; src/components/ExportDialog.tsx:540-610; src/lib/export/exporters/plain-text-dump.ts:1-48","none","Implemented","Untested","","Advanced-only (hidden from main list, shown in collapsible details). Provides checkbox option to include/exclude canonical refs. Includes detailed loss documentation in UI and code (AQU-276 honesty bar). File-scope only (not project-scope).","Any member (export-gated)","Export gated by org exportMinRole (default viewer 100; configurable up the ladder)","https://docs.aquilla.app/media/export-usfm-docx/export-usfm-docx.mp4","00:00","recorded"
"E-14","Export","Export scope: File vs Project","As a translator, I want to export either the current file or all files in the project at once, so that I can choose the granularity that fits my workflow.","Dialog shows RadioGroup (aria-label='Export scope') with two options: 'Current file' (default) and 'Whole project'. User toggles via visible label (radio is sr-only). Some formats (audio-by-character, vtt, docx, plain-text-dump) only support file scope; project option is disabled (opacity 40%, non-clickable, aria-disabled). When project-scope is selected and format is client-side (not usfm/docx/vtt/audio/dump), useProjectCells hook fans out over all project files (up to 40 max) and loads their cells. Large projects (>40 files) show warning: 'This project has more than 40 files — zip will include the first 40 only'. Progress shown while cells loading (skeleton loaders). Export button disabled until cells done loading.","src/components/ExportDialog.tsx:205-215; src/components/ExportDialog.tsx:230-238; src/components/ExportDialog.tsx:434-491; src/components/ExportDialog.tsx:310-327","none","Implemented","Untested","","File-only formats hard-coded: audio-by-character, vtt, docx, plain-text-dump. Project-scope fan-out capped at 40 files (MAX_FILES). SWARM-TODO(project-export-scale): server batch-export endpoint for large projects. Scope auto-resets to 'file' when switching to file-only format.","Any member (export-gated)","Export gated by org exportMinRole (default viewer 100; configurable up the ladder)","https://docs.aquilla.app/media/export-usfm-docx/export-usfm-docx.mp4","00:00","recorded"
"E-15","Export","Lossy format warning banner","As a translator, I want to be warned when a format is lossy, so that I understand what structural information will be lost in export.","Dialog shows a note (role='note', aria-label='Lossy format warning') when selected format has lossy:true. Warning reads: 'This format is lossy — inline markup, paragraph structure, and some metadata will not round-trip back to the original format.' Warning disappears when user selects a non-lossy format (USFM, DOCX, audio-by-character).","src/components/ExportDialog.tsx:225-226; src/components/ExportDialog.tsx:525-538","none","Implemented","Untested","","Styled with amber background/border and AlertTriangle icon. Automatically shown/hidden based on selectedFormat.lossy.","Any member (export-gated)","Export gated by org exportMinRole (default viewer 100; configurable up the ladder)","https://docs.aquilla.app/media/export-usfm-docx/export-usfm-docx.mp4","00:00","recorded"
"E-16","Export","USFM lossy-verse warning (AQU-276)","As a Bible translator, I want to see exactly how many verses lost structural markup (footnotes, poetry, character markers) during USFM export, so that I can decide whether to re-export or accept the loss.","After USFM export completes, server returns X-Usfm-Lossy-Verse-Count header. If count > 0, status shows ok-lossy state with message and additional warning: '{N} verse(s) contained footnotes, poetry, or character markers in the source USFM — their structure is replaced by plain translated text.' If count = 0 or header absent, shows simple ok message.","src/components/ExportDialog.tsx:261-272; src/components/ExportDialog.tsx:637-644; src/lib/sync/source-export.ts:37-43; src/lib/sync/source-export.ts:63-65","none","Implemented","Untested","","AQU-276 honesty bar. Server-side calculation. Displayed as formatted warning in green success state with amber sub-text. Handles null/absent header gracefully (older route version).","Any member (export-gated)","Export gated by org exportMinRole (default viewer 100; configurable up the ladder)","https://docs.aquilla.app/media/export-usfm-docx/export-usfm-docx.mp4","00:00","recorded"
"E-17","Export","Project-scope zip file aggregation (client-side)","As a translator, I want to export all files in my project as a single zip with one file per format, so that I can download everything in one click.","User selects project scope and client-side format (txt/md/tsv/csv/xlf/tmx). useProjectCells fans out to load all files' cells. Once loaded, buildProjectZip runs each file's cells through the format exporter. Zip entries named '<fileName without ext>.<formatExt>' (e.g., 'gen.tsv', 'exo.tsv'). Entries added even if cells empty (exporters handle gracefully). Zip compressed with DEFLATE. Filename: '<safe-project-name>.<format-ext>.zip' (special chars stripped to dashes). Progress shows 'Building zip for N files…'. On success: 'Downloaded N files' + truncation note if >40 files.","src/components/ExportDialog.tsx:310-327; src/lib/export/project-zip-export.ts:1-92","none","Implemented","Untested","","Client-side zip building via JSZip. buildProjectZip accepts already-fetched per-file cells. Truncation at 40 files enforced by useProjectCells hook. Empty project case: error thrown (SWARM-TODO recovery).","Any member (export-gated)","Export gated by org exportMinRole (default viewer 100; configurable up the ladder)","https://docs.aquilla.app/media/export-usfm-docx/export-usfm-docx.mp4","00:00","recorded"
"E-18","Export","Lossy-verse count display formatting","As a Bible translator, I want the lossy-verse count message to be grammatically correct whether it's 1 verse or many.","USFM export status displays pluralized: '1 verse contained…' vs '{N} verses contained…'","src/components/ExportDialog.tsx:640-642","none","Implemented","Untested","","Ternary pluralization in status message.","Any member (export-gated)","Export gated by org exportMinRole (default viewer 100; configurable up the ladder)","https://docs.aquilla.app/media/export-usfm-docx/export-usfm-docx.mp4","00:00","recorded"
"E-19","Export","Export progress feedback","As a translator, I want to see real-time progress during long exports, so that I know the operation is not stuck.","During export, status shows 'Exporting…' then format-specific messages: 'Downloading X/Y…' (USFM project), 'Fetching original document…' (DOCX), 'Injecting translations…' (DOCX), 'Decoding audio…' (audio-by-character), 'Decoding X/Y…' (audio clips), 'Building zip for N files…' (project-scope). Export button shows spinner and is disabled while busy. Cancel button disabled during export.","src/components/ExportDialog.tsx:240-370; src/components/ExportDialog.tsx:626-664","none","Implemented","Untested","","Status state machine: idle | busy | error | ok | ok-lossy. Busy state disables buttons and shows spinner. onProgress callbacks used for clip counts (audio) and file counts (project zip).","Any member (export-gated)","Export gated by org exportMinRole (default viewer 100; configurable up the ladder)","https://docs.aquilla.app/media/export-usfm-docx/export-usfm-docx.mp4","00:00","recorded"
"E-20","Export","Export error handling and user feedback","As a translator, I want clear error messages when export fails, so that I understand what went wrong.","If export throws an error, status shows 'error' state with error message (from exception or generic 'Export failed.'). Message displayed in red warning box with AlertTriangle icon. Export button re-enabled so user can retry. Specific errors: SourceExportError with status 404 means 're-import to enable export' (AQU-331 UI surfaces this).","src/components/ExportDialog.tsx:367-370; src/components/ExportDialog.tsx:612-646; src/lib/sync/source-export.ts:27-35","none","Implemented","Untested","","Try-catch around handleExport. SourceExportError tracks HTTP status so UI can provide context-aware recovery hints.","Any member (export-gated)","Export gated by org exportMinRole (default viewer 100; configurable up the ladder)","https://docs.aquilla.app/media/export-usfm-docx/export-usfm-docx.mp4","00:00","recorded"
"E-21","Export","Export button toolbar entry point (AQU-331)","As a translator, I want to access the export dialog from the file toolbar, so that I can quickly export the current file.","Header overflow menu has 'Export' button that opens ExportDialog. Menu only shown for exportable file types (USFM). Button disabled if org policy disallows export (AQU-253).","src/components/ExpandableFileList.tsx:EXPORTABLE_FILE_TYPES; src/components/ProjectWorkspace.tsx","none","Implemented","Untested","","AQU-331 UI button. EXPORTABLE_FILE_TYPES = {'usfm'} determines which files show export button. canExportByOrgPolicy prop gates on org policy (AQU-253).","Any member (export-gated)","Export gated by org exportMinRole (default viewer 100; configurable up the ladder)","https://docs.aquilla.app/media/export-usfm-docx/export-usfm-docx.mp4","00:00","recorded"
"E-22","Export","Organization policy export gating (AQU-253)","As an organization administrator, I want to control whether members can export files, so that I can enforce IP protection or compliance policies.","canExportByOrgPolicy prop (defaults to true) controls whether export button is shown and whether export dialog can stay open. If false: export button hidden from menu, export dialog auto-closes when this prop flips false after opening (AQU-253 b fix).","src/components/ExportDialog.tsx:146-198; src/components/ExpandableFileList.tsx:canExportByOrgPolicy; src/components/ProjectWorkspace.tsx","none","Implemented","Untested","","AQU-253 a fix (button hiding) and b fix (auto-close). Org policy flows from project settings through ProjectWorkspace → ExportDialog.","Any member (export-gated)","Export gated by org exportMinRole (default viewer 100; configurable up the ladder)","https://docs.aquilla.app/media/export-usfm-docx/export-usfm-docx.mp4","00:00","recorded"
"E-23","Export","USFM file-side export (per-file server route)","As a Bible translator, I want to export a single USFM file with translations injected, so that I can quickly get a round-trip file.","User selects USFM format, file scope. Export triggers downloadSourceFile which: fetches GET /api/v1/projects/:id/files/:fileId/source (requires sync token). Server returns USFM with translations substituted. Client receives raw USFM bytes, reads X-Usfm-Lossy-Verse-Count header, triggers browser download with .SFM extension. If 404: SourceExportError surfaces 'file imported before round-trip support — re-import to enable'.","src/components/ExportDialog.tsx:258-272; src/lib/sync/source-export.ts:45-70","none","Implemented","Untested","","Server-side export via sync-worker. Lossy-verse count read from response header (AQU-276).","Any member (export-gated)","Export gated by org exportMinRole (default viewer 100; configurable up the ladder)","https://docs.aquilla.app/media/export-usfm-docx/export-usfm-docx.mp4","00:00","recorded"
"E-24","Export","USFM project-scope export (all files zipped server-side)","As a Bible translator, I want to export all USFM files in my project as a single zip with translations, so that I can archive or share the complete translation.","User selects USFM format, project scope. Export triggers downloadProjectZip which: iterates project files, filters to EXPORTABLE (usfm only), fans out sequential per-file fetch of GET /api/v1/projects/:id/files/:fileId/source. Each file's response is added to a JSZip with name matching original filename (or +.SFM if no ext). Files with 404 are skipped and reported with reason. On completion: 'Downloaded N files' message + truncation note if >40 files skipped or error note. No files exported = error thrown. Result zipped with DEFLATE and downloaded.","src/components/ExportDialog.tsx:245-257; src/lib/sync/source-export.ts:110-182","none","Implemented","Untested","","Sequential by design (dev sync-worker race condition under concurrent imports). EXPORTABLE_FILE_TYPES = {'usfm'}. Older imports (no side-car) silently skipped with reason logged.","Any member (export-gated)","Export gated by org exportMinRole (default viewer 100; configurable up the ladder)","https://docs.aquilla.app/media/export-usfm-docx/export-usfm-docx.mp4","00:00","recorded"
"E-25","Export","DOCX file-side export (fetch + client-side injection)","As a translator working with Word documents, I want to export my translation back into the original Word file with structure preserved, so that I can use the translated document downstream.","User selects DOCX format, file scope. Export triggers fetchSourceSidecar to GET /api/v1/projects/:id/files/:fileId/source (with X-Export-Mode: raw-sidecar header implicitly expected). Server returns raw DOCX bytes as ArrayBuffer. Client uses JSZip.loadAsync to parse DOCX, extracts word/document.xml. DOMParser parses XML. Paragraphs matched positionally to groups. Translations injected via injectTranslationIntoParagraph: dominant run's w:rPr (formatting) cloned and applied to single replacement run. Result XMLSerializer'd back and zipped. Downloaded as <filename>.docx. Message shows injection count ('N paragraph(s) translated') or '(no translations to inject — download original structure)' if none.","src/components/ExportDialog.tsx:274-287; src/lib/export/exporters/docx.ts:1-240","none","Partial","Untested","","AQU-233. Client-side injection. Known gap: mixed-format paragraphs lose per-run formatting (SWARM-TODO). Requires files imported with side-car support; >512KB files at import not supported.","Any member (export-gated)","Export gated by org exportMinRole (default viewer 100; configurable up the ladder)","https://docs.aquilla.app/media/export-usfm-docx/export-usfm-docx.mp4","00:00","recorded"
"E-26","Export","Audio decode and WAV encode for audio-by-character","As a voice director, I want audio clips decoded to a consistent format and concatenated losslessly, so that I can review the final audio output.","Audio-by-character export: production wires decodeToMono48k (Web Audio decode) and fetchCellAudio (R2 fetch). Each clip: parsed via parseFrontierAudioUrl, fetched from R2, decoded to mono PCM at 48kHz via AudioContext + offline render, accumulated in array. After all clips for a character: concatPcm joins them back-to-back. encodeWavPcm16 encodes to WAV PCM16 (16-bit signed). Each character's WAV added to zip.","src/components/ExportDialog.tsx:288-309; src/lib/export/audio-by-character.ts:35-102; src/lib/export/audio-by-character.ts:125-164","none","Implemented","Untested","","decode and fetchBytes injected as test doubles in tests. TARGET_RATE = 48000 Hz (hardcoded). No silence between clips; document-order concatenation.","Any member (export-gated)","Export gated by org exportMinRole (default viewer 100; configurable up the ladder)","https://docs.aquilla.app/media/export-usfm-docx/export-usfm-docx.mp4","00:00","recorded"
"E-27","Export","Audio-by-character preview inline in dialog","As a voice director, I want to see a preview of which characters will be exported and how many clips each has, so that I can verify the grouping before export.","When audio-by-character format selected: dialog shows Preview section (below lossy warning) with each character's name, color dot (from voice.color), clip count, and total duration (MM:SS format, null if any clip missing durationMs). If no clips found: 'No cells with audio found in this file.'","src/components/ExportDialog.tsx:493-523","none","Implemented","Untested","","previewAudioByCharacter function pre-computes preview data (groupAudioByCharacter + duration aggregation). Show only in file-scope (not project) to avoid confusion.","Any member (export-gated)","Export gated by org exportMinRole (default viewer 100; configurable up the ladder)","https://docs.aquilla.app/media/export-usfm-docx/export-usfm-docx.mp4","00:00","recorded"
"E-28","Export","File-only format scope restriction UI","As a translator, I want clear indication of which export formats don't support project scope, so that I don't accidentally try an unsupported operation.","When user selects audio-by-character, vtt, docx, or plain-text-dump: Whole project radio becomes disabled (opacity 40%, non-clickable, cursor-not-allowed). Scope auto-reverts to 'Current file'. Below scope selector: footnote says 'Project scope not supported for this format.'","src/components/ExportDialog.tsx:205-215; src/components/ExportDialog.tsx:445-474","none","Implemented","Untested","","fileOnlyFormats hard-coded array. Scope auto-reset on mount useEffect.","Any member (export-gated)","Export gated by org exportMinRole (default viewer 100; configurable up the ladder)","https://docs.aquilla.app/media/export-usfm-docx/export-usfm-docx.mp4","00:00","recorded"
"E-29","Export","Plain-text-dump ref inclusion toggle","As a translator, I want to optionally include canonical refs (e.g., 'GEN 1:1') on each line of plain-text-dump export, so that I can quickly locate verses in the document.","When plain-text-dump format selected: checkbox appears 'Prefix each line with canonical ref (e.g. GEN 1:1)'. Unchecked by default. When checked, exportPlainTextDump receives includeRefs: true and outputs 'ref⇥text' per line instead of just 'text'.","src/components/ExportDialog.tsx:595-605; src/lib/export/exporters/plain-text-dump.ts:29-47","none","Implemented","Untested","","Checkbox only shown when format === 'plain-text-dump'. dumpIncludeRefs state persisted across format changes within same dialog session.","Any member (export-gated)","Export gated by org exportMinRole (default viewer 100; configurable up the ladder)","https://docs.aquilla.app/media/export-usfm-docx/export-usfm-docx.mp4","00:00","recorded"
"E-30","Export","Download blob utility (posthog analytics capture)","As a product analyst, I want to capture which export formats are actually downloaded, so that I can understand usage patterns.","Every export (client-side blob) calls downloadBlob which: captures 'file exported' event to PostHog with {filename, file_type: extension}. Creates object URL, appends anchor, triggers click, cleans up URL.","src/components/ExportDialog.tsx:26; src/lib/export/export-service.ts:27-38","none","Implemented","Untested","","Tracks all client-side formats. Server-side USFM doesn't go through downloadBlob (server triggers download directly).","Any member (export-gated)","Export gated by org exportMinRole (default viewer 100; configurable up the ladder)","https://docs.aquilla.app/media/export-usfm-docx/export-usfm-docx.mp4","00:00","recorded"
"E-31","Export","Bilingual format language tag prop passing","As a translator, I want source and target languages correctly labeled in bilingual export formats, so that CAT tools and translation memories know which language is which.","ExportDialog receives sourceLanguage and targetLanguage props (default 'und'). When exporting bilingual formats (XLIFF, TMX), these are passed to exportXliff/exportTmx. XLIFF output includes source-language and target-language attributes on <file> element. TMX output includes srclang in header and xml:lang on each <tuv>.","src/components/ExportDialog.tsx:164-165; src/components/ExportDialog.tsx:320-321; src/components/ExportDialog.tsx:347-350; src/lib/export/exporters/xliff.ts:16-42; src/lib/export/exporters/tmx.ts:15-44","none","Implemented","Untested","","Defaults to 'und' (undefined language ISO 639-3 code) if not provided.","Any member (export-gated)","Export gated by org exportMinRole (default viewer 100; configurable up the ladder)","https://docs.aquilla.app/media/export-usfm-docx/export-usfm-docx.mp4","00:00","recorded"
"E-32","Export","Terminology export (CSV and TBX)","As a terminology manager, I want to export managed concepts as CSV or TBX, so that I can share terminology or import into external term bases.","Terminology page has 'Export CSV' and 'Export TBX' buttons (role buttons with aria-label). Buttons disabled until at least one concept is added. Clicking either downloads a file (URL.createObjectURL + anchor.click pattern). CSV and TBX formats are separate from main ExportDialog; they're a different feature area.","e2e/specs/projects/terminology-export.smoke.spec.ts","none","Implemented","Untested","","Different from main export feature; terminology export buttons appear on /project/:id/terminology page, not in ExportDialog.","Any member (export-gated)","Export gated by org exportMinRole (default viewer 100; configurable up the ladder)","https://docs.aquilla.app/media/export-usfm-docx/export-usfm-docx.mp4","00:00","recorded"
"E-33","Export","Default format pre-selection logic","As a translator, I want sensible defaults when opening the export dialog, so that I don't have to reconfigure for typical exports.","Format pre-selection on dialog open: USFM if isUsfmFile, DOCX if isDocxFile, otherwise TSV (Bilingual TSV is the safe default for most formats). Scope pre-selection: always 'Current file'. Advanced section collapsed by default.","src/components/ExportDialog.tsx:200-202","none","Implemented","Untested","","Conditional pre-selection reflects primary use case of each file type.","Any member (export-gated)","Export gated by org exportMinRole (default viewer 100; configurable up the ladder)","https://docs.aquilla.app/media/export-usfm-docx/export-usfm-docx.mp4","00:00","recorded"
"E-34","Export","Status message polishing (plurals, articles)","As a translator, I want grammatically correct status messages, so that the UI feels professional.","Success messages use correct singular/plural: 'Downloaded {baseName}.{ext}' (file), 'Downloaded N files' (project zip), 'Downloaded {baseName}.docx (N paragraph(s) translated)', 'Exported audio by character(N clip(s) skipped)', 'Exported {N} files' (USFM project).","src/components/ExportDialog.tsx:254-257; src/components/ExportDialog.tsx:282-287; src/components/ExportDialog.tsx:308-309; src/components/ExportDialog.tsx:327; src/components/ExportDialog.tsx:365","none","Implemented","Untested","","Ternary operators for singular 'clip' vs plural 'clips', 'paragraph' vs 'paragraphs', etc.","Any member (export-gated)","Export gated by org exportMinRole (default viewer 100; configurable up the ladder)","https://docs.aquilla.app/media/export-usfm-docx/export-usfm-docx.mp4","00:00","recorded"
"E-35","Export","Safe filename sanitization for zip entries","As a translator, I want export zip files and entries to have valid filesystem names, so that they download and extract reliably.","Project zip filename: projectName.replace(/[^\w.-]+/g, '-').replace(/^-+|-+$/g, '') (special chars → dashes, leading/trailing dashes removed). Per-file entry: fileName.replace(/\.[^.]+$/, '') + format-ext. Audio-by-character character names: characterKey = name.replace(/[^\w.-]+/g, '_').replace(/^_+|_+$/g, '') || 'unnamed'.","src/components/ExportDialog.tsx:323; src/lib/export/project-zip-export.ts:84; src/lib/export/audio-by-character.ts:106-109","none","Implemented","Untested","","Multiple sanitization strategies: dashes for projects/files, underscores for character names. Fallback 'unnamed' for empty character name.","Any member (export-gated)","Export gated by org exportMinRole (default viewer 100; configurable up the ladder)","https://docs.aquilla.app/media/export-usfm-docx/export-usfm-docx.mp4","00:00","recorded"
"FRT-01","Formatting & Rich Text","Bold text formatting","As a translator, I want to apply bold formatting to text in the target cell, so that I can match or emphasize specific words like the source.","User selects text in the translation cell → BubbleMenu appears with a Bold button → clicking the button toggles bold on/off via Cmd+B or the UI button. The button shows active state (bg-accent class) when bold is active. Bold is rendered as <strong> or <b> HTML tags and preserved in getHTML() output. StarterKit's Bold mark is enabled.","src/components/TranslatedEditor.tsx:701-712; src/components/TranslatedEditor.tsx:233-241","e2e/specs/editor/formatting-bubble-menu.smoke.spec.ts","Implemented","Untested","","Allowed HTML tags: <b>, <strong>. Preserved on paste via stripToAllowedHtml(). Keyboard shortcut Cmd+B wired by StarterKit.","Translator (contributor)","Apply formatting / edit rich content: contributor(400)","https://docs.aquilla.app/media/editor-translate-cell/editor-translate-cell.mp4","00:00","recorded"
"FRT-02","Formatting & Rich Text","Italic text formatting","As a translator, I want to apply italic formatting to text in the target cell, so that I can match the source formatting or add emphasis.","User selects text in the translation cell → BubbleMenu appears with an Italic button → clicking toggles italic on/off via Cmd+I or UI button. Button shows active state (bg-accent class) when italic is active. Italic is rendered as <em> or <i> tags, preserved in getHTML().","src/components/TranslatedEditor.tsx:714-726; src/components/TranslatedEditor.tsx:233-241","e2e/specs/editor/formatting-italic-toggle.smoke.spec.ts","Implemented","Untested","","Allowed HTML tags: <i>, <em>. Keyboard shortcut Cmd+I wired by StarterKit.","Translator (contributor)","Apply formatting / edit rich content: contributor(400)","https://docs.aquilla.app/media/editor-translate-cell/editor-translate-cell.mp4","00:00","recorded"
"FRT-03","Formatting & Rich Text","Underline text formatting","As a translator, I want to apply underline formatting to text, so that I can preserve underline styling from the source or add emphasis.","User selects text in the translation cell → BubbleMenu appears with Underline button (tooltip: 'Underline (Cmd+U)') → clicking toggles underline on/off via Cmd+U or UI button. Button shows active state (bg-accent class) when underlined. Underline is rendered as <u> tag, preserved in getHTML().","src/components/TranslatedEditor.tsx:727-739; src/components/TranslatedEditor.tsx:233-241","e2e/specs/editor/formatting-underline-strikethrough.smoke.spec.ts","Implemented","Untested","","Allowed HTML tags: <u>. Keyboard shortcut Cmd+U wired by StarterKit.","Translator (contributor)","Apply formatting / edit rich content: contributor(400)","https://docs.aquilla.app/media/editor-translate-cell/editor-translate-cell.mp4","00:00","recorded"
"FRT-04","Formatting & Rich Text","Strikethrough text formatting","As a translator, I want to apply strikethrough formatting to text, so that I can mark text as deleted or show corrections.","User selects text in the translation cell → BubbleMenu appears with Strikethrough button (tooltip: 'Strikethrough') → clicking toggles strikethrough on/off. Button shows active state (bg-accent class) when strikethrough is active. Strikethrough is rendered as <s>, <strike>, or <del> tags, preserved in getHTML().","src/components/TranslatedEditor.tsx:740-752; src/components/TranslatedEditor.tsx:233-241","e2e/specs/editor/formatting-underline-strikethrough.smoke.spec.ts","Implemented","Untested","","Allowed HTML tags: <s>, <strike>, <del>. No keyboard shortcut; button-only toggle.","Translator (contributor)","Apply formatting / edit rich content: contributor(400)","https://docs.aquilla.app/media/editor-translate-cell/editor-translate-cell.mp4","00:00","recorded"
"FRT-05","Formatting & Rich Text","Inline code formatting","As a translator, I want to apply inline code formatting to text, so that I can mark snippets as code or preserve code styling from the source.","User selects text in the translation cell → BubbleMenu appears with Inline code button (tooltip: 'Inline code') → clicking toggles inline code on/off. Button shows active state (bg-accent class) when code mark is active. Code is rendered as <code> tag, preserved in getHTML().","src/components/TranslatedEditor.tsx:753-765; src/components/TranslatedEditor.tsx:233-241","e2e/specs/editor/formatting-inline-code-toggle.smoke.spec.ts","Implemented","Untested","","Allowed HTML tags: <code>. No keyboard shortcut documented; button-only toggle.","Translator (contributor)","Apply formatting / edit rich content: contributor(400)","https://docs.aquilla.app/media/editor-translate-cell/editor-translate-cell.mp4","00:00","recorded"
"FRT-06","Formatting & Rich Text","Bubble menu formatting toolbar","As a translator, I want a floating formatting menu to appear when I select text, so that I can quickly apply formatting without a toolbar.","When user selects text inside a focused contenteditable cell (from !== to), a BubbleMenu floats above the selection with buttons for Bold, Italic, Underline, Strikethrough, and Inline code. Menu appears with placement: 'top'. Menu disappears when selection is cleared or editor loses focus. Each button reflects active mark state with bg-accent class.","src/components/TranslatedEditor.tsx:695-767; src/components/TranslatedEditor.tsx:20-21","e2e/specs/editor/formatting-bubble-menu.smoke.spec.ts","Implemented","Untested","","BubbleMenu from @tiptap/react/menus. shouldShow checks: editor.isFocused && from !== to. Tooltip content provided for each button via AppTooltip.","Translator (contributor)","Apply formatting / edit rich content: contributor(400)","https://docs.aquilla.app/media/editor-translate-cell/editor-translate-cell.mp4","00:00","recorded"
"FRT-07","Formatting & Rich Text","Inline formatting preservation on paste","As a translator, I want pasted HTML to preserve only safe inline formatting, so that I can safely paste without unwanted styles breaking the layout.","User pastes HTML into the editor → transformPastedHTML(html) is called → stripToAllowedHtml() preserves only <b>, <strong>, <i>, <em>, <u>, <s>, <strike>, <del>, <code>, <p>, <br> tags and removes all other tags, attributes, and styles. Footnote spans (data-usfm-footnote) are preserved verbatim. Text content inside removed tags is kept.","src/components/TranslatedEditor.tsx:278-280; src/components/TranslatedEditor.tsx:1041-1076; src/components/TranslatedEditor.tsx:1048","none","Implemented","Untested","","ALLOWED_TAGS set defined at line 1048. walkAndStrip() removes disallowed tags recursively while preserving text content and footnote markers. Runs on every paste.","Translator (contributor)","Apply formatting / edit rich content: contributor(400)","https://docs.aquilla.app/media/editor-translate-cell/editor-translate-cell.mp4","00:00","recorded"
"FRT-08","Formatting & Rich Text","Formatting loss warning icon","As a translator, I want to see when the source has formatting that my translation doesn't preserve, so that I can decide whether to add the formatting or accept the loss.","When viewing a cell row in EditorTable: if sourceHasFormatting=true AND targetHasFormatting=false AND translated is non-empty, an AlertTriangle/TriangleAlert warning icon appears in the row with title 'Source has inline formatting (bold, italic, etc.) that the target doesn\'t preserve. Formatting will be lost on export.'","e2e/specs/editor/formatting-loss-warning.smoke.spec.ts:57","e2e/specs/editor/formatting-loss-warning.smoke.spec.ts","Implemented","Untested","","Icon is data-tooltip driven. Logic for sourceHasFormatting/targetHasFormatting is outside the richtext module (likely in EditorTable or parent cell components).","Translator (contributor)","Apply formatting / edit rich content: contributor(400)","https://docs.aquilla.app/media/editor-translate-cell/editor-translate-cell.mp4","00:00","recorded"
"FRT-09","Formatting & Rich Text","USFM footnote atomic node insertion and selection","As a translator, I want to insert footnote markers into my translation and have them behave as atomic units, so that I can manage footnotes without accidentally breaking the marker syntax.","User calls editor.insertFootnoteMarker(marker, anchor) via imperative handle or through AddFootnoteDialog → footnote node is inserted at the anchor position with marker content (raw USFM \f..\f*) → node is non-selectable and non-focusable but atomic (selecting text across it includes the whole marker as one unit). editor.getText() includes the raw marker verbatim. Marker is displayed as a numbered/lettered badge via the footnote-decoration-plugin.","src/components/TranslatedEditor.tsx:512-543; src/lib/richtext/footnote-node.ts:63-136; src/components/TranslatedEditor.tsx:243","none","Implemented","Untested","","UsfmFootnote node: selectable=false, draggable=false, atom=true. renderText() returns node.attrs.raw for getText() round-trip. NodeView sets role='note', contenteditable='false'. footnoteNumberOffset defaults to 0 and can be passed as prop.","Translator (contributor)","Apply formatting / edit rich content: contributor(400)","https://docs.aquilla.app/media/editor-translate-cell/editor-translate-cell.mp4","00:00","recorded"
"FRT-10","Formatting & Rich Text","Footnote marker deletion with confirmation","As a translator, I want to delete a footnote marker with confirmation, so that I don't accidentally lose footnote content.","User presses Backspace or Delete with cursor adjacent to a footnote marker → system shows inline confirmation banner 'Delete footnote [label]?' with 'I'm sure' and 'Cancel' buttons → user clicks 'I'm sure' to confirm OR presses Backspace/Delete a second time → footnote node is deleted from the editor. Pressing another key before the second Backspace/Delete cancels the pending delete.","src/components/TranslatedEditor.tsx:355-372; src/components/TranslatedEditor.tsx:845-868; src/components/TranslatedEditor.tsx:672-694","none","Implemented","Untested","","Two-stage deletion: first press sets pendingFootnoteDelete state and shows banner; second press (no intervening key) confirms. Banner shows footnote label (numeric or caller character). deleteFootnoteByIndex() dispatches PM transaction to delete node.","Translator (contributor)","Apply formatting / edit rich content: contributor(400)","https://docs.aquilla.app/media/editor-translate-cell/editor-translate-cell.mp4","00:00","recorded"
"FRT-11","Formatting & Rich Text","Footnote Shift+Arrow selection across atomic markers","As a translator, I want to extend text selection across footnote markers using Shift+Arrow keys, so that I can reliably select text containing footnotes.","User holds Shift and presses Left or Right arrow while the selection touches or straddles a footnote node → editor dispatches a deterministic TextSelection that extends across the atomic footnote (one character step includes the whole footnote node). Native Safari selection extension is bypassed to avoid corruption (selection balloon/collapse bugs).","src/components/TranslatedEditor.tsx:373-392; src/components/TranslatedEditor.tsx:822-843","none","Implemented","Untested","","Mitigation for Safari native selection bug with contenteditable=false atoms. Only active if doc contains footnotes. Returns false (native selection) for footnote-free cells.","Translator (contributor)","Apply formatting / edit rich content: contributor(400)","https://docs.aquilla.app/media/editor-translate-cell/editor-translate-cell.mp4","00:00","recorded"
"FRT-12","Formatting & Rich Text","Footnote text hover tooltip display","As a translator, I want to see footnote text when I hover or focus a footnote marker, so that I can quickly check the footnote without opening a separate panel.","User hovers over or focuses a rendered footnote marker in the editor → if showFootnoteTooltips=true (default), a tooltip element appears inside the marker DOM showing the footnote text or reference. Tooltip is created as a span with role='tooltip' and class 'usfm-footnote-marker-tooltip'. On mouseout or focusout, tooltip is hidden.","src/lib/richtext/footnote-node.ts:108-122; src/components/TranslatedEditor.tsx:174; src/components/TranslatedEditor.tsx:290-322","none","Implemented","Untested","","showFootnoteTooltips prop defaults to true. Tooltip content is rendered inside the marker NodeView. Hover/focus tracking via DOM events on the marker.","Translator (contributor)","Apply formatting / edit rich content: contributor(400)","https://docs.aquilla.app/media/editor-translate-cell/editor-translate-cell.mp4","00:00","recorded"
"FRT-13","Formatting & Rich Text","Footnote marker numbering with offset","As a translator working on a file with multiple chapters, I want footnote markers to number correctly across cell boundaries, so that chapter-level footnote ordering is preserved.","Parent component passes footnoteNumberOffset (number of footnotes in earlier cells in the chapter) → each footnote marker in the editor displays label = numberOffset + ordinal + 1 (for auto-numbered footnotes with caller='+' or '-'). Explicit caller characters (a, b, etc.) override the numbering.","src/components/TranslatedEditor.tsx:129-130; src/lib/richtext/footnote-decoration-plugin.ts:61-91; src/lib/richtext/footnote-node.ts:27-33","none","Implemented","Untested","","footnoteNumberOffset defaults to 0. buildFootnoteDecorationSet() rebuilds on offset change or explicit 'rebuild' meta. Footnote decoration plugin computes info.index (ordinal position) and passes it to NodeView via decoration spec.","Translator (contributor)","Apply formatting / edit rich content: contributor(400)","https://docs.aquilla.app/media/editor-translate-cell/editor-translate-cell.mp4","00:00","recorded"
"FRT-14","Formatting & Rich Text","Footnote insertion anchor detection","As a translator, I want to insert a footnote at the current cursor position or at a selected word, so that I can quickly add footnotes without precise positioning.","When adding a footnote via AddFootnoteDialog, getFootnoteInsertionAnchor() returns an anchor object with position, from, to, plainPosition, source ('selection'|'word'|'cursor'|'end'), and previewText. If text is selected, source='selection'. If cursor is on a word, source='word' and the word is highlighted as the anchor. If on whitespace or end of doc, source='cursor' or 'end'. Preview includes previewBefore and previewAfter (text before/after insertion point).","src/components/TranslatedEditor.tsx:476-511; src/components/TranslatedEditor.tsx:57-66; src/components/TranslatedEditor.tsx:950-987","none","Implemented","Untested","","Returns null if editor is read-only or not focused. Uses getWordAnchor() to detect word at cursor. buildUsfmPlainTextMap() converts PM positions to plain-text offsets accounting for footnote raw lengths. Word detection via isWordChar() using Unicode categories \p{L}\p{N}''-.","Translator (contributor)","Apply formatting / edit rich content: contributor(400)","https://docs.aquilla.app/media/editor-translate-cell/editor-translate-cell.mp4","00:00","recorded"
"FRT-15","Formatting & Rich Text","Footnote addition dialog with marker style selection","As a translator, I want to choose whether footnotes use auto-numbering (1, 2, 3) or lettering (a, b, c), so that I can create multiple independent footnote sequences.","AddFootnoteDialog renders two marker style options: 'Numbering' (caller='+') and 'Lettering' (caller='a'). User clicks a radio-button-like tile to select active style. Live preview shows how the selected footnote marker will appear in context (before and after text). When user clicks 'Add footnote', the marker style (numbered or lettered) is passed to onAdd callback, along with caller, ref, text, and startNewSequence.","src/components/footnotes/AddFootnoteDialog.tsx:55-172; src/components/footnotes/AddFootnoteDialog.tsx:14-31; src/components/footnotes/AddFootnoteDialog.tsx:175-192","none","Implemented","Untested","","markerOptions map allows custom labels and previews. DEFAULT_MARKER_OPTIONS hardcoded: numbered (caller='+') and lettered (caller='a'). Can be overridden via defaults.markerOptions prop. Add button is disabled until text is non-empty and differs from anchor prefix.","Translator (contributor)","Apply formatting / edit rich content: contributor(400)","https://docs.aquilla.app/media/editor-translate-cell/editor-translate-cell.mp4","00:00","recorded"
"FRT-16","Formatting & Rich Text","Footnote text editor with inline rich text formatting","As a translator, I want to format footnote text with bold, italic, and underline, so that I can preserve or add semantic formatting within footnotes.","FootnoteTextEditor component renders a textarea with a toolbar above it containing Bold, Italic, and Underline buttons. Clicking a button inserts USFM formatting markers (\bd text \bd*, \it text \it*, \ul text \ul*) around selected text or fallback placeholder. The textarea preserves these markers and renderFootnoteRichText() parses them on display, applying CSS classes (font-semibold, italic, underline underline-offset-2).","src/components/footnotes/FootnoteTextEditor.tsx:21-92; src/components/footnotes/FootnoteTextEditor.tsx:116-152","none","Implemented","Untested","","Supported USFM markers: \bd (bold), \it (italic), \ul (underline). Markers are stored in the footnote text and round-trip through the footnote field. renderFootnoteRichText() processes \bd, \it, \ul markers and applies CSS; nested markers are supported.","Translator (contributor)","Apply formatting / edit rich content: contributor(400)","https://docs.aquilla.app/media/editor-translate-cell/editor-translate-cell.mp4","00:00","recorded"
"FRT-17","Formatting & Rich Text","Inline rules violation decoration (linting)","As a translator, I want to see rule violations highlighted inline as I translate, so that I can quickly identify and fix issues.","When infractions prop is provided to TranslatedEditor, createViolationDecorationExtension() builds decorations for each infraction span targeting the target side. Span is highlighted with an inline decoration (class 'violation-blot violation-blot-major' or 'violation-blot-minor'; 'violation-blot-waived' if waived). Clicking a violation calls onRuleClick(ruleId, element). Waived rules show 'violation-blot-waived' class. Terminology rules show 'violation-blot-term' class.","src/lib/richtext/violation-decoration-plugin.ts:10-48; src/components/TranslatedEditor.tsx:250; src/components/TranslatedEditor.tsx:784-787; src/components/TranslatedEditor.tsx:196-200","none","Implemented","Untested","","ruleSeverity map defaults to 'major' for unknown rules. waivedRuleIds set allows filtering out waived rules (still rendered but with different styling). Decoration rebuilds when infractions, ruleSeverity, or waivedRuleIds change.","Translator (contributor)","Apply formatting / edit rich content: contributor(400)","https://docs.aquilla.app/media/editor-translate-cell/editor-translate-cell.mp4","00:00","recorded"
"FRT-18","Formatting & Rich Text","Terminology chip inline rendering","As a translator, I want to see managed terminology highlighted inline with a status indicator, so that I can quickly identify where managed terms are used.","When terminologyConcepts prop is provided, createTerminologyChipExtension() scans the editor text for case-insensitive, word-boundary matches of each concept's sourceTerm (with inflectional wildcard support via buildTermRegex). Each match gets an inline decoration (position:relative host span) and a widget decoration (position:absolute chip at end of match). Chip shows status-tinted dot (CSS background/content). Clicking chip calls onTermChipClick(term, chipElement).","src/lib/richtext/terminology-chip-plugin.ts:54-100; src/components/TranslatedEditor.tsx:252-254; src/components/TranslatedEditor.tsx:772-780","none","Implemented","Untested","","Only active concepts (status='active') are rendered. Wildcard inflections (e.g., 'grac*' matches grace/graced/gracia) via buildTermRegex(). Chip has data-source-term attribute for AQU-204 (TermLookupPopover). Decorations rebuild on text change (not mapped) to catch new matches.","Translator (contributor)","Apply formatting / edit rich content: contributor(400)","https://docs.aquilla.app/media/editor-translate-cell/editor-translate-cell.mp4","00:00","recorded"
"FRT-19","Formatting & Rich Text","Audio karaoke word highlighting","As a translator with audio, I want the current word being played to be highlighted, so that I can follow along with the audio and sync my translation.","When audioTimings prop is provided and audioCurrentTime updates, createKaraokeExtension() computes the active word index and decorates the matching word span with class 'karaoke-active' inline decoration. Alt+click on a word calls onSeekToTime(timing.t0) to jump audio to that word's start time.","src/lib/richtext/karaoke-plugin.ts:76-121; src/components/TranslatedEditor.tsx:251; src/components/TranslatedEditor.tsx:100-101; src/components/TranslatedEditor.tsx:590-599","none","Implemented","Untested","","audioCurrentTime is external (parent-managed) and triggers activeIdx recalculation. Alt+click handler in karaoke plugin; plain clicks pass through to native cursor positioning. Timings offsets are computed against plain text (footnote raw included).","Translator (contributor)","Apply formatting / edit rich content: contributor(400)","https://docs.aquilla.app/media/editor-translate-cell/editor-translate-cell.mp4","00:00","recorded"
"FRT-20","Formatting & Rich Text","Footnote selection overlay for Safari compatibility","As a translator using Safari, I want text selection to render correctly around footnote markers, so that I don't see misaligned or broken selection highlights.","When the editor doc contains footnote nodes AND the user has a non-empty text selection, footnoteSelectionPluginKey renders an inline decoration overlay (class 'usfm-text-sel') painting the selection range via PM's position-based decoration. Native ::selection is hidden via CSS (class 'usfm-fn-editor' tags the editor root) so the custom overlay is visible. Overlay is hidden in footnote-free cells.","src/lib/richtext/footnote-decoration-plugin.ts:54-159; src/components/TranslatedEditor.tsx:246-249","none","Implemented","Untested","","Workaround for Safari's broken selection-rect calculation around contenteditable=false atoms. selectionPluginKey rebuilds on selection change or doc change. Only active for footnote-bearing cells (checked via docHasFootnote).","Translator (contributor)","Apply formatting / edit rich content: contributor(400)","https://docs.aquilla.app/media/editor-translate-cell/editor-translate-cell.mp4","00:00","recorded"
"FRT-21","Formatting & Rich Text","Text direction (LTR/RTL) toggle","As a translator working with RTL languages, I want to toggle text direction for source and target columns, so that I can read and edit in the correct directionality.","ViewSettingsMenu renders two separate text direction toggles: one for source (ltr/rtl), one for target (ltr/rtl). Toggling calls onSourceTextDirectionChange() or onTargetTextDirectionChange() with new value. EditorTable applies dir={sourceTextDirection} and dir={targetTextDirection} to column divs. When RTL is detected on file open and not dismissed, an auto-popover hint nudges the user ('Detected right-to-left for...') with Adjust and Dismiss buttons.","src/components/ViewSettingsMenu.tsx:41-251; src/components/ViewSettingsMenu.tsx:19-20, 31-32; src/components/ViewSettingsMenu.tsx:211-226; src/components/ViewSettingsMenu.tsx:63-133","none","Implemented","Untested","","rtlHintDismissed prop controls visibility of auto-popover (defaults true; set false to show hint). onDismissRtlHint() callback persists dismissal state. Hint shows Languages icon and arrow pointing to Eye icon.","Translator (contributor)","Apply formatting / edit rich content: contributor(400)","https://docs.aquilla.app/media/editor-translate-cell/editor-translate-cell.mp4","00:00","recorded"
"FRT-22","Formatting & Rich Text","Double-click word selection (contextual)","As a translator, I want to double-click a word to select it (without selecting footnote syntax), so that I can quickly select words for formatting or footnote anchoring.","User double-clicks on a word in the editor → handleDoubleClick(view, pos, event) is called → selectVisibleWord() identifies the word boundary (using plain-text space/word-char logic) and expands to include the visible word, skipping hidden footnote syntax boundaries. Selection is extended via setSelection(TextSelection.create(doc, from, to)). Word is defined via isWordChar() (\p{L}\p{N}''-) and space/punctuation boundaries.","src/components/TranslatedEditor.tsx:281-289; src/components/TranslatedEditor.tsx:870-918; src/components/TranslatedEditor.tsx:947-949","none","Implemented","Untested","","findVisibleWordSelection() uses buildUsfmPlainTextMap() to map plain-text word boundaries back to PM positions, accounting for footnote nodes. Double-click at cursor also works (position from posAtCoords in dblclick handler). Returns false (letting default selection run) only if no footnotes in doc and no word found.","Translator (contributor)","Apply formatting / edit rich content: contributor(400)","https://docs.aquilla.app/media/editor-translate-cell/editor-translate-cell.mp4","00:00","recorded"
"FRT-23","Formatting & Rich Text","Cell navigation via keyboard (Up/Down/Tab)","As a translator, I want to navigate between translation cells using Tab and arrow keys, so that I can move through the document without using the mouse.","When focused inside a translation cell: Tab moves to next cell (down), Shift+Tab to previous (up). Up arrow moves to previous cell only if caret is at first visual line; Down arrow moves to next only if at last line. Escape commits pending edits (via blur) and signals parent to return focus to grid-row wrapper. Parent resolves direction → target cell and focuses it.","src/components/TranslatedEditor.tsx:339-410; src/components/TranslatedEditor.tsx:115","none","Implemented","Untested","","handleKeyDown checks endOfTextblock('up'/'down') to determine if arrow should navigate or scroll. onNavigateCell callback passed by parent; editor doesn't manage cell refs. Escape fires onEscapeToGrid and blurs the editor.","Translator (contributor)","Apply formatting / edit rich content: contributor(400)","https://docs.aquilla.app/media/editor-translate-cell/editor-translate-cell.mp4","00:00","recorded"
"FRT-24","Formatting & Rich Text","Accessibility: ARIA labels and screen reader support for formatting","As a translator using a screen reader, I want clear labels for all formatting buttons and editor state, so that I can understand and use formatting features.","Each formatting button in BubbleMenu has aria-label ('Bold', 'Italic', 'Underline', 'Strikethrough', 'Inline code'). Editor root has role='textbox', aria-multiline='true', and optional aria-label (e.g., 'GEN 1:1 — validated'). Footnote markers have role='note' and descriptive aria-label ('Footnote [ref]: [text]'). Term chips have aria-label and title attributes ('Managed term: [term]').","src/components/TranslatedEditor.tsx:262-265; src/components/TranslatedEditor.tsx:701-765; src/lib/richtext/footnote-node.ts:102-119; src/lib/richtext/terminology-chip-plugin.ts:86-91","none","Implemented","Untested","","ariaLabel prop allows custom labeling (AQU-297). aria-live='polite' on read-only banner ('X is editing'). Footnote marker tooltip role='tooltip'. Terminology chip role and title for context.","Translator (contributor)","Apply formatting / edit rich content: contributor(400)","https://docs.aquilla.app/media/editor-translate-cell/editor-translate-cell.mp4","00:00","recorded"
"FRT-25","Formatting & Rich Text","Read-only editor mode (collaborative lock display)","As a translator in a collaborative session, I want to see when another user is editing my cell and not be able to edit it, so that I don't create conflicting changes.","When heldByLabel prop is set (e.g., 'Alice'), editor becomes read-only (setEditable(false)). An amber banner appears at top-right: 'Alice is editing' (role='status', aria-live='polite'). User cannot type, apply formatting, or insert footnotes. BubbleMenu doesn't appear. All edit callbacks are no-ops. When heldByLabel clears, editor becomes editable again.","src/components/TranslatedEditor.tsx:91-92; src/components/TranslatedEditor.tsx:216; src/components/TranslatedEditor.tsx:574-576; src/components/TranslatedEditor.tsx:652-659","none","Implemented","Untested","","Lock is managed by parent via useFocusLock hook. isReadOnly = !editable || Boolean(heldByLabel). Imperative handles (insertFootnoteMarker, getFootnoteInsertionAnchor) return false/null when read-only.","Translator (contributor)","Apply formatting / edit rich content: contributor(400)","https://docs.aquilla.app/media/editor-translate-cell/editor-translate-cell.mp4","00:00","recorded"
"FRT-26","Formatting & Rich Text","Remote change reconciliation banner and discard-reload action","As a translator, I want to be notified when my cell changes remotely while I'm editing, and choose to discard my edits or keep them, so that I can handle conflicts gracefully.","When remoteChangedDuringEdit prop is true (parent received event.applied while user holds focus), an amber banner appears: 'This cell changed elsewhere while you were editing.' with a 'Discard and reload' button. Editor stays editable. Clicking button calls onDiscardLocal() (parent reloads cell content and resets state). If banner is not dismissed and user keeps typing, the banner stays visible until onDiscardLocal is called or editor blurs.","src/components/TranslatedEditor.tsx:107-108; src/components/TranslatedEditor.tsx:660-671","none","Implemented","Untested","","remoteChangedDuringEdit is false by default (parent-driven). Parent must emit banner via AD-9 (staleness pin via cell.sourceEventId) when remote edit arrives during local edit. Escape key does NOT automatically discard; only the button or parent logic does.","Translator (contributor)","Apply formatting / edit rich content: contributor(400)","https://docs.aquilla.app/media/editor-translate-cell/editor-translate-cell.mp4","00:00","recorded"
"FRT-27","Formatting & Rich Text","Idle-based commit debouncing","As a translator, I want my edits to be saved automatically after I stop typing, so that I don't lose work and the system stays in sync.","User types in editor → onUpdate fires on every keystroke → idleTimer is reset to COMMIT_IDLE_MS (1200ms) → when no keystroke fires for 1200ms, onCommit(snapshot) is called with { value: text, valueHtml: html }. On blur, any pending idle commit is flushed immediately. On unmount, pending commit is flushed so navigate-away doesn't drop work.","src/components/TranslatedEditor.tsx:48; src/components/TranslatedEditor.tsx:413-425; src/components/TranslatedEditor.tsx:429-442; src/components/TranslatedEditor.tsx:627-640","none","Implemented","Untested","","COMMIT_IDLE_MS = 1200ms. Debounce is reset on EVERY keystroke, including formatting changes. Blur flushes immediately (no idle wait). Unmount cleanup ensures phantom edits don't happen on rapid navigation.","Translator (contributor)","Apply formatting / edit rich content: contributor(400)","https://docs.aquilla.app/media/editor-translate-cell/editor-translate-cell.mp4","00:17","recorded"
"SR-01","Search & Replace","Project-wide text search (main panel)","As a translator, I want to search across all files in a project for specific text, so that I can find and navigate to cells containing that term.","User opens ParallelPassagesPanel via Cmd+K (defaults to project scope) or Cmd+F with no Shift (file-scoped if active file exists). User types a query into the search input. The server runs FTS5 against all cells' source and target values, returning ranked results with snippet highlights (<mark> tags). Panel displays results grouped by file or in list form, user can click a result to jump to that cell. Query is debounced 250ms. Empty query shows idle prompt. Unmatched query shows 'No results for' message after index is ready.","src/components/ParallelPassagesPanel.tsx:1-718; src/components/ProjectWorkspace.tsx:1848-1862; src/hooks/useWorkspaceSearch.ts:79-183; src/lib/sync/search-read.ts:51-67","e2e/specs/editor/search.smoke.spec.ts","Implemented","Untested","","AQU-308: Dock panel (SearchDockPanel) added as quick-access; ParallelPassagesPanel remains for full-screen. FTS5 query is sanitized server-side; raw punctuation/reserved words are stripped before MATCH. Max 500 results server-side, default 50.","Translator / reviewer","Search: viewer(100); replace (writes cells): contributor(400)","https://docs.aquilla.app/media/search-find-replace/search-find-replace.mp4","00:00","recorded"
"SR-02","Search & Replace","File-scoped text search","As a translator with an open file, I want to search within just the current file without matching terms in other files, so that I can focus on local changes.","User presses Cmd+F (without Shift) with an active file open. ParallelPassagesPanel opens with 'File' scope pill pressed. Search results are filtered client-side to the active file's fileId after the project-wide server fetch. When no file is open, Cmd+F defaults to project scope. The 'File' pill is disabled (aria-disabled) when no file is active. File name appears in the scope toggle pill.","src/components/ProjectWorkspace.tsx:1852; src/hooks/useWorkspaceSearch.ts:135-183; src/components/ParallelPassagesPanel.tsx:599-610","e2e/specs/editor/search-scope-toggle.smoke.spec.ts","Implemented","Untested","","AQU-308: File-scoped search is a UI filter (client-side after fetch), not a server parameter yet. Phase 2c to implement server-side filtering.","Translator / reviewer","Search: viewer(100); replace (writes cells): contributor(400)","https://docs.aquilla.app/media/search-find-replace/search-find-replace.mp4","00:06","recorded"
"SR-03","Search & Replace","Search results display & navigation","As a translator viewing search results, I want to see highlighted snippets with context labels and click any result to navigate directly to that cell, so that I can quickly review and jump to matches.","Results display filename, context label (e.g. section name), and snippet with matched terms highlighted in yellow (<mark> tags rendered without XSS). Results list shows up to 50 in dock panel, truncated with 'X more' message. Clicking a result fires onSelect callback, which typically jumps the editor to that cellId. In ParallelPassagesPanel, results show 'source' or 'target' label and paired-side snippet (when available in passages mode). Footer shows total count: '{N} results'.","src/components/ParallelPassagesPanel.tsx:218-262; src/components/search/MarkedSnippet.tsx; src/components/search/SearchResultsView.tsx:61-195; src/components/SearchDockPanel.tsx:253-306","e2e/specs/editor/search.smoke.spec.ts","Implemented","Untested","","MarkedSnippet component safely renders FTS5 <mark> tags without setInnerHTML — walks string manually. Paired snippet shown only in 'passages' mode.","Translator / reviewer","Search: viewer(100); replace (writes cells): contributor(400)","https://docs.aquilla.app/media/search-find-replace/search-find-replace.mp4","00:00","recorded"
"SR-04","Search & Replace","Expand search results (full-screen overlay)","As a translator using the dock search panel, I want to expand results to a full-screen overlay so I can view and navigate many results at once without the dock's height constraints.","User clicks 'Expand all' button in SearchDockPanel results header (visible when onExpandResults callback is wired). Results render in a full SearchResultsView overlay above the editor, showing all results grouped by file with sticky file headers. User can scroll, click any result to jump to that cell, and close the overlay with an X button or by selecting a result. Overlay covers the editor area.","src/components/SearchDockPanel.tsx:268-285; src/components/search/SearchResultsView.tsx; src/components/ProjectWorkspace.tsx:1915-1920","none","Implemented","Untested","","AQU-309: Expand-all is a UI-only enhancement (client-side regrouping, no new server query). Overlay is positioned absolute over editor.","Translator / reviewer","Search: viewer(100); replace (writes cells): contributor(400)","https://docs.aquilla.app/media/search-find-replace/search-find-replace.mp4","00:00","recorded"
"SR-05","Search & Replace","Dock search panel (quick-access)","As a translator, I want a quick inline search panel in the left dock so I can search without opening a full dialog, saving screen space and mouse travel.","User clicks Search tab (icon with magnifying glass) in the left dock rail. SearchDockPanel appears as an always-visible section in the dock. Panel shows three mode buttons (Search, Find & Replace, Bible resources), a scope toggle (File/Project), search input, live results (up to 50 rows), and an 'Open full search panel' button. Results update on each keystroke (debounced). Clearing the input empties results and refocuses the input. In Replace mode, a message says 'Find & Replace with diff preview lives in the full panel' with a button to open it.","src/components/SearchDockPanel.tsx:1-330; src/components/LeftDock.tsx; src/components/ProjectWorkspace.tsx","e2e/specs/editor/search-replace-toolbar-button.smoke.spec.ts","Implemented","Untested","","AQU-308: Dock panel replaces the old toolbar 'Search & replace' button. Replace mode redirects to full ParallelPassagesPanel. Bible resources mode is feature-flagged (bibleResourcesEnabled prop).","Translator / reviewer","Search: viewer(100); replace (writes cells): contributor(400)","https://docs.aquilla.app/media/search-find-replace/search-find-replace.mp4","00:00","recorded"
"SR-06","Search & Replace","Keyboard shortcuts for search modes","As a translator, I want keyboard shortcuts to quickly open search in different modes without using menus, so that I can work faster.","Cmd+K (or Ctrl+K on Windows/Linux) opens ParallelPassagesPanel in 'search' mode, project scope. Cmd+F / Ctrl+F opens 'search' mode, file scope if active file exists (else project). Cmd+Shift+F / Ctrl+Shift+F opens 'search' mode, project scope. Cmd+Shift+R / Ctrl+Shift+R opens 'replace' mode, project scope. All shortcuts prevent default browser behavior and set the appropriate mode + scope before opening the panel.","src/components/ProjectWorkspace.tsx:1848-1862","e2e/specs/editor/search-keyboard-shortcut.smoke.spec.ts, e2e/specs/editor/search-shift-f-project-scope.smoke.spec.ts, e2e/specs/editor/search-replace-keyboard-shortcut.smoke.spec.ts","Implemented","Untested","","ProjectWorkspace global keydown listener at lines 1848-1862. Cmd+F/Ctrl+F defaults to project scope when no active file. All shortcuts preventDefault to avoid browser interference.","Any user (personal preference)","Any authenticated user — scoped to own account","https://docs.aquilla.app/media/search-find-replace/search-find-replace.mp4","00:00","recorded"
"SR-07","Search & Replace","Search scope toggle (File vs Project)","As a translator, I want to easily toggle between file-scoped and project-wide search so that I can switch focus without closing and reopening the panel.","ParallelPassagesPanel and SearchDockPanel both display a scope toggle with 'File' and 'Project' pills. 'File' pill is disabled (crossed out, tooltip 'Coming soon') when no file is active. Clicking a pill triggers an immediate search re-run with the new scope. Current scope pill shows aria-pressed='true'. In SearchDockPanel, scope also updates the placeholder text ('Search this file' vs 'Search project').","src/components/ParallelPassagesPanel.tsx:599-610, 534-537; src/components/SearchDockPanel.tsx:175-218, 109-112","e2e/specs/editor/search-scope-toggle.smoke.spec.ts","Implemented","Untested","","File-scoped results are filtered client-side after fetch (Phase 2c to move server-side). Disabled state managed via PillToggle disabled prop.","Translator / reviewer","Search: viewer(100); replace (writes cells): contributor(400)","https://docs.aquilla.app/media/search-find-replace/search-find-replace.mp4","00:00","recorded"
"SR-08","Search & Replace","Search mode toggle (Search vs Passages vs Replace)","As a translator, I want to switch between standard search, parallel passages lookup, and find-and-replace modes without closing the panel, so that I can work in different modes fluidly.","ParallelPassagesPanel shows mode toggle with three pills: 'Search' (default, searches current project), 'Passages' (searches across all projects for parallel passages), 'Replace' (target-only search for find-and-replace). Clicking a pill updates aria-pressed and re-runs search under the new mode. In 'Replace' mode, the 'Content side' toggle is hidden and 'side' is forced to 'target'. Placeholder text updates per mode.","src/components/ParallelPassagesPanel.tsx:612-620, 540-547; src/components/ParallelPassagesPanel.tsx:514, 550-552","e2e/specs/editor/search-mode-passages-toggle.smoke.spec.ts","Implemented","Untested","","Passages mode calls searchParallelPassages (multi-project fan-out). Replace mode auto-switches side to 'target' (line 487-490).","Translator / reviewer","Search: viewer(100); replace (writes cells): contributor(400)","https://docs.aquilla.app/media/search-find-replace/search-find-replace.mp4","00:00","recorded"
"SR-09","Search & Replace","Content side filter (Source / Target / Both)","As a translator, I want to search only source text, only target text, or both, so that I can find matches in the side I care about.","ParallelPassagesPanel shows content side toggle with pills 'Both', 'Source', 'Target' (hidden in Replace mode). Clicking a pill updates aria-pressed and re-runs the search with side='source' or side='target' parameter. 'Both' omits the side filter (default). SearchDockPanel also supports this toggle for project/file scopes.","src/components/ParallelPassagesPanel.tsx:622-633, 549-557; src/hooks/useWorkspaceSearch.ts:162, 514-518","e2e/specs/editor/search-scope-toggle.smoke.spec.ts (implicitly covers side toggle)","Implemented","Untested","","Side parameter passed to server as FTS5 filter. In Replace mode, side is hardcoded to 'target' (line 514).","Project lead (source steward)","Source content edits: project_lead(500)","https://docs.aquilla.app/media/search-find-replace/search-find-replace.mp4","00:00","recorded"
"SR-10","Search & Replace","Find & Replace (full mode)","As a translator, I want to find text and replace it with new text across multiple cells, with a before/after preview, so that I can perform bulk edits safely.","User opens ParallelPassagesPanel in Replace mode (Cmd+Shift+R or via dock panel → Open full). Panel shows a 'Find' input and a 'Replace' section with a 'Replacement text' input. As user types in both inputs, diffs are computed in real-time showing before (strikethrough red) and after (green) text. Each diff row has a checkbox; user can select/deselect individual cells. 'Select all' / 'Select none' bulk controls appear. Replace button is disabled until at least one cell is selected. On click, Replace button calls onReplaceAll with the payload (diffs, counts, query, replaceQuery). After replace, a success message shows 'Replaced X cells'.","src/components/ParallelPassagesPanel.tsx:285-445; src/lib/search/replace-action.ts:141-176","none","Implemented","Untested","","AQU-177: Replace is pure (computeReplaceDiffs only computes diffs, no side effects). Caller (ProjectWorkspace) owns the commit path. Replace button disabled if isReadOnly=true. Tooltip explains role-gating.","Translator / reviewer","Search: viewer(100); replace (writes cells): contributor(400)","https://docs.aquilla.app/media/search-find-replace/search-find-replace.mp4","00:00","recorded"
"SR-11","Search & Replace","Replace diff preview (before/after display)","As a translator performing a replace operation, I want to see exactly what will change in each cell before confirming, so that I can avoid unintended edits.","For each cell affected by a replace, DiffPreviewRow shows: cell fileId + cellId label, before text in strikethrough red, after text in green, and match count ('X replacements in this cell' if >1). Rows are clickable/checkboxable to toggle selection. Scrollable list shows all affected cells. Replaced count in header: '{N} cells affected'.","src/components/ParallelPassagesPanel.tsx:173-214; src/lib/search/replace-action.ts:28-39","none","Implemented","Untested","","Color scheme: red (strikethrough, line-through class) for before, green for after. Reflects CellReplaceDiff structure.","Translator / reviewer","Search: viewer(100); replace (writes cells): contributor(400)","https://docs.aquilla.app/media/search-find-replace/search-find-replace.mp4","00:00","recorded"
"SR-12","Search & Replace","HTML-aware replace (skip matches spanning tags)","As a system, I want to skip replacing text that spans HTML tag boundaries, so that I preserve rich-text structure and don't corrupt markup.","When computing replace diffs, matchSpansHtmlTag checks if any matched string contains '<' or '>'. If yes, that match is skipped (left as-is) but counted in totalSkipped. Warning message shown: '{N} matches skipped — spans HTML tag boundary'. These matches are not included in selected replacements.","src/lib/search/replace-action.ts:59-62, 98-133; src/components/ParallelPassagesPanel.tsx:367-371","none","Implemented","Untested","","Per spec in replace-action.ts: aquilla-specs/04-features/search.md → 'Search-and-replace invariants'. Skipped count shown as amber warning in the panel.","Translator / reviewer","Search: viewer(100); replace (writes cells): contributor(400)","https://docs.aquilla.app/media/search-find-replace/search-find-replace.mp4","00:00","recorded"
"SR-13","Search & Replace","Case sensitivity toggle for find/replace","As a translator, I want to optionally make my search case-sensitive so that I can distinguish 'Hello' from 'hello' if needed.","Replace diff computation respects a caseSensitive flag (default false). When false, search is case-insensitive using RegExp 'i' flag. When true, uses case-sensitive match. In the UI, a checkbox or toggle could enable this (not currently visible in the panels, but the API supports it via SearchOptions.caseSensitive).","src/lib/search/replace-action.ts:72-87; src/lib/search/workspace-index.ts:27-34","none","Partial","Untested","","Infrastructure exists (caseSensitive param in findMatches, applySingleCellReplace) but no UI toggle in ParallelPassagesPanel or SearchDockPanel. Case-insensitive is the default (line 72: caseSensitive = false).","Translator / reviewer","Search: viewer(100); replace (writes cells): contributor(400)","https://docs.aquilla.app/media/search-find-replace/search-find-replace.mp4","00:00","recorded"
"SR-14","Search & Replace","Parallel passages (multi-project search)","As a translator working on a related project, I want to search parallel passages across multiple projects for similar text, so that I can reuse or learn from translations in sister projects.","User opens ParallelPassagesPanel and clicks 'Passages' mode pill. Panel shows paired results where each cell displays its source-side snippet and target-side snippet (paired?) side by side. Search runs fetchParallelPassages across all projects the user has access to (fan-out via Promise.all). Results include projectId field to disambiguate cross-project hits. Unmatched query shows 'No resources found'.","src/hooks/useWorkspaceSearch.ts:185-241; src/lib/sync/search-read.ts:76-92, 100-125; src/components/ParallelPassagesPanel.tsx:510-512","none","Implemented","Untested","","searchParallelPassages endpoint: GET /api/v1/projects/:projectId/search/passages. Multi-project fan-out catches per-project failures silently (line 117-120). Paired value nullable (may not exist).","Translator / reviewer","Search: viewer(100); replace (writes cells): contributor(400)","https://docs.aquilla.app/media/search-find-replace/search-find-replace.mp4","00:00","recorded"
"SR-15","Search & Replace","Bible resources (Aquifer) reference lookup","As a Bible translator, I want to search Bible reference resources (people, places, terms, translation notes) directly within the editor, so that I can consult scholarly material without leaving the workspace.","User enables Bible resources via project settings (bibleResourcesEnabled flag). In SearchDockPanel, a third mode button 'Bible resources' appears. Clicking it opens BibleResourcesPanel. Panel shows a search input for Aquifer queries ('people, places, terms, and translation notes'). Results list up to 5 hits with kind badges (person, place, term, etc). Clicking a result opens its full page (BibleResourcesPanel switches to reader view) with title, truncated text, 'Open on bibletranslation.org' link. Quick-lookup button 'Notes for {canonicalRef}' pre-fetches the focused verse's resource. Back arrow returns to search.","src/components/SearchDockPanel.tsx:220-556; src/lib/aquifer/client.ts:104-142; src/components/ProjectWorkspace.tsx","none","Implemented","Untested","","AQU-309: Bible resources gated by bibleResourcesEnabled (from project settings). Aquifer search & page routes require JWT + projectId. Text is plain-text today (no markdown), but looksLikeMarkdown heuristic (line 338-340) allows future markdown rendering with no other changes. Page text truncated to 15k chars.","Translator / reviewer","Search: viewer(100); replace (writes cells): contributor(400)","https://docs.aquilla.app/media/search-find-replace/search-find-replace.mp4","00:00","recorded"
"SR-16","Search & Replace","Bible resource quick-lookup by verse reference","As a Bible translator viewing a specific verse, I want a one-click button to look up notes for that verse, so that I can get instant reference material.","When the user is focused on a cell with a canonical Bible reference (e.g., 'RUT 1:8' from the focused cell's metadata), BibleResourcesPanel shows a 'Notes for {ref}' button at the top. Clicking it auto-opens the aquifer page for that verse (parses ref, maps to /en/passages/{book}/{chapter}/{verse}/) without requiring a manual search.","src/components/SearchDockPanel.tsx:342-349, 474-486","none","Implemented","Untested","","passagePathFromRef heuristic parses canonical refs like 'RUT 1:8' using regex; returns null if pattern doesn't match.","Translator / reviewer","Search: viewer(100); replace (writes cells): contributor(400)","https://docs.aquilla.app/media/search-find-replace/search-find-replace.mp4","00:00","recorded"
"SR-17","Search & Replace","Loading state & search readiness","As a user, I want clear feedback on whether the search index is ready and whether a query is in-flight, so that I know whether to wait for results or if results are stale.","ParallelPassagesPanel and SearchDockPanel show loading skeleton (4 shimmer rows) while search is in-flight (loading=true). Once at least one search has resolved, ready=true (tracks onReady callback). Idle state (no query) shows prompt: 'Type to search…' . Searching state (query typed but results not yet ready) shows 'Searching…'. Empty state (query typed, results=[], loading=false) shows 'No results for {query}'.","src/components/ParallelPassagesPanel.tsx:267-280, 573-690; src/components/SearchDockPanel.tsx:254-265; src/hooks/useWorkspaceSearch.ts:102-104, 135-183","e2e/specs/editor/search.smoke.spec.ts","Implemented","Untested","","ready state reset when projectId changes (line 129-133 in useWorkspaceSearch). Debounce on query change is 250ms (DEBOUNCE_MS).","Translator / reviewer","Search: viewer(100); replace (writes cells): contributor(400)","https://docs.aquilla.app/media/search-find-replace/search-find-replace.mp4","00:00","recorded"
"SR-18","Search & Replace","Search input focus & dismiss","As a user, I want the search input to be auto-focused when I open the panel, and I want to dismiss the panel with a single keystroke, so that I can work without extra mouse interactions.","When ParallelPassagesPanel opens (open=true), a 50ms timeout ensures the search input is focused (inputRef.current?.focus()). User can press Escape key to close the panel (handled by Dialog component). SearchDockPanel's clear button (X) clears the input and refocuses it. When panel closes, results are cleared.","src/components/ParallelPassagesPanel.tsx:493-502; src/components/SearchDockPanel.tsx:114-118, 240-250","e2e/specs/editor/search.smoke.spec.ts","Implemented","Untested","","50ms delay in line 496 prevents focus race conditions. Escape key is handled natively by Dialog.","Translator / reviewer","Search: viewer(100); replace (writes cells): contributor(400)","https://docs.aquilla.app/media/search-find-replace/search-find-replace.mp4","00:00","recorded"
"SR-19","Search & Replace","Search results result limiting & pagination","As a user searching a large project, I want search to complete quickly and show me the most relevant results first, rather than hanging while fetching thousands of results.","Server-side search defaults to limit=50; client can request up to limit=500 via SearchOptions.limit. Server clamps to [1, 500]. SearchDockPanel shows 'X more — open full panel for all results' message when results.length > 50. ParallelPassagesPanel shows all server results in the scrollable list.","src/hooks/useWorkspaceSearch.ts:36-37, 164-168; src/components/SearchDockPanel.tsx:299-303","none","Implemented","Untested","","Default server limit is 50; Aquifer Bible search hardcoded to limit=5 (line 393).","Translator / reviewer","Search: viewer(100); replace (writes cells): contributor(400)","https://docs.aquilla.app/media/search-find-replace/search-find-replace.mp4","00:00","recorded"
"SR-20","Search & Replace","Search error handling","As a user, I want to see error messages if the search service fails, so that I know something went wrong and can retry.","On fetch failure (network error, 4xx/5xx response), the hook catches and logs the error (console.warn). Results are cleared and loading is set to false. In BibleResourcesPanel, errors display as a red message at the top of the panel. User can retry by modifying the query or clicking search again.","src/hooks/useWorkspaceSearch.ts:177-182, 234-239; src/components/SearchDockPanel.tsx:389-400, 519","none","Implemented","Untested","","Bible resource errors shown via error state (line 373). Aquifer abort signal allows user to cancel in-flight searches (line 376, 385-387).","Translator / reviewer","Search: viewer(100); replace (writes cells): contributor(400)","https://docs.aquilla.app/media/search-find-replace/search-find-replace.mp4","00:00","recorded"
"SR-21","Search & Replace","Search result context labels","As a translator, I want to see context (e.g., section name or cell row identifier) for each search result, so that I can understand where the match is located without clicking.","Each search result displays a context label in small text above the snippet (e.g., 'Section 1.2' or file + cell ID). Label comes from result.context field (populated by server). In SearchDockPanel and SearchResultsView, context is shown in a smaller, muted font.","src/components/ParallelPassagesPanel.tsx:241-244; src/components/search/SearchResultsView.tsx:182-184; src/components/SearchDockPanel.tsx:293-295; src/lib/search/workspace-index.ts:10-25","none","Implemented","Untested","","context field is part of WorkspaceSearchResult. Server populates it; currently an empty string for most searches (Phase 2 enhancement to populate from file structure).","Translator / reviewer","Search: viewer(100); replace (writes cells): contributor(400)","https://docs.aquilla.app/media/search-find-replace/search-find-replace.mp4","00:00","recorded"
"SR-22","Search & Replace","Replace validation & role-gating","As a project owner, I want to prevent read-only users from performing replace operations so that only authorized contributors can edit content.","Replace button is disabled and shows a tooltip 'Replace requires contributor access on these files' when isReadOnly=true. Replacement input field is also disabled. User with read-only access cannot perform any replace operation.","src/components/ParallelPassagesPanel.tsx:418-442; src/components/ParallelPassagesPanel.tsx:330-331, 358","none","Implemented","Untested","","isReadOnly prop passed from ProjectWorkspace (role-gated per project collaboration settings). Disabled styling via cn utility.","Translator / reviewer","Search: viewer(100); replace (writes cells): contributor(400)","https://docs.aquilla.app/media/search-find-replace/search-find-replace.mp4","00:00","recorded"
"SR-23","Search & Replace","Replace clearing prior validations","As a system, I want replacing text to mark the cell as requiring re-validation, so that we don't keep stale validation marks on modified cells.","When replace is applied (onReplaceAll fires), each affected cell is committed with replaceString and searchQuery metadata. The replace advances the cell's event chain head, automatically dropping prior validations (per Q25 event-anchored validation). Help text in panel: 'Replacing text clears validation — it must be re-reviewed.'","src/components/ParallelPassagesPanel.tsx:361-364; src/components/ParallelPassagesPanel.tsx:41-54","none","Implemented","Untested","","AQU-286: 'Retain my validations' checkbox was removed. Field ReplaceAllPayload.retainValidations is always false (line 53) for backward compat.","Translator / reviewer","Search: viewer(100); replace (writes cells): contributor(400)","https://docs.aquilla.app/media/search-find-replace/search-find-replace.mp4","00:00","recorded"
"SR-24","Search & Replace","Search query sanitization","As a system, I want to safely handle user-provided search queries without breaking FTS5 or allowing injection, so that searches are robust.","Client sends raw user input to the server. Server sanitizes the query before passing to FTS5 — bare punctuation, reserved FTS words, etc. are stripped. Query that sanitizes to zero tokens returns {results: []} with HTTP 200 (not an error). No need for client-side escaping or validation.","src/lib/sync/search-read.ts:39-50","none","Implemented","Untested","","Server-side sanitization per comment: 'The query is sanitized server-side before being passed to FTS5 — callers pass raw user input; bare punctuation, FTS reserved words, etc. are stripped before MATCH.'","Translator / reviewer","Search: viewer(100); replace (writes cells): contributor(400)","https://docs.aquilla.app/media/search-find-replace/search-find-replace.mp4","00:00","recorded"
"SR-25","Search & Replace","Debounced search input (250ms)","As a system, I want to avoid firing a search request on every keystroke so that I reduce server load when a user is typing.","When user types in search input, the query state updates immediately (for visual feedback), but the triggerSearch call is debounced 250ms. If user types another character before 250ms elapses, the previous timer is cancelled and a new 250ms countdown starts. Only the final query after the user stops typing (or presses Enter) triggers a search fetch.","src/components/ParallelPassagesPanel.tsx:450, 525-532, 559-563","none","Implemented","Untested","","DEBOUNCE_MS = 250. Enter key immediately triggers search (clears pending debounce). SearchDockPanel uses immediate handleSearch (no debounce) on keystroke.","Translator / reviewer","Search: viewer(100); replace (writes cells): contributor(400)","https://docs.aquilla.app/media/search-find-replace/search-find-replace.mp4","00:00","recorded"
"SR-26","Search & Replace","Search documentation & placeholders","As a new user, I want helpful placeholder text and instructions in the search panels to understand what to search for and how the panels work.","Placeholder text adapts to mode and scope: 'Search project…', 'Search this file…', 'Find in project…', 'Search Bible resources…', 'Search parallel passages across all projects…', etc. Idle state (no query) shows mode-specific prompt. Replace mode shows disclaimer about clearing validations.","src/components/ParallelPassagesPanel.tsx:576-581, 675-681; src/components/SearchDockPanel.tsx:237, 499, 527-529","none","Implemented","Untested","","All placeholder text and help text are user-facing copy; internationalization not yet implemented.","Translator / reviewer","Search: viewer(100); replace (writes cells): contributor(400)","https://docs.aquilla.app/media/search-find-replace/search-find-replace.mp4","00:00","recorded"
"SR-27","Search & Replace","Search result count display","As a user, I want to know how many results matched my query so that I can gauge whether to refine my search.","Panel footer or header shows '{N} results' and '{N} files' (when grouped by file). SearchDockPanel header shows result count and remaining count if truncated. ParallelPassagesPanel footer shows count when results.length > 0.","src/components/ParallelPassagesPanel.tsx:707-709; src/components/SearchDockPanel.tsx:270-271; src/components/search/SearchResultsView.tsx:93-95","none","Implemented","Untested","","Uses toLocaleString() for thousands separator (e.g., 1,234).","Translator / reviewer","Search: viewer(100); replace (writes cells): contributor(400)","https://docs.aquilla.app/media/search-find-replace/search-find-replace.mp4","00:00","recorded"
"RC-01","Rules & Checks","Create custom translation rule","As a translator lead, I want to create custom regex-based rules to enforce translation patterns, so that the team maintains consistent quality across translations.","User opens Rules page, clicks '+ Add Rule' (RuleCreateDialog or RuleEditor), fills rule name (required), description (optional), selects check type (source-target-match / source-requires-target / target-forbids), enters regex patterns, sets severity (major/minor) and enabled status. Live preview shows matching cells from current file. Can add optional autofix with find/replace pattern, flags, and before/after preview. Clicking 'Create rule' saves it to project rules list.","src/components/RuleCreateDialog.tsx:1-220; src/components/RuleEditor.tsx:117-504; src/components/RulesSurface.tsx:201-210","e2e/specs/rules/create-rule.smoke.spec.ts","Implemented","Untested","","RuleEditor includes live preview (debounced, regex validation), autofix toggle, pattern literal/regex mode toggle. RuleCreateDialog has simpler test-based UI.","Project lead / reviewer","Run/view checks: contributor(400); author & manage rules / algorithmic-check overrides: project_lead(500)","https://docs.aquilla.app/media/rules-run-checks/rules-run-checks.mp4","00:06","recorded"
"RC-02","Rules & Checks","Edit existing custom rule","As a translator lead, I want to modify existing rules without recreating them, so that I can refine patterns based on new findings.","User navigates to Rules page, clicks pencil icon on a rule row (RulesSurface), inline RuleEditor appears pre-populated with existing rule data. User can edit name, description, check type, patterns, severity, enabled status, and autofix. Changes are live-previewed. Clicking 'Save changes' updates rule; 'Cancel' closes editor.","src/components/RuleEditor.tsx:117-504; src/components/RulesSurface.tsx:455-497","e2e/specs/rules/edit-rule.smoke.spec.ts","Implemented","Untested","","Pencil button shows only when canEditOrgRules or user owns project rule. Disabled when another rule is already being edited.","Project lead / reviewer","Run/view checks: contributor(400); author & manage rules / algorithmic-check overrides: project_lead(500)","https://docs.aquilla.app/media/rules-run-checks/rules-run-checks.mp4","00:00","recorded"
"RC-03","Rules & Checks","Delete custom rule","As a project maintainer, I want to remove rules that are no longer needed, so that I can keep the rule set clean and relevant.","User opens Rules page, clicks trash icon on rule row. ConfirmActionDialog appears with title 'Delete rule', warning text mentioning irreversibility and scope (everyone in project), checkbox to confirm understanding, 'Delete rule' button. After checking the box, clicking button deletes rule and removes it from list.","src/components/RulesPage.tsx:244-275; src/components/RulesSurface.tsx:476-478; src/components/ConfirmActionDialog.tsx","e2e/specs/rules/rule-delete.smoke.spec.ts","Implemented","Untested","","Deletion is role-gated: only maintainer+ can delete project rules. Org rules can only be deleted by org maintainers. AQU-291 flag added confirmation checkbox requirement.","Project lead / reviewer","Run/view checks: contributor(400); author & manage rules / algorithmic-check overrides: project_lead(500)","https://docs.aquilla.app/media/rules-run-checks/rules-run-checks.mp4","00:00","recorded"
"RC-04","Rules & Checks","Enable/disable custom rule","As a translator, I want to temporarily disable rules without deleting them, so that I can evaluate their impact or silence false positives.","User navigates to Rules page, locates a rule row. Toggle switch on the right labeled 'Enabled' shows rule's current enabled status. Clicking toggle immediately updates rule's enabled flag. Disabled rules do not fire infractions. Audible/visual feedback indicates change.","src/components/RulesPage.tsx:240-243; src/components/RulesSurface.tsx:467-475","e2e/specs/rules/rule-toggle-enabled.smoke.spec.ts","Implemented","Untested","","Toggle is instant (no confirmation). Enabled status is persisted to project storage. Works for project rules; org rules can only be toggled by maintainers.","Project lead / reviewer","Run/view checks: contributor(400); author & manage rules / algorithmic-check overrides: project_lead(500)","https://docs.aquilla.app/media/rules-run-checks/rules-run-checks.mp4","00:00","recorded"
"RC-05","Rules & Checks","View built-in checks","As a translator, I want to see the built-in quality checks available, so that I understand what patterns are automatically being checked.","User navigates to Rules page. BuiltinChecksList card renders below header, showing ~9 built-in checks (empty-target, target-equals-source, placeholder-integrity, number-integrity, end-punctuation-mismatch, double-space, repeated-word, unpaired-symbols, abbreviation-mismatch). Each row shows check name, description, violation count (if any), severity dropdown, enable toggle. Checks are code-defined and immutable per check.","src/components/BuiltinChecksList.tsx:35-126; src/lib/lqa/builtin-registry.ts:24-110","e2e/specs/rules/builtin-rule-enable-toggle.smoke.spec.ts","Implemented","Untested","","Built-in checks run even on empty targets if runsOnEmptyTarget=true. Cannot be deleted but can be enabled/disabled and severity-overridden.","Project lead / reviewer","Run/view checks: contributor(400); author & manage rules / algorithmic-check overrides: project_lead(500)","https://docs.aquilla.app/media/rules-run-checks/rules-run-checks.mp4","00:00","recorded"
"RC-06","Rules & Checks","Enable/disable built-in check","As a translator, I want to toggle built-in checks on/off, so that I can silence checks that are not relevant to my translation context.","User navigates to Rules page, BuiltinChecksList displays. For each built-in check, a toggle switch labeled 'Enabled' indicates current status. Clicking toggle calls setBuiltinOverride(checkId, { enabled: checked, severity }), persisting override to project settings. Disabled checks no longer fire violations.","src/components/BuiltinChecksList.tsx:111-119; src/hooks/useRules.ts","e2e/specs/rules/builtin-rule-enable-toggle.smoke.spec.ts","Implemented","Untested","","Overrides are stored in project.builtinOverrides map, keyed by checkId. Defaults come from BUILTIN_CHECKS[checkId].defaultEnabled.","Project lead / reviewer","Run/view checks: contributor(400); author & manage rules / algorithmic-check overrides: project_lead(500)","https://docs.aquilla.app/media/rules-run-checks/rules-run-checks.mp4","00:00","recorded"
"RC-07","Rules & Checks","Change built-in check severity","As a project lead, I want to adjust the severity of built-in checks, so that I can prioritize which violations are critical vs. style preferences.","User navigates to Rules page, BuiltinChecksList displays. Each built-in check has a Severity dropdown (Major/Minor). User clicks dropdown, selects severity level. Selection calls setBuiltinOverride(checkId, { enabled, severity: newSeverity }). Severity badge on rule row updates color (red for major, amber for minor).","src/components/BuiltinChecksList.tsx:90-110; src/lib/lqa/builtin-registry.ts:16","e2e/specs/rules/builtin-rule-severity.smoke.spec.ts","Implemented","Untested","","Default severity is defined per check in BUILTIN_CHECKS. Overrides are persisted to project.builtinOverrides[checkId].severity.","Project lead / reviewer","Run/view checks: contributor(400); author & manage rules / algorithmic-check overrides: project_lead(500)","https://docs.aquilla.app/media/rules-run-checks/rules-run-checks.mp4","00:00","recorded"
"RC-08","Rules & Checks","Suggest rules from validated translations","As a translator lead, I want the system to suggest rules based on my validated translations, so that I can discover patterns I should formalize into rules.","User navigates to Rules page, clicks 'Suggest from edits' button (RuleSuggestDialog). Dialog prompts to analyze validated pairs. User clicks 'Analyze my validated edits'. System extracts validated source→target pairs from project, sends to LLM with rule-suggestion prompt, receives 1-5 RuleSuggestion objects. Review stage shows each suggestion with name, description, severity, check pattern. User toggles suggestions on/off (checkbox), clicks 'Add N rules' to commit accepted suggestions.","src/components/RuleSuggestDialog.tsx:43-265; src/lib/rules/rule-suggester.ts:76-100; e2e/JOURNEYS.md","e2e/specs/rules/rule-dialogs.smoke.spec.ts","Implemented","Untested","","Button disabled if LLM not configured (no endpoint + model or Frontier unavailable). Falls back to FALLBACK_SETTINGS if completionSettings not passed. Requires cells prop to extract pairs; otherwise shows 'No human-validated translations found'.","Project lead / reviewer","Run/view checks: contributor(400); author & manage rules / algorithmic-check overrides: project_lead(500)","https://docs.aquilla.app/media/rules-run-checks/rules-run-checks.mp4","00:06","recorded"
"RC-09","Rules & Checks","Suggest rules from document import","As a translation manager, I want to import rules from a style guide or glossary document, so that I can quickly establish rules from existing brand/style guidelines.","User navigates to Rules page, clicks 'Import from doc' button (RuleImportDialog). Dialog shows drop zone for files (.txt, .md, .pdf, .docx up to size limits) or paste zone. User drops/pastes document. System runs two-pass extraction: (1) extract candidate rules from text, (2) structure into JSON RuleSuggestion objects. Review stage shows extracted rules; user toggles and commits accepted ones.","src/components/RuleImportDialog.tsx:64-365; src/lib/rules/rule-extractor.ts; src/lib/frontier/parse-document.ts","e2e/specs/rules/rule-import-dialog-disabled.smoke.spec.ts","Implemented","Untested","","Text files (txt/md): 200 KB max. PDF/DOCX: 2 MB max, requires authentication. Button disabled if LLM not configured. Progress bar shows extraction phases.","Project lead / reviewer","Run/view checks: contributor(400); author & manage rules / algorithmic-check overrides: project_lead(500)","https://docs.aquilla.app/media/rules-run-checks/rules-run-checks.mp4","00:00","recorded"
"RC-10","Rules & Checks","Test rule against sample source/target","As a rule author, I want to test my rule before saving, so that I can verify it matches the intended pattern.","User opens rule creation dialog (RuleCreateDialog), enters Source and Target test inputs, clicks 'Test' button. System evaluates rule logic against inputs, displays pass/fail message (e.g. '✓ Pass — pattern found in both' or '✗ Target contains forbidden pattern'). Results update in real-time as user tweaks pattern.","src/components/RuleCreateDialog.tsx:49-87; src/components/RuleCreateDialog.tsx:199-212","e2e/specs/rules/rule-create-dialog-test-button.smoke.spec.ts","Implemented","Untested","","Test result shows checkmark (✓ green) or X (✗ red) based on rule type logic. Catches regex errors and displays error message. Test area is present in all rule-creation flows.","Project lead / reviewer","Run/view checks: contributor(400); author & manage rules / algorithmic-check overrides: project_lead(500)","https://docs.aquilla.app/media/rules-run-checks/rules-run-checks.mp4","00:00","recorded"
"RC-11","Rules & Checks","Live preview of rule matches in current file","As a rule author, I want to see example cells matching my rule, so that I can verify the pattern is not over-firing.","User creates/edits rule in RuleEditor. As they type pattern, live preview section updates (debounced 300ms). Shows count of matching cells in current file, plus up to 3 sample cells with source and target truncated. Preview only shows for non-empty, valid patterns. Empty pattern hides preview.","src/components/RuleEditor.tsx:83-105; src/components/RuleEditor.tsx:395-420","e2e/specs/rules/rule-editor-autofix-preview.smoke.spec.ts","Implemented","Untested","","Preview runs checkRulesForCell on provided cells, capped at 3 samples. Debounced to avoid lag during typing. Shows 'No matches' when pattern is valid but empty or finds nothing.","Project lead / reviewer","Run/view checks: contributor(400); author & manage rules / algorithmic-check overrides: project_lead(500)","https://docs.aquilla.app/media/rules-run-checks/rules-run-checks.mp4","00:00","recorded"
"RC-12","Rules & Checks","Autofix: add regex-based find/replace to rule","As a translator lead, I want to attach automated fixes to rules, so that violations can be auto-corrected without manual review.","User creates/edits rule in RuleEditor, scrolls to 'Add autofix (optional)' toggle. Clicking toggle reveals regex-replace form with Find pattern, Replace with (can use $1 backrefs), Flags (e.g. 'gi') inputs, and sample text preview. User enters pattern, replacement, flags, optionally types sample text to see before/after transformation. Clicking 'Save changes/Create rule' persists autofix. Autofix badge appears on rule row.","src/components/RuleEditor.tsx:156-159; src/components/RuleEditor.tsx:422-487; src/components/RulesPage.tsx:280-301","e2e/specs/rules/rule-editor-autofix-toggle.smoke.spec.ts","Implemented","Untested","","Autofix is optional. Before/after preview validates regex on sample text (shows error if invalid). Persisted as RuleAutofix { kind, pattern, replacement, flags }.","Project lead / reviewer","Run/view checks: contributor(400); author & manage rules / algorithmic-check overrides: project_lead(500)","https://docs.aquilla.app/media/rules-run-checks/rules-run-checks.mp4","00:00","recorded"
"RC-13","Rules & Checks","View rule details in drawer","As a translator, I want to see which cells are breaking a rule and which are following it, so that I can understand the rule's impact.","User opens editor, clicks 'Try to fix all' on a rule row or rule is loaded via ?openRule= URL param. RuleDrawer opens on right side of screen showing rule name, severity icon, saved autofix info (or 'No saved fix yet'). Drawer lists breaking cells (red-highlighted, ~20 max) and passing cells (green-highlighted, ~10 max). User can click a cell to navigate to it in the editor.","src/components/RuleDrawer.tsx:19-123; src/components/RulesPage.tsx:232-235","e2e/specs/rules/rule-drawer.smoke.spec.ts","Implemented","Untested","","'Try to fix all' button is present on each rule row in RulesPage and RulesSurface. Drawer is closed by clicking X or clicking outside. Drawer title shows rule name + severity badge.","Project lead / reviewer","Run/view checks: contributor(400); author & manage rules / algorithmic-check overrides: project_lead(500)","https://docs.aquilla.app/media/rules-run-checks/rules-run-checks.mp4","00:00","recorded"
"RC-14","Rules & Checks","Amend rule from drawer","As a translator lead, I want to quickly jump to editing a rule's autofix, so that I can fix violations without navigating away.","User opens RuleDrawer (via 'Try to fix all'), clicks 'Amend rule' button. Navigation occurs to /project/{id}/rules?ruleId={ruleId}&focus=autofix. User lands on Rules page with rule row expanded, autofix section visible and scrolled into view.","src/components/RuleDrawer.tsx:38-40; src/components/RulesPage.tsx:44-53","e2e/specs/rules/rule-drawer.smoke.spec.ts","Implemented","Untested","","Navigates via Router to /project/{id}/rules. RulesPage listens to searchParams for ruleId + focus, expands the row and scrolls it into view.","Project lead / reviewer","Run/view checks: contributor(400); author & manage rules / algorithmic-check overrides: project_lead(500)","https://docs.aquilla.app/media/rules-run-checks/rules-run-checks.mp4","00:00","recorded"
"RC-15","Rules & Checks","Rule mode selector (forbidden/required/match)","As a rule author, I want to choose between different rule types, so that I can express the exact constraint I'm trying to enforce.","User creates/edits rule in RuleEditor. Mode selector buttons show three options: 'Forbidden' (target must not contain pattern), 'Required' (if source matches, target must match), 'Must match' (pattern in both). User clicks a mode. UI updates to show/hide relevant inputs. Sentence at top of form updates to explain the selected mode.","src/components/RuleEditor.tsx:132-139; src/components/RuleEditor.tsx:264-306; src/components/RuleEditor.tsx:74-79","e2e/specs/rules/rule-editor-mode-selector.smoke.spec.ts","Implemented","Untested","","Three RuleCheck types: target-forbids, source-requires-target, source-target-match. Mode changes affect which pattern fields are shown.","Project lead / reviewer","Run/view checks: contributor(400); author & manage rules / algorithmic-check overrides: project_lead(500)","https://docs.aquilla.app/media/rules-run-checks/rules-run-checks.mp4","00:00","recorded"
"RC-16","Rules & Checks","Rule regex vs. literal toggle","As a translator without regex knowledge, I want a 'literal text' mode, so that I can create rules without learning regex syntax.","User creates/edits rule in RuleEditor, sees pattern input with placeholder hint (\d+ for regex, 'exact text' for literal). Below input, button 'Switch to literal' or 'Switch to regex'. Clicking toggle switches mode. In literal mode, user's input is automatically escaped before use (via escapeRegex()). Mode is preserved per-field. Pattern validation ignores errors in literal mode.","src/components/RuleEditor.tsx:140; src/components/RuleEditor.tsx:369-391; src/components/RuleEditor.tsx:28-30","e2e/specs/rules/rule-editor-regex-toggle.smoke.spec.ts","Implemented","Untested","","isLiteral boolean controls escapeRegex(). Switch button text toggles. Help text shows 'Treated as literal text (auto-escaped)' or 'Interpreted as regular expression'.","Project lead / reviewer","Run/view checks: contributor(400); author & manage rules / algorithmic-check overrides: project_lead(500)","https://docs.aquilla.app/media/rules-run-checks/rules-run-checks.mp4","00:00","recorded"
"RC-17","Rules & Checks","Rule severity picker (major/minor)","As a project lead, I want to categorize violations by severity, so that translators know which rules are critical vs. style guidelines.","User creates/edits rule in RuleEditor. Severity buttons show 'Major' (red background) and 'Minor' (amber background). User clicks to select. Selected button highlights. Severity is saved with rule. On RulesPage/RulesSurface, rule row shows severity badge and icon color-coded to severity.","src/components/RuleEditor.tsx:121; src/components/RuleEditor.tsx:309-328","e2e/specs/rules/rule-editor-severity-toggle.smoke.spec.ts","Implemented","Untested","","Severity is 'major' (AlertTriangle red) or 'minor' (AlertCircle amber). Displayed as badge on rule rows in all surfaces.","Project lead / reviewer","Run/view checks: contributor(400); author & manage rules / algorithmic-check overrides: project_lead(500)","https://docs.aquilla.app/media/rules-run-checks/rules-run-checks.mp4","00:00","recorded"
"RC-18","Rules & Checks","Rule enabled checkbox","As a translator, I want a clear visual indicator of rule enabled status, so that I know which rules are active.","User creates/edits rule in RuleEditor. Checkbox labeled 'Enabled' is checked by default. Clicking unchecks. Save/Create persists enabled status. On RulesPage/RulesSurface, each rule row shows Enabled toggle switch.","src/components/RuleEditor.tsx:122; src/components/RuleEditor.tsx:330-339","e2e/specs/rules/rule-editor-enabled-checkbox.smoke.spec.ts","Implemented","Untested","","Enabled is persisted per rule. Disabled rules do not fire violations during rule evaluation.","Project lead / reviewer","Run/view checks: contributor(400); author & manage rules / algorithmic-check overrides: project_lead(500)","https://docs.aquilla.app/media/rules-run-checks/rules-run-checks.mp4","00:00","recorded"
"RC-19","Rules & Checks","Rule row expand/collapse autofix editor","As a translator, I want to edit autofix details inline without navigating away, so that I can refine fixes without context switching.","User navigates to Rules page (RulesPage). Each rule row shows chevron (down/up). Clicking chevron expands row, revealing AutofixEditor section with existing autofix pattern/replacement/flags inputs or empty if no autofix. Clicking again collapses. Autofix can be edited, saved, or cleared from expanded section.","src/components/RulesPage.tsx:236-251; src/components/RulesPage.tsx:280-301","e2e/specs/rules/rule-row-expand.smoke.spec.ts","Implemented","Untested","","Expansion state per rule stored in expandedRuleId state. AutofixEditor appears only on RulesPage (legacy), not on RulesSurface (newer surface).","Project lead / reviewer","Run/view checks: contributor(400); author & manage rules / algorithmic-check overrides: project_lead(500)","https://docs.aquilla.app/media/rules-run-checks/rules-run-checks.mp4","00:00","recorded"
"RC-20","Rules & Checks","Rule list filtering/search","As a translator, I want to search for rules by name, so that I can quickly find the rule I need to work with.","User navigates to Rules page. Search input is present (if implemented) to filter rules by name. Typing filters rule list in real-time. Only rules matching search text are shown.","src/components/RulesSurface.tsx (rules list + filter); src/hooks/useRules.ts","none","Gap/Removed","N/A (not impl)","","No search/filter input visible in RulesPage or RulesSurface code. Rule count is shown but list is static.","Project lead / reviewer","Run/view checks: contributor(400); author & manage rules / algorithmic-check overrides: project_lead(500)","https://docs.aquilla.app/media/rules-run-checks/rules-run-checks.mp4","00:00","recorded"
"RC-21","Rules & Checks","Promote project rule to org scope","As an org maintainer, I want to promote successful project rules to org-wide scope, so that other projects can benefit from proven patterns.","User (with canEditOrgRules=true) navigates to Rules page (RulesSurface), locates a project rule row, clicks 'Promote to org' button. Dialog opens: 'Promote rule to org?' with explanation that a copy will be added to org library, project copy is kept. User clicks 'Promote to org'. Rule is copied, id regenerated, scope='org', sourceProjectId set, added to org rules list.","src/components/RulesSurface.tsx:120-134; src/components/RulesSurface.tsx:419-428; src/components/RulesSurface.tsx:362-380","e2e/specs/rules/rule-promote-to-org.smoke.spec.ts","Implemented","Untested","","'Promote to org' button only visible if canEditOrgRules=true and patchOrgSettings is defined. Dialog has Cancel and Promote buttons. Promoting sets a new UUID and timestamp.","Project lead / reviewer","Run/view checks: contributor(400); author & manage rules / algorithmic-check overrides: project_lead(500)","https://docs.aquilla.app/media/rules-run-checks/rules-run-checks.mp4","00:00","recorded"
"RC-22","Rules & Checks","Request rule promotion (project_lead)","As a project_lead translator, I want to request promotion of a rule to org scope without editing privileges, so that org maintainers can review and approve.","User (with canRequestPromotion=true, e.g. org project_lead but not maintainer) navigates to Rules page (RulesSurface), locates a project rule row, clicks 'Request promotion' button. Async call to requestPromotion() is made. On success, button becomes 'Requested' badge with Clock icon. On duplicate, shows 'Already requested'. On error, shows 'Failed — try again'.","src/components/RulesSurface.tsx:136-150; src/components/RulesSurface.tsx:430-454","e2e/specs/rules/rule-request-promotion.smoke.spec.ts","Implemented","Untested","","Visible only if !canEditOrgRules && canRequestPromotion. Calls requestPromotion(rule, projectId). Result kinds: 'ok', 'duplicate', 'blocked'. State updates with notice message.","Project lead / reviewer","Run/view checks: contributor(400); author & manage rules / algorithmic-check overrides: project_lead(500)","https://docs.aquilla.app/media/rules-run-checks/rules-run-checks.mp4","00:00","recorded"
"RC-23","Rules & Checks","Approve/dismiss rule promotion requests","As an org maintainer, I want to review and approve rule promotion requests from project leads, so that I can control which project-specific rules become org-wide standards.","User (with canEditOrgRules=true) navigates to Rules page (RulesSurface). In org rules section, 'Pending requests (N)' appears showing queued promotion requests. Each request shows rule name, description, requester name, and 'Approve' and 'Dismiss' buttons. Clicking 'Approve' creates org rule (new UUID, scope='org', sourceProjectId) and removes request. Clicking 'Dismiss' removes request without creating rule.","src/components/RulesSurface.tsx:170-188; src/components/RulesSurface.tsx:324-357","e2e/specs/rules/rule-promotion-request-approve-dismiss.smoke.spec.ts","Implemented","Untested","","Pending requests section only appears if canEditOrgRules && promotionRequests.length > 0. Each request displays requestedByName and requestedBy. Approve generates new org rule; dismiss just filters out request.","Project lead / reviewer","Run/view checks: contributor(400); author & manage rules / algorithmic-check overrides: project_lead(500)","https://docs.aquilla.app/media/rules-run-checks/rules-run-checks.mp4","00:00","recorded"
"RC-24","Rules & Checks","Create org-wide rule","As an org maintainer, I want to create rules that apply to all projects in the org, so that I can enforce org-wide standards.","User (with canEditOrgRules=true) navigates to Rules page (RulesSurface). In Org Rules section, clicks '+ Add Org Rule' button. Inline RuleEditor appears. User fills in rule details (name, description, check type, patterns, severity, enabled). Clicking 'Create rule' saves rule with scope='org', assigns new UUID, and adds to org rules list.","src/components/RulesSurface.tsx:164-168; src/components/RulesSurface.tsx:231-241; src/components/RulesSurface.tsx:251-261","e2e/specs/rules/org-rule-create.smoke.spec.ts","Implemented","Untested","","+ Add Org Rule button only visible if canEditOrgRules=true. Disabled while another rule is being edited. Same RuleEditor UI as project rules.","Project lead / reviewer","Run/view checks: contributor(400); author & manage rules / algorithmic-check overrides: project_lead(500)","https://docs.aquilla.app/media/rules-run-checks/rules-run-checks.mp4","00:00","recorded"
"RC-25","Rules & Checks","Edit org-wide rule","As an org maintainer, I want to modify org-wide rules, so that I can refine org standards without recreating rules.","User (with canEditOrgRules=true) navigates to Rules page (RulesSurface). In Org Rules section, locates rule, clicks pencil icon. Inline RuleEditor appears pre-populated with rule data. User edits name, description, check, patterns, severity, enabled status. Clicking 'Save changes' persists updates; 'Cancel' closes editor.","src/components/RulesSurface.tsx:152-156; src/components/RulesSurface.tsx:279-318","e2e/specs/rules/org-rule-edit.smoke.spec.ts","Implemented","Untested","","Pencil button only visible if canEditOrgRules=true. Disabled if another org rule is being edited. Same RuleEditor UI applies.","Project lead / reviewer","Run/view checks: contributor(400); author & manage rules / algorithmic-check overrides: project_lead(500)","https://docs.aquilla.app/media/rules-run-checks/rules-run-checks.mp4","00:00","recorded"
"RC-26","Rules & Checks","Enable/disable org-wide rule","As an org maintainer, I want to toggle org rules on/off, so that I can pause rules across all projects without deleting them.","User (with canEditOrgRules=true) navigates to Rules page (RulesSurface). In Org Rules section, each rule row has toggle switch 'Enabled'. Clicking toggle calls updateOrgRule(ruleId, { enabled: checked }), persisting to org settings. Disabled org rules do not fire in any project.","src/components/RulesSurface.tsx:290-298","e2e/specs/rules/org-rule-enable-toggle.smoke.spec.ts","Implemented","Untested","","Toggle only visible/interactive if canEditOrgRules=true. Persisted via patchOrgSettings({ rules: [...] }).","Project lead / reviewer","Run/view checks: contributor(400); author & manage rules / algorithmic-check overrides: project_lead(500)","https://docs.aquilla.app/media/rules-run-checks/rules-run-checks.mp4","00:00","recorded"
"RC-27","Rules & Checks","Delete org-wide rule","As an org maintainer, I want to remove org rules that are no longer needed, so that I can keep org standards current.","User (with canEditOrgRules=true) navigates to Rules page (RulesSurface). In Org Rules section, locates rule, clicks trash icon. Rule is immediately removed from org rules list and persisted.","src/components/RulesSurface.tsx:158-162; src/components/RulesSurface.tsx:299-301","none","Implemented","Untested","","Trash button only visible if canEditOrgRules=true. No confirmation dialog required (unlike project rule delete).","Project lead / owner","Lifecycle ops: project_lead(500)+ / owner(700)","https://docs.aquilla.app/media/rules-run-checks/rules-run-checks.mp4","00:00","recorded"
"RC-28","Rules & Checks","Harmonize violations (batch autofix with review)","As a translator lead, I want to fix multiple violations for a built-in check at once, so that I can quickly resolve systematic quality issues across the project.","User navigates to Rules page (RulesPage). For a built-in check with violations, clicks 'Harmonize all (N)' button. FixReviewPanel opens on right side showing rule, proposal kind, and previews. If rule has autofix, shows regex-based fixes with before/after. User can select/deselect cells to fix, must type rule name to confirm (AQU-186), clicks 'Apply X selected'. All changes applied (TODO: actual event dispatch for Y.Doc edits).","src/components/RulesPage.tsx:80-109; src/components/RulesPage.tsx:152-174; src/components/BuiltinChecksList.tsx:73-89; src/components/FixReviewPanel.tsx:25-134","e2e/specs/rules/rules-try-to-fix-all.smoke.spec.ts","Partial","Untested","","AQU-186 feature. Typed confirmation gate present but onApply is a NOOP stub ('wire to emitCellHarmonize per cell once sweep-population worker path is implemented'). Harmonize button disabled if userCanHarmonize=false (role-gated: project_lead+). Infraction counts computed per cell over all validated cells (up to 40 files).","Project lead / reviewer","Run/view checks: contributor(400); author & manage rules / algorithmic-check overrides: project_lead(500)","https://docs.aquilla.app/media/rules-run-checks/rules-run-checks.mp4","00:00","recorded"
"RC-29","Rules & Checks","Rule infraction detection","As a translator, I want to see which cells violate which rules, so that I can prioritize corrections.","System continuously evaluates all enabled rules against all project cells. For each cell, checkRulesForCell() runs all enabled rules (custom + builtin + org rules) and returns array of RuleInfraction objects. Each infraction includes ruleId, cellId, fileId, message, and spans array (position + matched text). Infractions are displayed in editor, drawer, and rules page.","src/lib/rules/rule-engine.ts:44-154; src/components/RulesPage.tsx:119-131; src/lib/rules/rule-engine.ts:18-34","e2e/specs/rules/violation.smoke.spec.ts","Implemented","Untested","","checkRulesForCell is pure, regex-cached, O(rules × cells). Empty-aware builtins run first (e.g. empty-target). Regex compilation cached globally to prevent recompilation.","Project lead / reviewer","Run/view checks: contributor(400); author & manage rules / algorithmic-check overrides: project_lead(500)","https://docs.aquilla.app/media/rules-run-checks/rules-run-checks.mp4","00:00","recorded"
"RC-30","Rules & Checks","Waive rule violation","As a translator, I want to mark violations as acknowledged/acceptable for specific reasons, so that I can suppress false positives or exceptions without changing the rule.","User opens editor, sees violation in drawer or inline. Clicks 'Waive' or similar button. Modal or dialog appears asking for waive reason (optional). User confirms. Violation is marked as waived (added to project.waivers array). Waived violations are hidden from main view but may appear grayed out or in separate section.","src/lib/rules/waivers.ts:9-40; src/lib/rules/waivers.ts:28-40","e2e/specs/rules/waive-violation.smoke.spec.ts","Implemented","Untested","","Waivers array stored in project.waivers. Each RuleWaiver has ruleId, waivedAt, waivedBy (optional), reason (optional). partitionInfractions() separates active vs. waived infractions.","Project lead / reviewer","Run/view checks: contributor(400); author & manage rules / algorithmic-check overrides: project_lead(500)","https://docs.aquilla.app/media/rules-run-checks/rules-run-checks.mp4","00:00","recorded"
"RC-31","Rules & Checks","Unwaive rule violation","As a translator, I want to un-waive a violation, so that it becomes active again.","User navigates to rule details or waived violations view. Clicks 'Unwaive' or equivalent. Violation is removed from project.waivers, becomes active again.","src/lib/rules/waivers.ts:23-26","e2e/specs/rules/waive-violation.smoke.spec.ts","Implemented","Untested","","removeWaiver() removes the waiver entry from array. No-op if waiver doesn't exist.","Project lead / reviewer","Run/view checks: contributor(400); author & manage rules / algorithmic-check overrides: project_lead(500)","https://docs.aquilla.app/media/rules-run-checks/rules-run-checks.mp4","00:00","recorded"
"RC-32","Rules & Checks","Autofix: batch regex-based fixing","As a translator lead, I want to fix all violations of a rule using a regex pattern, so that systematic errors are corrected automatically.","User opens editor with rule visible, clicks 'Try to fix all'. If rule has no autofix, proposal = { kind: 'none', reason: 'Add autofix...' }. If rule has autofix, requestBatchFix() is called (TODO: currently stubbed, returns empty previews in AQU-186 harmonize flow). LLM batch mode proposes single regex-replace or falls back to per-cell semantic fixing. FixReviewPanel displays previews.","src/lib/rules/autofix.ts:147-279; src/lib/rules/autofix.ts:109-125","e2e/specs/rules/rule-editor-autofix-preview.smoke.spec.ts","Partial","Untested","","requestBatchFix() has two strategies: (1) batch regex-replace (single pattern for all cells), (2) per-cell semantic (LLM suggests individual find/replace for each cell if regex fails). applyRegexFix() and buildRegexProposal() are complete. Actual apply/writeback stubbed in AQU-186 harmonize flow.","Project lead / reviewer","Run/view checks: contributor(400); author & manage rules / algorithmic-check overrides: project_lead(500)","https://docs.aquilla.app/media/rules-run-checks/rules-run-checks.mp4","00:00","recorded"
"RC-33","Rules & Checks","Autofix: per-cell semantic fixing","As a translator lead, I want to fix violations on a cell-by-cell basis when a single regex cannot work, so that complex or nuanced corrections are still automated.","When requestBatchFix() determines a single regex won't work (violatingCells < 10), it falls back to requestSurgicalFix() / semantic mode. LLM is prompted with PER_CELL_SYSTEM_PROMPT, generates per-cell { find, replace, rationale } fixes. parsePerCellResponse() validates JSON. buildPerCellProposal() generates FixPreview objects for each cell. FixReviewPanel shows before/after for each cell.","src/lib/rules/autofix.ts:127-145; src/lib/rules/autofix.ts:162-172; src/lib/rules/autofix.ts:289-316","none","Implemented","Untested","","Semantic mode has per-cell template. LLM returns { kind: 'per-cell', fixes: [ { cellId, find, replace, rationale? } ] }. Hallucination guard: checks find string appears in cell.translated. applyLiteralFix() does literal split/join (not regex).","Project lead / reviewer","Run/view checks: contributor(400); author & manage rules / algorithmic-check overrides: project_lead(500)","https://docs.aquilla.app/media/rules-run-checks/rules-run-checks.mp4","00:00","recorded"
"RC-34","Rules & Checks","Autofix: surgical fix (single cell)","As a translator, I want to automatically fix a single violation, so that I don't have to manually edit each cell.","User locates a cell with a rule violation. Clicks 'Fix' or sparkle icon. requestSurgicalFix() is called for that cell + rule. LLM is prompted with PER_CELL_SYSTEM_PROMPT, receives cell details. Proposed fix is shown in FixReviewPanel. User can accept or decline. Accepted fix is applied to cell.","src/lib/rules/autofix.ts:281-316; src/components/RuleDrawer.tsx:88-90","none","Stub/ComingSoon","N/A (not impl)","","requestSurgicalFix() function exists and is complete, but button in RuleDrawer is disabled with title 'Autofix is unavailable in this build'. Phase 2c-gamma marks writeback as gone; event-grammar equivalent pending.","Project lead / reviewer","Run/view checks: contributor(400); author & manage rules / algorithmic-check overrides: project_lead(500)","https://docs.aquilla.app/media/rules-run-checks/rules-run-checks.mp4","00:00","recorded"
"RC-35","Rules & Checks","Rule statistics (usage summary)","As a translator lead, I want to see project-wide fix statistics, so that I can track the impact of automation.","User navigates to Rules page (RulesPage). Top of content shows usage summary line: '{fixesApplied} fixes applied · {llmCalls} LLM calls this project'. Tooltip on hover explains metrics. Stats update as fixes are applied.","src/components/RulesPage.tsx:133-138; src/components/RulesPage.tsx:190-194","none","Implemented","Untested","","Derived from project.usage.fixesApplied and project.usage.llmCalls. Requires usage tracking in storage/sync layer.","Project lead / reviewer","Run/view checks: contributor(400); author & manage rules / algorithmic-check overrides: project_lead(500)","https://docs.aquilla.app/media/rules-run-checks/rules-run-checks.mp4","00:00","recorded"
"RC-36","Rules & Checks","Builtin check: empty target","As a translator, I want to be alerted when a translation is empty, so that I don't miss untranslated cells.","Builtin check 'empty-target' runs on all cells, even with empty target. If cell.status === 'empty' or target is whitespace-only, and source has content, violation is raised. Severity: major (default), enabled by default.","src/lib/lqa/builtin-registry.ts:25-34; src/lib/lqa/check-functions/empty-target.ts","none","Implemented","Untested","","runsOnEmptyTarget=true. Runs in first pass before short-circuit check.","Project lead / reviewer","Run/view checks: contributor(400); author & manage rules / algorithmic-check overrides: project_lead(500)","https://docs.aquilla.app/media/rules-run-checks/rules-run-checks.mp4","00:00","recorded"
"RC-37","Rules & Checks","Builtin check: target equals source","As a translator, I want to catch untranslated content that appears translated, so that I can fix verbatim copies that slip through.","Builtin check 'target-equals-source' runs on non-empty cells. If cell.translated matches cell.original verbatim, violation is raised. Severity: major, enabled by default.","src/lib/lqa/builtin-registry.ts:35-44; src/lib/lqa/check-functions/target-equals-source.ts","none","Implemented","Untested","","runsOnEmptyTarget=false. Detects untranslated strings masquerading as translations.","Project lead / reviewer","Run/view checks: contributor(400); author & manage rules / algorithmic-check overrides: project_lead(500)","https://docs.aquilla.app/media/rules-run-checks/rules-run-checks.mp4","00:00","recorded"
"RC-38","Rules & Checks","Builtin check: placeholder integrity","As a translator, I want to ensure placeholders ({name}, <tag>, %s, \n) are preserved, so that dynamic content is not lost.","Builtin check 'placeholder-integrity' runs on cells. Extracts tokens like {name}, <tag>, %s, \n from source. If any token is missing from target, violation is raised. Severity: major, enabled by default.","src/lib/lqa/builtin-registry.ts:45-54; src/lib/lqa/check-functions/placeholder-integrity.ts","none","Implemented","Untested","","runsOnEmptyTarget=false. Detects missing placeholders, tags, format specs, escape sequences.","Project lead / reviewer","Run/view checks: contributor(400); author & manage rules / algorithmic-check overrides: project_lead(500)","https://docs.aquilla.app/media/rules-run-checks/rules-run-checks.mp4","00:00","recorded"
"RC-39","Rules & Checks","Builtin check: number integrity","As a translator, I want to ensure numbers in the source appear in the target, so that numerical data is preserved.","Builtin check 'number-integrity' runs on cells. Extracts numerals/numbers from source. If any numeral is missing from target (accounting for locale separator variations), violation is raised. Severity: major, enabled by default.","src/lib/lqa/builtin-registry.ts:55-64; src/lib/lqa/check-functions/number-integrity.ts","none","Implemented","Untested","","runsOnEmptyTarget=false. Tolerates locale separators (e.g. 1,000 vs 1.000).","Project lead / reviewer","Run/view checks: contributor(400); author & manage rules / algorithmic-check overrides: project_lead(500)","https://docs.aquilla.app/media/rules-run-checks/rules-run-checks.mp4","00:00","recorded"
"RC-40","Rules & Checks","Builtin check: end punctuation mismatch","As a translator, I want translations to end with the same punctuation as the source, so that translations are stylistically consistent.","Builtin check 'end-punctuation-mismatch' runs on cells. If source ends with ?/!/. and target does not end with the same, violation is raised. Severity: minor, enabled by default.","src/lib/lqa/builtin-registry.ts:65-74; src/lib/lqa/check-functions/end-punctuation-mismatch.ts","none","Implemented","Untested","","runsOnEmptyTarget=false. Checks final punctuation mark only.","Project lead / reviewer","Run/view checks: contributor(400); author & manage rules / algorithmic-check overrides: project_lead(500)","https://docs.aquilla.app/media/rules-run-checks/rules-run-checks.mp4","00:00","recorded"
"RC-41","Rules & Checks","Builtin check: extra whitespace","As a translator, I want to catch leading/trailing spaces and double spaces, so that formatting is clean.","Builtin check 'double-space' runs on cells. If target has leading/trailing whitespace or multiple consecutive spaces, violation is raised. Severity: minor, enabled by default.","src/lib/lqa/builtin-registry.ts:75-84; src/lib/lqa/check-functions/double-space.ts","none","Implemented","Untested","","runsOnEmptyTarget=false. Detects multiple spaces and edge whitespace.","Project lead / reviewer","Run/view checks: contributor(400); author & manage rules / algorithmic-check overrides: project_lead(500)","https://docs.aquilla.app/media/rules-run-checks/rules-run-checks.mp4","00:00","recorded"
"RC-42","Rules & Checks","Builtin check: repeated word","As a translator, I want to catch accidental word repetition in translations, so that typos are prevented.","Builtin check 'repeated-word' runs on cells. If the same word appears twice consecutively in target (unless source also has the repetition), violation is raised. Severity: minor, enabled by default.","src/lib/lqa/builtin-registry.ts:85-94; src/lib/lqa/check-functions/repeated-word.ts","none","Implemented","Untested","","runsOnEmptyTarget=false. Allows repetition if source also has it.","Project lead / reviewer","Run/view checks: contributor(400); author & manage rules / algorithmic-check overrides: project_lead(500)","https://docs.aquilla.app/media/rules-run-checks/rules-run-checks.mp4","00:00","recorded"
"RC-43","Rules & Checks","Builtin check: unpaired symbols","As a translator, I want to detect mismatched brackets, parentheses, and braces, so that markup is not corrupted.","Builtin check 'unpaired-symbols' runs on cells. Counts (, [, { in source/target and checks target has equal counts. Mismatched delimiters raise violation. Severity: minor, enabled by default.","src/lib/lqa/builtin-registry.ts:95-104; src/lib/lqa/check-functions/unpaired-symbols.ts","none","Implemented","Untested","","runsOnEmptyTarget=false. Detects (), [], {} imbalance.","Project lead / reviewer","Run/view checks: contributor(400); author & manage rules / algorithmic-check overrides: project_lead(500)","https://docs.aquilla.app/media/rules-run-checks/rules-run-checks.mp4","00:00","recorded"
"RC-44","Rules & Checks","Builtin check: abbreviation mismatch","As a translator, I want to catch when abbreviations change between source and target, so that acronyms and short forms are consistent.","Builtin check 'abbreviation-mismatch' runs on cells. Extracts abbreviations (sequences of capitals) from source and checks target contains same abbreviations. Missing abbreviations raise violation. Severity: minor, enabled by default.","src/lib/lqa/builtin-registry.ts:105-110; src/lib/lqa/check-functions/abbreviation-mismatch.ts","none","Implemented","Untested","","runsOnEmptyTarget=false. Detects capital abbreviations like USA, LLM, API.","Project lead / reviewer","Run/view checks: contributor(400); author & manage rules / algorithmic-check overrides: project_lead(500)","https://docs.aquilla.app/media/rules-run-checks/rules-run-checks.mp4","00:00","recorded"
"VH-01","Validation & Health","Per-cell validation toggle","As a translator or reviewer, I want to mark a translated cell as validated, so that I can indicate the translation quality meets project standards.","User clicks the validation button on a cell with non-empty translation → `emitCellValidate` event fires → cell status changes from 'unvalidated' to 'validated' → validation button updates to show emerald indicator and 'Validated' state → cell appears in 'Recent Examples' on memory page.","src/lib/sync/events-emit.ts:233-253; src/components/EditorTable.tsx:2636-2660; e2e/specs/validation/validate.smoke.spec.ts","e2e/specs/validation/validate.smoke.spec.ts","Implemented","Untested","","Validation is role-gated (requires TRANSLATOR or REVIEWER role minimum); first-validate fires a once-per-session FIRST_CELL_VALIDATE analytics event.","Reviewer / translation consultant","Validate/unvalidate: reviewer(300)","https://docs.aquilla.app/media/validation-validate-cell/validation-validate-cell.mp4","00:11","recorded"
"VH-02","Validation & Health","Per-cell unvalidation (remove own validation)","As a translator or reviewer, I want to remove my validation from a cell, so that I can undo an accidental validation or change my quality assessment.","User opens validation popover on a self-validated cell → clicks 'Remove your validation' trash button → `emitCellUnvalidate` event fires → cell status changes from 'validated' to 'unvalidated' → button state flips back to unvalidated indicator → user is no longer listed in activeValidators.","src/lib/sync/events-emit.ts:256-268; src/components/EditorTable.tsx:3073-3086; e2e/specs/validation/cell-unvalidate.smoke.spec.ts","e2e/specs/validation/cell-unvalidate.smoke.spec.ts","Implemented","Untested","","Only available to the user who performed the validation; other validators' validations remain visible and unchanged.","Reviewer / translation consultant","Validate/unvalidate: reviewer(300)","https://docs.aquilla.app/media/validation-validate-cell/validation-validate-cell.mp4","00:00","recorded"
"VH-03","Validation & Health","Bulk validation via selection bar","As a translator, I want to validate multiple cells at once via selection checkboxes, so that I can quickly mark a batch of translations as complete.","User selects 1+ cells via checkbox → SelectionBar appears with 'Validate N' button → user clicks button → `emitCellValidate` emitted for each selected unvalidated cell → success toast shows count validated → cells update to validated state.","src/components/SelectionBar.tsx:140-155; e2e/specs/editor/selection-bar-bulk-validate.smoke.spec.ts","e2e/specs/editor/selection-bar-bulk-validate.smoke.spec.ts","Implemented","Untested","","Skips cells already validated by current user; button disabled if all selected cells are already validated.","Reviewer / translation consultant","Validate/unvalidate: reviewer(300)","https://docs.aquilla.app/media/validation-validate-cell/validation-validate-cell.mp4","00:00","recorded"
"VH-04","Validation & Health","Bulk unvalidation via selection bar","As a translator, I want to remove my validations from multiple cells at once, so that I can quickly undo a batch validation.","User selects 1+ self-validated cells → SelectionBar shows 'Remove my validations' button → user clicks → `emitCellUnvalidate` emitted for each selected validated cell → button becomes disabled or hidden → success indicated.","src/components/SelectionBar.tsx:164-178; e2e/specs/editor/selection-bar-unvalidate.smoke.spec.ts","e2e/specs/editor/selection-bar-unvalidate.smoke.spec.ts","Implemented","Untested","","Only removes current user's validations; other validators remain unaffected.","Reviewer / translation consultant","Validate/unvalidate: reviewer(300)","https://docs.aquilla.app/media/validation-validate-cell/validation-validate-cell.mp4","00:00","recorded"
"VH-05","Validation & Health","Cross-user validation visibility","As a translator, I want to see who has validated each cell and when, so that I can understand the state of collaborative validation.","User hovers over or clicks validation button on a cell validated by others → validation popover opens → 'Validated by' list shows all active validators with timestamps → if current user validated it, a trash icon appears next to their name for removal.","src/components/EditorTable.tsx:3066-3089; e2e/specs/collab/cross-user-validate.smoke.spec.ts","e2e/specs/collab/cross-user-validate.smoke.spec.ts","Implemented","Untested","","Validation history also shown in popover when available (prior validations/unvalidations over time).","Reviewer / translation consultant","Validate/unvalidate cells: reviewer(300); health/confidence is derived-on-read (no role to view)","https://docs.aquilla.app/media/validation-validate-cell/validation-validate-cell.mp4","00:18","recorded"
"VH-06","Validation & Health","Decay-based per-cell health calculation","As a project manager, I want to see cell health derived from endorsement count and validation proximity, so that I can identify which cells need attention based on context validation.","For each cell: health = (1 - decay) * 100, where decay = max(0, 1 - endorsementCount / endorsementTarget). Validated cells (endorsementCount >= required) reach 100. Untranslated cells (empty status) have health 0. Health interpolates smoothly between 0-100 based on distance from validation gate.","src/lib/health/decay-engine.ts:90-105; src/hooks/useHealth.ts:154-161","none","Implemented","Untested","","Default endorsementTarget is requiredValidations (from project settings, default 1). Explicit decaySettings.endorsementTarget can override per-project tuning.","Reviewer / translation consultant","Validate/unvalidate cells: reviewer(300); health/confidence is derived-on-read (no role to view)","https://docs.aquilla.app/media/validation-validate-cell/validation-validate-cell.mp4","00:00","recorded"
"VH-07","Validation & Health","File-level health rollup","As a translator, I want to see overall file health, so that I can gauge progress on a particular file.","File health = mean(decay across all cells in file) converted to 0-100 scale. Updated incrementally as cells are validated. Shown as percentage in sidebar file list (two progress bars: amber for translated%, green for validated%).","src/lib/health/decay-engine.ts:150-177; src/components/FileRow.tsx:42-46","none","Implemented","Untested","","Displayed via two horizontal progress bars in FileRow: first bar shows % translated, second shows % validated.","Reviewer / translation consultant","Validate/unvalidate cells: reviewer(300); health/confidence is derived-on-read (no role to view)","https://docs.aquilla.app/media/validation-validate-cell/validation-validate-cell.mp4","00:00","recorded"
"VH-08","Validation & Health","Project-level health rollup (local endorsement path)","As a project manager, I want to see overall project health, so that I can track translation completion quality across all files.","Project health = mean(decay across all cells in all files) converted to 0-100 scale. Displayed as colored HealthRing (red 0-33, amber 34-66, green 67-100) in StatusBar footer and ProjectCard. Updated as files load and cells are validated.","src/lib/health/decay-engine.ts:150-177; src/hooks/useHealth.ts:216-226; src/components/HealthRing.tsx","e2e/specs/projects/route-health.smoke.spec.ts","Implemented","Untested","","Endorsement-count path: endorsementCount projects from server validator list or local-only counts. Falls back to 0 on fresh import.","Reviewer / translation consultant","Validate/unvalidate cells: reviewer(300); health/confidence is derived-on-read (no role to view)","https://docs.aquilla.app/media/validation-validate-cell/validation-validate-cell.mp4","00:00","recorded"
"VH-09","Validation & Health","Server-derived confidence-based health (AQU-181)","As a project manager, I want project health to reflect server-computed confidence scores from the example-retrieval graph, so that health reflects semantic similarity to validated cells rather than just endorsement counts.","When serverRollup option is provided to useHealth with projectHealth and fileHealth maps, those values override the endorsement-count path for file/project aggregates. Per-cell healthMap still derives from endorsement or per-cell confidence (via useCellConfidence overlay). Falls back to endorsement-count path if serverRollup is null.","src/hooks/useHealth.ts:26-29, 215-219; src/hooks/useHealthRollup.ts:14-104","none","Implemented","Untested","","AD-14 amendment 2026-06-04; per-cell health still uses endorsement-count or confidence overlay (useCellConfidence), not server rollup.","Reviewer / translation consultant","Validate/unvalidate cells: reviewer(300); health/confidence is derived-on-read (no role to view)","https://docs.aquilla.app/media/validation-validate-cell/validation-validate-cell.mp4","00:00","recorded"
"VH-10","Validation & Health","Cell confidence score (FTS5-based similarity)","As a translator, I want per-cell health to reflect semantic similarity to validated examples, so that I know which unvalidated cells are most likely ready to validate based on learned patterns.","useCellConfidence queries sync-worker /cell-confidence endpoint with cellIds and returns confidence scores 0-1 for each cell. Scores converted to health 0-100 and merged into healthMap. Validated cells immediately snap to 100; server ripple adjusts neighbors based on perHopDecay and maxHops settings. Optional overlay toggled via localStorage.","src/hooks/useCellConfidence.ts:29-112; src/lib/sync/cell-confidence-read.ts:46-68; src/components/ProjectWorkspace.tsx:1752-1774","none","Stub/ComingSoon","N/A (not impl)","","PROTOTYPE status (AD-14 health-as-confidence). Disabled by default; enabled only via localStorage.setItem('health-confidence-overlay','1'). Runs alongside endorsement path; nothing removed.","Reviewer / translation consultant","Validate/unvalidate: reviewer(300)","https://docs.aquilla.app/media/validation-validate-cell/validation-validate-cell.mp4","00:00","recorded"
"VH-11","Validation & Health","Needs-attention marker on cells","As a translator, I want cells that lack sufficient surrounding validation context to be visually highlighted, so that I can prioritize validating cells in semantic neighborhoods.","For each cell: if decay > decayWarnThreshold (default 0.66), the cell shows 'needs attention' marker in UI (text in expansion panel or inline visual cue). Absence of marker is silence, not endorsement. Marker appears in cell expansion Staleness tab as text 'Needs attention — nearby context cells haven't been validated yet.'","src/lib/health/decay-engine.ts:116-134; src/components/EditorTable.tsx:2689-2693, 3705-3708","none","Implemented","Untested","","Uses server-derived confidence when available, falls back to endorsement-count decay. Threshold tunable per-project (decayWarnThreshold in DecaySettings).","Reviewer / translation consultant","Validate/unvalidate cells: reviewer(300); health/confidence is derived-on-read (no role to view)","https://docs.aquilla.app/media/validation-validate-cell/validation-validate-cell.mp4","00:00","recorded"
"VH-12","Validation & Health","Health ring visual indicator","As a user, I want to see health as a colored circular progress indicator, so that I can quickly gauge validation state at a glance.","HealthRing component renders circular SVG arc proportional to health (0-100). Color: red (0-33), amber (34-66), green (67-100). At health=0, ring hidden but container occupies space (no layout shift). Used on cell rows (size 22px) and ProjectCard (size 22px) and StatusBar (size 18px).","src/components/HealthRing.tsx:1-63","none","Implemented","Untested","","Can render an icon inside the ring (e.g., cell endorsement count or project health %). Smooth 0.5s transitions on health/color changes.","Reviewer / translation consultant","Validate/unvalidate cells: reviewer(300); health/confidence is derived-on-read (no role to view)","https://docs.aquilla.app/media/validation-validate-cell/validation-validate-cell.mp4","00:05","recorded"
"VH-13","Validation & Health","Decay breakdown popover (health analytics)","As a project manager, I want to understand which cells are dragging down project health, so that I can focus validation efforts on high-impact areas.","User hovers over health ring (StatusBar or ProjectCard) → popover opens showing: overall health%, percentage of cells needing attention, list of 'biggest drags' (8 cells with lowest health, sorted ascending). Optional stale-source count displayed. Clicking a drag cell jumps to it in editor.","src/components/DecayBreakdown.tsx:26-98; src/components/StatusBar.tsx:32-42","none","Implemented","Untested","","Uses attentionHealthCutoff = (1 - warnThreshold)*100 to filter cells needing attention. Shows 'No cells need attention' when list is empty.","Reviewer / translation consultant","Validate/unvalidate cells: reviewer(300); health/confidence is derived-on-read (no role to view)","https://docs.aquilla.app/media/validation-validate-cell/validation-validate-cell.mp4","00:00","recorded"
"VH-14","Validation & Health","Project health on dashboard card","As a project manager, I want to see project health on the dashboard without opening the project, so that I can quickly compare health across many projects.","ProjectCard displays a HealthRing with server-fetched projectHealth (via useProjectHealth). Ring hidden if projectHealth is null (local-only project or fetch error). Health fetched from sync-worker /health-rollup route using project-scoped sync token.","src/hooks/useProjectHealth.ts:51-90; src/components/ProjectCard.tsx:100-113","none","Implemented","Untested","","AQU-190: token fetcher cached module-level per projectId to avoid N+1 stampede. Falls back gracefully if project not yet server-side (local-only).","Reviewer / translation consultant","Validate/unvalidate cells: reviewer(300); health/confidence is derived-on-read (no role to view)","https://docs.aquilla.app/media/validation-validate-cell/validation-validate-cell.mp4","00:00","recorded"
"VH-15","Validation & Health","File progress tracking (translated and validated counts)","As a translator, I want to see how many cells in each file are translated and validated, so that I can monitor work completion.","useHealth.fileProgress Map tracks {translated, validated, total} per file. Derived from cell.status: 'translated' = not empty, 'validated' = status=='validated'. Displayed in FileRow as two inline progress bars (amber for translated%, green for validated%). Tooltip shows exact counts.","src/hooks/useHealth.ts:110-140; src/components/FileRow.tsx:42-46, 125-134","none","Implemented","Untested","","Updated incrementally; memo held via structural-stability helpers so non-progress typing doesn't re-render rows.","Reviewer / translation consultant","Validate/unvalidate cells: reviewer(300); health/confidence is derived-on-read (no role to view)","https://docs.aquilla.app/media/validation-validate-cell/validation-validate-cell.mp4","00:00","recorded"
"VH-16","Validation & Health","Status bar with validation summary","As a translator, I want to see total counts of cells and validation state at a glance, so that I can quickly gauge overall progress.","StatusBar footer displays: total cells, translated count & %, unvalidated count (if > 0, shown in amber pill), validated count (if > 0, shown in green pill). Clickable health ring opens decay breakdown popover.","src/components/StatusBar.tsx:14-54","none","Implemented","Untested","","Uses healthMap per-cell values and file progress aggregates. Placed at bottom of editor viewport.","Reviewer / translation consultant","Validate/unvalidate: reviewer(300)","https://docs.aquilla.app/media/validation-validate-cell/validation-validate-cell.mp4","00:18","recorded"
"VH-17","Validation & Health","Open comment count per cell","As a translator, I want to see which cells have open discussion threads, so that I can prioritize addressing feedback.","useHealth.cellOpenCommentCount tracks count of open (unresolved) threads per cellId. EditorTable renders comment icon with badge showing count when > 0. Clicking icon opens comments panel. Cell expansion shows count in tooltip.","src/hooks/useHealth.ts:127-132, 230-231; src/components/EditorTable.tsx:3654-3665","none","Implemented","Untested","","Derived from cell.threads filter(status == 'open'). Used to badge cell rows and CommentTab.","Reviewer / translation consultant","Validate/unvalidate cells: reviewer(300); health/confidence is derived-on-read (no role to view)","https://docs.aquilla.app/media/validation-validate-cell/validation-validate-cell.mp4","00:00","recorded"
"VH-18","Validation & Health","Project-level open comment count rollup","As a project manager, I want to see how many open comments exist across the project, so that I can gauge discussion volume.","useHealth.projectOpenCommentCount is sum of openCommentCount across all files. Displayed as badge on Comments nav link / tab. Used to route users to pending discussions.","src/hooks/useHealth.ts:119, 137-138, 230-231","none","Implemented","Untested","","Only counts open (unresolved) threads; closed/resolved threads excluded.","Reviewer / translation consultant","Validate/unvalidate cells: reviewer(300); health/confidence is derived-on-read (no role to view)","https://docs.aquilla.app/media/validation-validate-cell/validation-validate-cell.mp4","00:00","recorded"
"VH-19","Validation & Health","Rule infraction detection (separate from health)","As a QA manager, I want QA rule violations to be flagged separately from health, so that rule violations don't conflate with validation-based confidence.","useHealth.infractions is Map<cellId, RuleInfraction[]>. Populated by checkRulesForCell for enabled rules. Incremental: cached per cell signature (status, original, translated); only re-run on actual content change, not every keystroke. Infractions shown in cell expansion Issues tab.","src/hooks/useHealth.ts:175-206; src/lib/rules/rule-engine.ts; src/components/EditorTable.tsx:1371","none","Implemented","Untested","","AD-14: infractions carried as sibling surface, NOT folded into health (health only uses decay/endorsement/confidence).","Reviewer / translation consultant","Validate/unvalidate cells: reviewer(300); health/confidence is derived-on-read (no role to view)","https://docs.aquilla.app/media/validation-validate-cell/validation-validate-cell.mp4","00:00","recorded"
"VH-20","Validation & Health","Rule violation waiver (dismiss infraction)","As a translator, I want to dismiss a QA rule violation with an optional justification, so that I can suppress false positives and explain intentional violations.","User clicks infraction in Issues tab → ViolationPopover opens → clicks 'Waive' → optional reason input appears → 'Confirm' → `emitCellWaive` fires with ruleId and reason → popover closes → infraction moves to 'Waived' subsection showing waive details (reason, username, timestamp).","src/lib/sync/events-emit.ts:287-302; src/components/ViolationPopover.tsx:54-84; e2e/specs/rules/waive-violation.smoke.spec.ts","e2e/specs/rules/waive-violation.smoke.spec.ts","Implemented","Untested","","Waiver is keyed on (cell, ruleId). Can be revoked with 'Unwaive' button showing same popover in reverse.","Reviewer / translation consultant","Validate/unvalidate cells: reviewer(300); health/confidence is derived-on-read (no role to view)","https://docs.aquilla.app/media/validation-validate-cell/validation-validate-cell.mp4","00:00","recorded"
"VH-21","Validation & Health","Rule violation unwaiver (restore infraction)","As a translator, I want to restore a waived rule violation, so that I can reevaluate or remove a prior dismissal.","User clicks waived infraction in 'Waived' subsection → ViolationPopover opens showing waive details → 'Unwaive' button → click → `emitCellUnwaive` fires → popover closes → infraction moves back to active Issues list.","src/lib/sync/events-emit.ts:314-326; src/components/ViolationPopover.tsx:59-62","e2e/specs/rules/waive-violation.smoke.spec.ts","Implemented","Untested","","Reverses a prior waiver without requiring reason.","Reviewer / translation consultant","Validate/unvalidate cells: reviewer(300); health/confidence is derived-on-read (no role to view)","https://docs.aquilla.app/media/validation-validate-cell/validation-validate-cell.mp4","00:00","recorded"
"VH-22","Validation & Health","Decay settings configuration (maxHops and attention threshold)","As a project manager, I want to tune how far validated cells' confidence ripples and at what point cells are flagged as needing attention, so that I can customize health scoring to project context.","ProjectSettings > Staleness & health section shows: 'Max hops' input (1-20, default 4) controlling propagation radius in confidence graph, and 'Attention threshold' input (0-1, default 0.66) controlling when 'needs attention' marker appears. Changes saved to project.decaySettings.","src/components/ProjectSettings/DecaySettingsSection.tsx:23-86","none","Implemented","Untested","","maxHops passed to both useHealthRollup (server path) and useCellConfidence (confidence overlay). retired endorsementTarget no longer shown; confidence derived on read, not from endorsement writes.","Reviewer / translation consultant","Validate/unvalidate cells: reviewer(300); health/confidence is derived-on-read (no role to view)","https://docs.aquilla.app/media/validation-validate-cell/validation-validate-cell.mp4","00:00","recorded"
"VH-23","Validation & Health","Living memory validated cell recent examples","As a translator, I want to see recently validated cells as reference examples, so that I can learn from team translations and maintain consistency.","Memory page > Recent Examples section displays ValidatedCellCard for each validated cell (status == 'validated') across all project files. Each card shows source text (aria-label='Source text') and translation (aria-label='Translation'). Sorted by most recent validation.","e2e/specs/projects/living-memory-validated-cell-card.smoke.spec.ts","e2e/specs/projects/living-memory-validated-cell-card.smoke.spec.ts","Implemented","Untested","","useLivingMemory hook filters cells for status === 'validated'. ValidatedCellCard component renders with labeled sections.","Project lead (source steward)","Source content edits: project_lead(500)","https://docs.aquilla.app/media/validation-validate-cell/validation-validate-cell.mp4","00:00","recorded"
"VH-24","Validation & Health","Stale source indicator (AD-9)","As a translator, I want to see when the source text has changed since I last translated a cell, so that I can identify cells needing re-translation.","StaleSourceIndicator component shows amber triangle icon (AlertTriangle) with tooltip 'The source has changed since this translation was last revised.' when cell's source event_id differs from target row's staleness pin. Icon appears in cell action rail. Managed mode: parent passes staleCellIds Set; standalone mode: hook fetches internally.","src/components/StaleSourceIndicator.tsx:55-126; src/hooks/useStaleSourceCells.ts","none","Partial","Untested","","Component exported but NOT yet wired into EditorTable (Phase 5 scope; 2c-β editor rewrite will integrate). Two consumption modes: parent-managed (preferred for row rendering) or standalone.","Project lead (source steward)","Source content edits: project_lead(500)","https://docs.aquilla.app/media/validation-validate-cell/validation-validate-cell.mp4","00:00","recorded"
"C-01","Comments","Post comment on cell","As a translator, I want to post a comment on a specific cell, so that I can ask questions or provide feedback about that cell's translation.","User hovers over a cell row in the editor, clicks the 'Add comment' button, types text in the CommentsDrawer textarea, and clicks 'Post'. The comment appears immediately in the drawer (optimistic), and is persisted to the server via comment.create event.","src/components/CommentsDrawer.tsx:49-59; src/hooks/useComments.ts:178-237; src/components/ProjectWorkspace.tsx:1067-1073","e2e/specs/editor/comments.smoke.spec.ts","Implemented","Untested","","Cell-scoped comments are enqueued with the cell's fileId. Comments are stored per cell (cellId) and file (fileId).","Any collaborator","Comment create/edit/delete/resolve: commenter(200)","https://docs.aquilla.app/media/comments-discuss/comments-discuss.mp4","00:00","recorded"
"C-02","Comments","Submit comment via keyboard shortcut","As a translator, I want to submit a comment by pressing Ctrl+Enter (or Cmd+Enter on Mac), so that I can quickly post without using the mouse.","User types text in the comment textarea and presses Ctrl+Enter (or Cmd+Enter). The comment is submitted and the textarea clears.","src/components/CommentThread.tsx:67-72; src/components/CommentsDrawer.tsx:61-66","e2e/specs/editor/comment-submit-keyboard.smoke.spec.ts","Implemented","Untested","","Works in both the cell-scoped CommentsDrawer and the CommentsPage reply composer.","Any user (personal preference)","Any authenticated user — scoped to own account","https://docs.aquilla.app/media/comments-discuss/comments-discuss.mp4","00:00","recorded"
"C-03","Comments","View comment thread","As a translator, I want to see all comments posted on a cell organized as a thread, so that I can understand the full conversation context.","When CommentsDrawer opens for a cell, all comments (root + replies) are displayed in order. Each comment shows author, timestamp, and body text (with markdown formatting: **bold**, *italic*, `code`, @mentions). Resolved threads show a 'resolved' badge.","src/components/CommentThread.tsx:84-169; src/lib/comments/comment-helpers.ts:20-28","e2e/specs/editor/comments.smoke.spec.ts","Implemented","Untested","","Deleted comments render as '[deleted]' placeholder (soft-delete model: deletedAt is set but record remains).","Any collaborator","Comment create/edit/delete/resolve: commenter(200)","https://docs.aquilla.app/media/comments-discuss/comments-discuss.mp4","00:00","recorded"
"C-04","Comments","Reply to comment","As a translator, I want to reply to an existing comment, so that I can engage in a conversation about a specific cell.","User opens the CommentsDrawer and sees the root comment. Below it is a 'Reply...' textarea and a 'Reply' button (disabled until text is entered). Typing text and clicking 'Reply' posts the reply (parentCommentId set to root comment's ID) and clears the textarea.","src/components/CommentThread.tsx:128-159; src/hooks/useComments.ts:75-82; src/components/ProjectWorkspace.tsx:1075-1082","e2e/specs/editor/comment-reply.smoke.spec.ts","Implemented","Untested","","Replies are only enabled in the editor drawer (CommentsPage shows a 'not yet wired' message for replies).","Any collaborator","Comment create/edit/delete/resolve: commenter(200)","https://docs.aquilla.app/media/comments-discuss/comments-discuss.mp4","00:06","recorded"
"C-05","Comments","Close thread with reply","As a translator, I want to post a reply AND resolve the thread in a single action, so that I can provide a solution and mark the issue as closed.","User fills the reply textarea and clicks 'Close with reply'. Both the reply is posted (with parentCommentId) AND the thread is marked resolved in one action. The reply text appears in the thread, and the Resolve button is replaced with Reopen.","src/components/CommentThread.tsx:147-150; src/components/ProjectWorkspace.tsx:1084-1119","e2e/specs/editor/comment-close-with-reply.smoke.spec.ts","Implemented","Untested","","The 'Close with reply' button only appears when both canReply and canResolve are true (based on permissions).","Any collaborator","Comment create/edit/delete/resolve: commenter(200)","https://docs.aquilla.app/media/comments-discuss/comments-discuss.mp4","00:00","recorded"
"C-06","Comments","Resolve comment thread","As a translator or reviewer, I want to mark a comment thread as resolved, so that I can indicate that the issue has been addressed.","User clicks the 'Resolve' button on a thread. The thread immediately shows resolved state (badge, opacity change), and the button changes to 'Reopen'. The resolved flag is persisted via comment.resolve event.","src/components/CommentThread.tsx:152-156; src/hooks/useComments.ts:289-310; src/components/CommentsPage.tsx:513-520","e2e/specs/editor/comment-resolve.smoke.spec.ts","Implemented","Untested","","Resolved threads are collapsed by default in CommentsPage. The resolver's username is captured as author on the resolve event.","Any collaborator","Comment create/edit/delete/resolve: commenter(200)","https://docs.aquilla.app/media/comments-discuss/comments-discuss.mp4","00:06","recorded"
"C-07","Comments","Reopen resolved thread","As a translator, I want to reopen a resolved thread, so that I can re-engage with the conversation if needed.","User clicks 'Reopen' on a resolved thread. The thread returns to open state (badge removed, opacity reset) and the button changes back to 'Resolve'. The change is persisted via comment.resolve event with resolved=false.","src/components/CommentThread.tsx:163-165; src/hooks/useComments.ts:289-310; src/components/CommentsPage.tsx:513-520","e2e/specs/editor/comment-resolve.smoke.spec.ts","Implemented","Untested","","Reopening is the inverse of resolving; both use the same resolveThread API with a boolean flag.","Any collaborator","Comment create/edit/delete/resolve: commenter(200)","https://docs.aquilla.app/media/comments-discuss/comments-discuss.mp4","00:00","recorded"
"C-08","Comments","Edit own comment","As a translator, I want to edit a comment I posted, so that I can correct typos or clarify my message.","User hovers over their own comment (in CommentsPage) and clicks the 'Edit' button in the kebab menu. An inline textarea appears with the current body. User types new text and clicks 'Save' (or presses Cmd/Ctrl+Enter), or 'Cancel' to discard. The edit is persisted via comment.edit event.","src/components/CommentsPage.tsx:329-346; src/components/CommentsPage.tsx:403-423; src/hooks/useComments.ts:239-262","none","Implemented","Untested","","Edit is only available in CommentsPage (not in the cell-scoped drawer). Only the comment author can edit their own comment (authorId === currentUsername check). Soft-deleted comments cannot be edited.","Any collaborator","Comment create/edit/delete/resolve: commenter(200)","https://docs.aquilla.app/media/comments-discuss/comments-discuss.mp4","00:00","recorded"
"C-09","Comments","Delete own comment","As a translator, I want to delete a comment I posted, so that I can remove comments I no longer want visible.","User hovers over their own comment (in CommentsPage) and clicks the 'Delete' button in the kebab menu. A confirmation dialog appears ('Delete comment? This action cannot be undone.'). User clicks 'Delete' to confirm or 'Cancel' to dismiss. The comment is soft-deleted (body cleared, deletedAt set) via comment.delete event.","src/components/CommentsPage.tsx:339-344; src/components/CommentsPage.tsx:425-440; src/hooks/useComments.ts:264-287","none","Implemented","Untested","","Deletion is soft-delete: the comment record remains in the database with deletedAt timestamp, and body is cleared. Deleted comments display '[deleted]' placeholder. Only the comment author can delete their own comment.","Any collaborator","Comment create/edit/delete/resolve: commenter(200)","https://docs.aquilla.app/media/comments-discuss/comments-discuss.mp4","00:00","recorded"
"C-10","Comments","View all comments on project (CommentsPage)","As a project manager or reviewer, I want to view all comments across the entire project, so that I can get a holistic view of feedback and issues.","User navigates to /project/:id/comments. The page loads and displays all project-level, file-level, and cell-level comments grouped by thread. Comments are fetched via useComments hook (project-wide scope, no fileId/cellId filter). A header shows the total comment count.","src/components/CommentsPage.tsx:772-961; src/hooks/useComments.ts:121-158","e2e/specs/editor/comments-page.smoke.spec.ts","Implemented","Untested","","The page renders a 'No comments yet' empty state when the project has no comments. Comments are grouped by root+replies, not flattened.","Any collaborator","Comment create/edit/delete/resolve: commenter(200)","https://docs.aquilla.app/media/comments-discuss/comments-discuss.mp4","00:00","recorded"
"C-11","Comments","Search comments","As a user, I want to search comments by keyword, so that I can find relevant comments quickly.","User opens CommentsPage, types in the 'Search comments…' input. Threads matching the search term (case-insensitive substring in root body or any reply body) remain visible; non-matching threads are hidden. An active filter badge shows '1 filter'. Clearing the search restores all threads.","src/components/CommentsPage.tsx:620-628; src/components/CommentsPage.tsx:84-120","e2e/specs/editor/comments-search-filter.smoke.spec.ts","Implemented","Untested","","Search is client-side substring matching (not FTS). The search includes both root and reply bodies.","Any collaborator","Comment create/edit/delete/resolve: commenter(200)","https://docs.aquilla.app/media/comments-discuss/comments-discuss.mp4","00:00","recorded"
"C-12","Comments","Filter comments by file","As a reviewer, I want to filter comments by file, so that I can focus on feedback for a specific file.","User clicks 'Filters' to expand the filter panel. A 'File' select dropdown appears with options 'All files' + list of files that have comments. Selecting a file filters to show only threads from that file.","src/components/CommentsPage.tsx:674-699; src/components/CommentsPage.tsx:84-120","e2e/specs/editor/comments-filters-expand.smoke.spec.ts","Implemented","Untested","","File filter dropdown only appears if there are multiple files with comments. Deleted files are shown as 'Deleted file' tombstone entries.","Any collaborator","Comment create/edit/delete/resolve: commenter(200)","https://docs.aquilla.app/media/comments-discuss/comments-discuss.mp4","00:00","recorded"
"C-13","Comments","Filter comments by author","As a reviewer, I want to filter comments by the person who posted them, so that I can focus on feedback from a specific team member.","User clicks 'Filters' to expand the filter panel. An 'Author' select dropdown appears with options 'Anyone' + list of users who have posted root comments. Selecting an author filters to show only threads where the root comment author matches.","src/components/CommentsPage.tsx:701-725; src/components/CommentsPage.tsx:96-97","none","Implemented","Untested","","Author filter matches only the root comment author, not reply authors.","Any collaborator","Comment create/edit/delete/resolve: commenter(200)","https://docs.aquilla.app/media/comments-discuss/comments-discuss.mp4","00:00","recorded"
"C-14","Comments","Filter comments by participant","As a reviewer, I want to see all threads where a specific person participated (either as root author or replier), so that I can track conversations involving that person.","User clicks 'Filters' to expand the filter panel. A 'Participant' select dropdown appears with options 'Anyone' + list of users who have posted comments or replies. Selecting a participant filters to show only threads where that user is either the root author OR replied.","src/components/CommentsPage.tsx:728-753; src/components/CommentsPage.tsx:99-104","none","Implemented","Untested","","Participant filter checks both root author and all reply authors, unlike Author filter which only checks root.","Any collaborator","Comment create/edit/delete/resolve: commenter(200)","https://docs.aquilla.app/media/comments-discuss/comments-discuss.mp4","00:00","recorded"
"C-15","Comments","Toggle show resolved threads","As a reviewer, I want to toggle visibility of resolved threads, so that I can focus on open issues or review completed discussions.","User clicks 'Filters' to expand the filter panel. A 'Show resolved' checkbox appears, unchecked by default. Checking it shows resolved threads (in collapsed state); unchecking hides them. The badge count is unaffected but thread visibility changes immediately.","src/components/CommentsPage.tsx:664-672; src/components/CommentsPage.tsx:89-91","e2e/specs/editor/comments-show-resolved.smoke.spec.ts","Implemented","Untested","","Resolved threads are collapsed by default (useState(!root.resolved)). The checkbox is part of the expanded filters panel.","Any collaborator","Comment create/edit/delete/resolve: commenter(200)","https://docs.aquilla.app/media/comments-discuss/comments-discuss.mp4","00:00","recorded"
"C-16","Comments","Sort comments","As a reviewer, I want to change the sort order of comments, so that I can see the most relevant threads first.","User clicks 'Filters' to expand the filter panel. A 'Sort' select dropdown appears with options: 'Unresolved first' (default, unresolved threads first then by createdAt DESC), 'Most recent activity' (by updatedAt DESC), 'Newest first' (by createdAt DESC). Selecting an option re-sorts threads immediately.","src/components/CommentsPage.tsx:643-661; src/components/CommentsPage.tsx:123-136","e2e/specs/editor/comments-sort-select.smoke.spec.ts","Implemented","Untested","","The 'unresolved-first' sort is a composite sort: unresolved threads first (boolean check), then by createdAt descending among each group.","Any collaborator","Comment create/edit/delete/resolve: commenter(200)","https://docs.aquilla.app/media/comments-discuss/comments-discuss.mp4","00:00","recorded"
"C-17","Comments","Expand/collapse filter panel","As a user, I want to expand or collapse the filter controls, so that I can focus on the comments list when not filtering.","User clicks the 'Filters' button (with SlidersHorizontal icon). The filter panel expands to show Sort, Show resolved, File, Author, Participant, and Reset controls. Clicking 'Filters' again collapses the panel.","src/components/CommentsPage.tsx:630-638; src/components/CommentsPage.tsx:614-768","e2e/specs/editor/comments-filters-expand.smoke.spec.ts","Implemented","Untested","","The filter panel is initially collapsed. The search box is always visible (not part of the collapsible section).","Any collaborator","Comment create/edit/delete/resolve: commenter(200)","https://docs.aquilla.app/media/comments-discuss/comments-discuss.mp4","00:00","recorded"
"C-18","Comments","Reset all filters","As a user, I want to quickly clear all active filters, so that I can return to viewing all comments.","User clicks 'Filters' to expand the filter panel. A 'Reset' button appears at the bottom of the panel. Clicking it clears all filters (search, fileId, authorId, participant, showResolved) and resets sort to default ('unresolved-first').","src/components/CommentsPage.tsx:755-763; src/components/CommentsPage.tsx:73-80","none","Implemented","Untested","","The Reset button calls onChange(DEFAULT_FILTER), which resets to: search='', fileId='', authorId='', participant='', showResolved=false, sort='unresolved-first'.","Any collaborator","Comment create/edit/delete/resolve: commenter(200)","https://docs.aquilla.app/media/comments-discuss/comments-discuss.mp4","00:00","recorded"
"C-19","Comments","Refresh comment list","As a user, I want to manually refresh the comments list, so that I can see new comments from other users without waiting for automatic updates.","User clicks the 'Refresh' button (outline, sm, in the page header). The button shows a spinner while loading and is disabled. Comments are re-fetched from the server. After fetch completes, the button returns to normal state showing 'Refresh' text.","src/components/CommentsPage.tsx:876-878; src/hooks/useComments.ts:121-158","e2e/specs/editor/comments-page-refresh.smoke.spec.ts","Implemented","Untested","","The refresh endpoint is fetchCommentsForProject (sync-worker read API), not a live subscription. Optimistic comments are preserved during refresh via mergeWithOptimistic.","Any collaborator","Comment create/edit/delete/resolve: commenter(200)","https://docs.aquilla.app/media/comments-discuss/comments-discuss.mp4","00:00","recorded"
"C-20","Comments","Navigate to commented cell","As a reviewer, I want to navigate from the CommentsPage to the actual cell in the editor, so that I can see the cell context and respond inline.","On CommentsPage, for each cell-scoped comment thread, an 'Open file' button appears with an 'Go to cell in editor' tooltip. Clicking it navigates to /project/:id/file/:fileId?cellId=:cellId, opening the file in the editor and scrolling to the relevant cell.","src/components/CommentsPage.tsx:487-512; src/components/CommentsPage.tsx:850-860","e2e/specs/editor/comments-go-to-cell.smoke.spec.ts","Implemented","Untested","","The button is disabled if the file has been deleted (tombstone state). Project-level and file-level comments do not have an 'Open file' button.","Any collaborator","Comment create/edit/delete/resolve: commenter(200)","https://docs.aquilla.app/media/comments-discuss/comments-discuss.mp4","00:00","recorded"
"C-21","Comments","Return to editor from comments","As a user, I want to navigate back to the project workspace from the Comments page, so that I can resume editing.","Comments lives inside the workspace shell. There is no page-level 'Back to project' button — return via the breadcrumb, history arrows, or by selecting a file in the sidebar (navigates to /project/:id/editor/file/:fileId).","src/components/CommentsPage.tsx","e2e/specs/editor/comments-page-back-nav.smoke.spec.ts","Implemented","Untested","","Shell owns navigation (same contract as Living Memory and Rules).","Any collaborator","Comment create/edit/delete/resolve: commenter(200)","https://docs.aquilla.app/media/comments-discuss/comments-discuss.mp4","00:00","recorded"
"C-22","Comments","Translation stale indicator","As a reviewer, I want to see when a cell's translation has changed since a comment was created, so that I know to re-evaluate the comment's relevance.","In the cell-scoped CommentsDrawer, if a comment was created when the cell had an empty translation (createdForTranslated=''), and the cell now has a non-empty translation (currentTranslated !== ''), an amber 'stale' indicator with AlertTriangle icon appears next to the thread status badge. Tooltip says 'Translation changed since this thread was created'.","src/components/CommentThread.tsx:33,102-108","e2e/specs/editor/comment-translation-stale-indicator.smoke.spec.ts","Implemented","Untested","","Staleness is computed as thread.createdForTranslated !== currentTranslated. This helps reviewers catch comments that may no longer apply after translation updates.","Any collaborator","Comment create/edit/delete/resolve: commenter(200)","https://docs.aquilla.app/media/comments-discuss/comments-discuss.mp4","00:00","recorded"
"C-23","Comments","Comment mention typeahead","As a user, I want to @mention team members in comments, so that I can notify them about discussions.","User types '@' in a comment textarea followed by a prefix (e.g., '@al'). A typeahead dropdown appears showing matching users (from useUserSearch). User can click a user to insert '@username' (with trailing space) at the mention position. If less than 2 characters after '@', 'Type more to search…' message appears.","src/components/CommentsPage.tsx:187-291; src/components/CommentsPage.tsx:538-551; src/components/CommentsPage.tsx:584-591","none","Implemented","Untested","","Mentions are rendered in the comment body as <span class='mention'>@username</span>. The mention text is not yet used to trigger notifications (feature-gated or not yet implemented).","Any collaborator","Comment create/edit/delete/resolve: commenter(200)","https://docs.aquilla.app/media/comments-discuss/comments-discuss.mp4","00:00","recorded"
"C-24","Comments","Comment markdown rendering","As a user, I want to format comments with markdown, so that I can emphasize important parts and make comments more readable.","User types markdown syntax in the comment body: **text** renders as bold <b>, *text* renders as italic <i>, `text` renders as code <code>, newlines render as <br>, @mentions render as styled spans. HTML is escaped and sanitized (DOMPurify) to prevent injection.","src/lib/comments/comment-helpers.ts:20-28; src/components/CommentThread.tsx:74-82; src/components/CommentsPage.tsx:352-362","none","Implemented","Untested","","Rendering is done via renderCommentHtml + DOMPurify sanitization. Only a narrow set of tags are allowed: b, i, code, br, span (for mentions). This prevents XSS while enabling basic formatting.","Any collaborator","Comment create/edit/delete/resolve: commenter(200)","https://docs.aquilla.app/media/comments-discuss/comments-discuss.mp4","00:00","recorded"
"C-25","Comments","Cross-user comment visibility","As a project member, I want to see comments posted by other team members, so that I can collaborate on shared feedback.","When one user posts a comment, another user who is a project member can see it on the CommentsPage after refreshing (or via live sync if implemented). Comments are stored server-side in the D1 comments projection table and served to all project members.","src/hooks/useComments.ts:121-158; src/lib/sync/comments-read.ts","e2e/specs/collab/cross-user-comment.smoke.spec.ts","Implemented","Untested","","Comments are server-persisted and visible to all project members. The CommentsPage fetches all project comments on mount (no live subscription currently).","Any collaborator","Comment create/edit/delete/resolve: commenter(200)","https://docs.aquilla.app/media/comments-discuss/comments-discuss.mp4","00:00","recorded"
"C-26","Comments","Cross-user comment reply","As a project member, I want to reply to comments from other team members, so that I can contribute to ongoing discussions.","User opens the CommentsDrawer for a cell, sees a thread with another user's comment, fills the 'Reply...' textarea, clicks 'Reply', and the reply is posted with parentCommentId set to the root comment ID. Other users see the reply appear in the same thread.","src/hooks/useComments.ts:75-82; src/components/CommentThread.tsx:128-145","e2e/specs/collab/cross-user-comment-reply.smoke.spec.ts","Implemented","Untested","","Replies are only implemented in the editor drawer (CommentsPage shows 'not yet wired' message for new replies).","Any collaborator","Comment create/edit/delete/resolve: commenter(200)","https://docs.aquilla.app/media/comments-discuss/comments-discuss.mp4","00:00","recorded"
"C-27","Comments","Permission-based comment access","As a project owner, I want to control who can post, edit, and resolve comments based on project permissions, so that I can maintain discussion quality and privacy.","Users with canEditComments=true can post comments, edit/delete their own comments, and reply. Users with canResolveComments=true can resolve/reopen threads. Users without these permissions see a read-only state ('Read-only (imported from git)'). The CommentsDrawer and CommentsPage respect these flags.","src/components/CommentsDrawer.tsx:109-128; src/hooks/useProjectPermissions.ts","none","Implemented","Untested","","Permissions are checked via useProjectPermissions(project). If both canEditComments and canResolveComments are false, a read-only message is displayed.","Any collaborator","Comment create/edit/delete/resolve: commenter(200)","https://docs.aquilla.app/media/comments-discuss/comments-discuss.mp4","00:00","recorded"
"C-28","Comments","Comment scope types","As a developer, I want to support comments at multiple levels (cell, file, project), so that feedback can be scoped appropriately.","Comments can be created with different scopes: 'cell' (fileId + cellId), 'file' (fileId only), or 'project' (no fileId/cellId). CommentsPage displays the scope label (e.g., 'Cell GEN 1:1 in Genesis.sfm', 'File Genesis.sfm', 'Project'). Server handles authorization per scope.","src/hooks/useComments.ts:56-60; src/lib/sync/outbox-types.ts; src/components/CommentsPage.tsx:164-174","none","Implemented","Untested","","Project-scoped comments use a sentinel fileId (__project__) for authorization. The scope is discriminated union: CommentScope = { kind: 'cell', fileId, cellId } | { kind: 'file', fileId } | { kind: 'project' }","Any collaborator","Comment create/edit/delete/resolve: commenter(200)","https://docs.aquilla.app/media/comments-discuss/comments-discuss.mp4","00:00","recorded"
"C-29","Comments","Optimistic comments","As a user, I want comments to appear immediately after I post, even if the network is slow, so that I have immediate feedback.","When user posts a comment, it appears in the UI immediately (optimistic update) with a client-generated commentId. As the comment.create event flushes and is processed by the server, the optimistic record is confirmed and remains visible (deduplicated). If a refresh happens before confirmation, the optimistic comment survives and is merged with server rows.","src/hooks/useComments.ts:99-119, 216-235; src/hooks/useComments.ts:106-119","none","Implemented","Untested","","Optimistic records are tracked in optimisticRef.current (Map<commentId, CommentRecord>). mergeWithOptimistic ensures stale refreshes don't clobber optimistic state.","Any collaborator","Comment create/edit/delete/resolve: commenter(200)","https://docs.aquilla.app/media/comments-discuss/comments-discuss.mp4","00:00","recorded"
"C-30","Comments","Soft-delete comments","As a user, I want to delete comments, while preserving the conversation history (audit trail), so that moderation can be tracked.","User deletes a comment. The comment record remains in the database with deletedAt set to current timestamp and body cleared to empty string. In the UI, '[deleted]' placeholder is shown instead of the body.","src/hooks/useComments.ts:264-287; src/components/CommentsPage.tsx:349-362; src/components/CommentThread.tsx:113-124","none","Implemented","Untested","","Soft-delete is a data pattern: deletedAt !== null indicates deletion. Hard deletion is not implemented. Deleted comments cannot be edited or deleted again (canMutate check).","Any collaborator","Comment create/edit/delete/resolve: commenter(200)","https://docs.aquilla.app/media/comments-discuss/comments-discuss.mp4","00:00","recorded"
"C-31","Comments","Comments drawer visibility toggle","As a translator, I want to open and close the comments drawer, so that I can focus on editing when not needed.","User hovers over a cell and clicks 'Add comment'. CommentsDrawer opens as an overlay (z-index, positioned right). Clicking the close button (X icon) in the drawer header closes it.","src/components/CommentsDrawer.tsx:68-76; src/components/ProjectWorkspace.tsx:3736-3741","e2e/specs/editor/cell-actions-menu-add-comment.smoke.spec.ts","Implemented","Untested","","The drawer is a fixed-position panel (w-96) that overlays the editor. CommentsDrawer is passed liveComments from useComments hook to show live updates.","Any collaborator","Comment create/edit/delete/resolve: commenter(200)","https://docs.aquilla.app/media/comments-discuss/comments-discuss.mp4","00:00","recorded"
"C-32","Comments","Draft persistence for reply text","As a user, I want my reply drafts saved locally, so that I don't lose text if I accidentally close the drawer.","User types text in the reply textarea. On every change, the text is persisted to localStorage with key format 'comment-draft:{projectId}:{cellId}:{threadId}'. If the user re-opens the drawer, the draft text is restored. If the reply is posted, the draft is cleared from storage.","src/components/CommentThread.tsx:23-45","none","Implemented","Untested","","Draft persistence is only in the CommentThread (drawer) component, not in CommentsPage. Uses try/catch for localStorage quota errors.","Any collaborator","Comment create/edit/delete/resolve: commenter(200)","https://docs.aquilla.app/media/comments-discuss/comments-discuss.mp4","00:00","recorded"
"C-33","Comments","Comment author and timestamp display","As a reviewer, I want to see who posted each comment and when, so that I can understand the context and history.","Each comment displays: author name (authorLabel or authorId), creation timestamp formatted as 'MMM DD, H:MM AP', and '(edited)' label if updatedAt !== createdAt. Format uses toLocaleString for locale-aware rendering.","src/components/CommentsPage.tsx:309-314; src/components/CommentThread.tsx:115-117; src/components/CommentsPage.tsx:140-151","none","Implemented","Untested","","If an author is deleted or unknown, authorLabel may be null and authorId is displayed as fallback.","Any collaborator","Comment create/edit/delete/resolve: commenter(200)","https://docs.aquilla.app/media/comments-discuss/comments-discuss.mp4","00:00","recorded"
"T-01","Terminology","View terminology page and tab navigation","As a translator, I want to see the terminology page with tabs for managed concepts, review queue, candidates, and violations, so that I can organize my term work by stage.","User navigates to /project/:id/terminology. The page renders with header (Back button, Export CSV/TBX, Import, Add concept buttons) and a tab strip showing four tabs: 'Concepts', 'Review queue', 'Candidate terms', and 'Violations'. Tab selection changes content pane. Empty states show placeholder text and context-appropriate CTA buttons.","src/components/TerminologyPage.tsx:801; src/components/TerminologyPage.tsx:1181-1230","e2e/specs/projects/terminology.smoke.spec.ts","Implemented","Untested","","Role-gated: Project Lead+ (level >= 500) can edit termbase definitions. Contributor+ (level >= 400) can edit cells in drill-down but not terminate definitions. Local projects (no origin) get full access.","Translator / reviewer","Read glossary: viewer(100); confirm/invalidate/edit terms: contributor(400)","https://docs.aquilla.app/media/terminology-confirm-terms/terminology-confirm-terms.mp4","00:00","recorded"
"T-02","Terminology","View library statistics header","As a project lead, I want to see aggregated terminology metrics (active concepts, % enforced, % infringed, cells analyzed, top-5 most infringed terms), so that I can monitor compliance at a glance.","A card at the top of TerminologyPage shows four stat boxes: 'Active concepts' (count), 'Enforced' (%), 'Infringed' (%), 'Cells analyzed' (count). Percentages only display when cells exist. Top-5 most-infringed section appears below if violations exist, showing concept name + violation count in pills. Colors: emerald for 100% enforced or 0% infringed, amber for 1-20% infringed, red for >20% infringed.","src/components/TerminologyPage.tsx:580-682; src/lib/terminology/stats.ts:1-77","none","Implemented","Untested","","Derived on read from concepts + project cells. No persistence. Stats computed in useMemo with computeTerminologyStats().","Translator / reviewer","Read glossary: viewer(100); confirm/invalidate/edit terms: contributor(400)","https://docs.aquilla.app/media/terminology-confirm-terms/terminology-confirm-terms.mp4","00:00","recorded"
"T-03","Terminology","Create a concept (add source term + renderings + notes + status)","As a project lead, I want to add a new concept with a source term, one or more target renderings (each tagged required/alternate/forbidden), optional notes, and an initial status (suggested/approved/old), so that I can build the termbase.","User clicks 'Add concept' button, dialog opens with fields: 'Source term' (text input, required, auto-focused), 'Target renderings' (repeating group with rendering text + status dropdown + remove button), 'Add rendering' button adds a new empty row, 'Notes' (optional text), 'Status' dropdown (default 'suggested'). Save button validates: source term and at least one rendering required. Success closes dialog; error displays inline.","src/components/TerminologyPage.tsx:199-361; src/lib/terminology/store.ts:28-42","e2e/specs/projects/terminology-add-concept.smoke.spec.ts","Implemented","Untested","","Role-gated behind TERMBASE_EDIT_LEVEL (500). Renderings default to 'preferred' for the first, 'admitted' for added rows. Notes optional, status defaults to 'draft'.","Translator / reviewer","Read glossary: viewer(100); confirm/invalidate/edit terms: contributor(400)","https://docs.aquilla.app/media/terminology-confirm-terms/terminology-confirm-terms.mp4","00:05","recorded"
"T-04","Terminology","Edit a concept (update source term, renderings, notes, status)","As a project lead, I want to edit an existing concept to update its source term, renderings, notes, or status, so that I can refine terminology definitions over time.","User clicks pencil icon on a concept row, the same ConceptDialog opens with 'Edit concept' title and pre-filled values. Rendering rows can be edited, added, or removed. Status dropdown allows draft↔approved↔old transitions. Save validates same as create, persists, closes dialog.","src/components/TerminologyPage.tsx:1348-1359; src/lib/terminology/store.ts:55-67","e2e/specs/projects/terminology-edit-concept.smoke.spec.ts","Implemented","Untested","","Role-gated. Preserves concept id and createdAt. Sets updatedAt on every edit.","Translator / reviewer","Read glossary: viewer(100); confirm/invalidate/edit terms: contributor(400)","https://docs.aquilla.app/media/terminology-confirm-terms/terminology-confirm-terms.mp4","00:00","recorded"
"T-05","Terminology","Delete a concept with confirmation","As a project lead, I want to delete a concept with a confirmation dialog to prevent accidents, so that I can remove obsolete terms.","User clicks trash icon on a concept row, ConfirmActionDialog opens with title 'Delete concept' and message showing concept name. A checkbox states 'I understand this deletes the concept and all its renderings for everyone in the project.' Only after checking the box does the 'Delete concept' button (destructive style) enable. Cancel or dismiss closes dialog without deleting.","src/components/TerminologyPage.tsx:1376-1390; src/lib/terminology/store.ts:78-82","e2e/specs/projects/terminology-delete-concept.smoke.spec.ts","Implemented","Untested","","Role-gated. AQU-291 requirement: checkbox prevents accidental deletes. Deletion is permanent.","Translator / reviewer","Read glossary: viewer(100); confirm/invalidate/edit terms: contributor(400)","https://docs.aquilla.app/media/terminology-confirm-terms/terminology-confirm-terms.mp4","00:00","recorded"
"T-06","Terminology","Add rendering to a concept","As a project lead, I want to add a new target rendering to an existing concept during editing, so that I can expand the approved translation options.","In the edit dialog, 'Add rendering' button appends a new row with empty text, status='admitted', and a remove button. User fills text and optionally changes status. Save persists the new rendering.","src/components/TerminologyPage.tsx:235-237; src/components/TerminologyPage.tsx:291-309","e2e/specs/projects/terminology-add-rendering.smoke.spec.ts","Implemented","Untested","","Validation: at least one rendering must be non-empty before save.","Translator / reviewer","Read glossary: viewer(100); confirm/invalidate/edit terms: contributor(400)","https://docs.aquilla.app/media/terminology-confirm-terms/terminology-confirm-terms.mp4","00:00","recorded"
"T-07","Terminology","Remove rendering from a concept","As a project lead, I want to remove a rendering from a concept, so that I can clean up obsolete or incorrect translations.","In the edit dialog, clicking the trash icon on any rendering row removes it. After deletion, remaining rows shift up. At least one rendering must remain for save to succeed.","src/components/TerminologyPage.tsx:231-233; src/components/TerminologyPage.tsx:175-182","e2e/specs/terminology/terminology-remove-rendering.smoke.spec.ts","Implemented","Untested","","Validation enforced: if the last rendering is deleted, Save shows 'At least one rendering is required.' error.","Translator / reviewer","Read glossary: viewer(100); confirm/invalidate/edit terms: contributor(400)","https://docs.aquilla.app/media/terminology-confirm-terms/terminology-confirm-terms.mp4","00:00","recorded"
"T-08","Terminology","Set rendering status (required/alternate/forbidden)","As a project lead, I want to tag each rendering as 'required' (preferred), 'alternate' (admitted), or 'forbidden', so that I can specify which translations are mandatory, acceptable, or must-not-use.","In the edit dialog, each rendering row has a Status dropdown with three options: 'required' (green, emerald pill), 'alternate' (muted gray), 'forbidden' (red, strikethrough). Selection persists in the concept. On the concepts list view, rendering chips reflect the chosen status with matching colors and label.","src/components/TerminologyPage.tsx:148-174; src/components/TerminologyPage.tsx:72-76","e2e/specs/projects/terminology-rendering-status-select.smoke.spec.ts","Implemented","Untested","","Status affects enforcement: 'required' + 'alternate' = approved (must have one); 'forbidden' = must not use (infringes if present).","Translator / reviewer","Read glossary: viewer(100); confirm/invalidate/edit terms: contributor(400)","https://docs.aquilla.app/media/terminology-confirm-terms/terminology-confirm-terms.mp4","00:00","recorded"
"T-09","Terminology","Set concept status (suggested/approved/old)","As a project lead, I want to set each concept's status to 'suggested' (draft), 'approved' (active), or 'old' (deprecated), so that I can control which terms are enforced and which are archived.","In the add/edit dialog, 'Status' dropdown shows three options: 'suggested', 'approved', 'old'. New concepts default to 'suggested'. On the concepts list, status badges show the current status with color coding: blue secondary for suggested, default for approved, destructive for old. Only 'approved' concepts are compiled into rules and enforced.","src/components/TerminologyPage.tsx:323-346; src/components/TerminologyPage.tsx:100-124","e2e/specs/projects/terminology-concept-status-select.smoke.spec.ts","Implemented","Untested","","Only active concepts compile to rules and are displayed in stats/violations. Draft/deprecated are skipped.","Translator / reviewer","Read glossary: viewer(100); confirm/invalidate/edit terms: contributor(400)","https://docs.aquilla.app/media/terminology-confirm-terms/terminology-confirm-terms.mp4","00:00","recorded"
"T-10","Terminology","Add concept notes (optional context for translators)","As a project lead, I want to add optional contextual notes to a concept, so that translators understand the nuance and usage context.","In the add/edit dialog, a 'Notes (optional)' text input accepts free-form context text (e.g., 'Often appears in ceremonial contexts'). Notes are stored and displayed (truncated) in the concepts table. Notes are preserved during merge and export.","src/components/TerminologyPage.tsx:313-321; src/components/TerminologyPage.tsx:204","e2e/specs/projects/terminology-concept-notes.smoke.spec.ts","Implemented","Untested","","Optional field. Shown in review queue rows and concept table (hidden on mobile).","Translator / reviewer","Read glossary: viewer(100); confirm/invalidate/edit terms: contributor(400)","https://docs.aquilla.app/media/terminology-confirm-terms/terminology-confirm-terms.mp4","00:00","recorded"
"T-11","Terminology","Import concepts from CSV","As a project lead, I want to import a termbase from a CSV file with columns (sourceTerm, rendering, status, notes), so that I can bulk-load existing terminology.","User clicks 'Import' button, TermbaseImportDialog opens with two tabs: CSV and TBX. On CSV tab, a drag-drop zone accepts .csv/.tsv files. Format: one row per rendering (grouped by sourceTerm), columns: sourceTerm, rendering, status ('preferred'/'admitted'/'forbidden', case-insensitive), notes (optional, first occurrence per sourceTerm wins). Status defaults to 'preferred'. Imported concepts receive status 'active'. Parsing errors (malformed CSV, invalid status) display inline. Success closes dialog and reloads concepts.","src/components/TerminologyPage.tsx:373-496; src/lib/terminology/csv.ts:42-90","e2e/specs/projects/terminology-import-dialog.smoke.spec.ts","Implemented","Untested","","CSV header autodetected (case-insensitive). Windows line endings handled. Rows with empty rendering are silently skipped. Import merges by sourceTerm (imported wins on collision with existing).","Translator / reviewer","Read glossary: viewer(100); confirm/invalidate/edit terms: contributor(400)","https://docs.aquilla.app/media/terminology-confirm-terms/terminology-confirm-terms.mp4","00:00","recorded"
"T-12","Terminology","Import concepts from TBX","As a project lead, I want to import a termbase from a TBX-Basic XML file, so that I can load standard ISO 30042 term resources.","In the TermbaseImportDialog, TBX tab accepts .tbx/.xml files via drag-drop or file picker. Parser is lenient: reads <termEntry>, <term>, and <termNote type='administrativeStatus'> elements. First langSet = source term, subsequent = target renderings. Status mapping: 'preferredTerm-admn-sts' → required, 'admittedTerm-admn-sts' → alternate, 'deprecatedTerm-admn-sts' → forbidden. Missing status defaults to 'preferred'. Imported concepts receive status 'active'.","src/components/TerminologyPage.tsx:373-496; src/lib/terminology/tbx.ts:101-180","e2e/specs/projects/terminology-import-dialog.smoke.spec.ts","Implemented","Untested","","Supports TBX-Basic and TBX-Min dialects. Lenient parsing; missing elements handled gracefully. Imports merge by sourceTerm like CSV.","Translator / reviewer","Read glossary: viewer(100); confirm/invalidate/edit terms: contributor(400)","https://docs.aquilla.app/media/terminology-confirm-terms/terminology-confirm-terms.mp4","00:00","recorded"
"T-13","Terminology","Export concepts to CSV","As a project lead, I want to export terminology as CSV for backup or editing in a spreadsheet, so that I can manage the termbase offline.","User clicks 'Export CSV' button (enabled when >= 1 concept exists). Browser downloads 'termbase.csv' file with header row and one row per rendering, columns: sourceTerm, rendering, status, notes (concept notes repeated on every row of that concept). CSV is RFC 4180 compliant (quoted fields with escaped quotes). Concepts with no renderings emit a placeholder row with empty rendering.","src/components/TerminologyPage.tsx:921-928; src/lib/terminology/csv.ts:24-39","e2e/specs/projects/terminology-export.smoke.spec.ts","Implemented","Untested","","Export button disabled when no concepts. Uses Blob + URL.createObjectURL + anchor.click pattern.","Translator / reviewer","Read glossary: viewer(100); confirm/invalidate/edit terms: contributor(400)","https://docs.aquilla.app/media/terminology-confirm-terms/terminology-confirm-terms.mp4","00:00","recorded"
"T-14","Terminology","Export concepts to TBX","As a project lead, I want to export terminology as TBX for interoperability with other CAT tools, so that I can share the termbase.","User clicks 'Export TBX' button (enabled when >= 1 concept exists). Browser downloads 'termbase.tbx' file with TBX-Basic XML structure: <martif> root, <termEntry> per concept, langSets for source and target, <termNote type='administrativeStatus'> for status. Status mapping: required → preferredTerm-admn-sts, alternate → admittedTerm-admn-sts, forbidden → deprecatedTerm-admn-sts.","src/components/TerminologyPage.tsx:930-937; src/lib/terminology/tbx.ts:68-100","e2e/specs/projects/terminology-export.smoke.spec.ts","Implemented","Untested","","TBX-Basic compatible. Export button disabled when no concepts.","Translator / reviewer","Read glossary: viewer(100); confirm/invalidate/edit terms: contributor(400)","https://docs.aquilla.app/media/terminology-confirm-terms/terminology-confirm-terms.mp4","00:00","recorded"
"T-15","Terminology","Drill down to concept detail (term occurrences + enforcement verdicts)","As a translator, I want to click on a source term to see every cell occurrence of that term and whether each translation is enforced or infringed, so that I can review coverage.","User clicks the source term text (blue link) in a concepts row, a side panel opens (TerminologyTermDetail) overlaying the main page. The panel shows the source term as a header, rendering chips (managed), and a list of occurrences. Each occurrence row shows: cell reference (group/id), source snippet (truncated, left-aligned), verdict chip (green 'enforced', red 'infringed', or gray 'n/a'), and target text (plain or inline-editable if user has edit permission). Close button (X) dismisses the panel.","src/components/TerminologyPage.tsx:899-901; src/components/TerminologyPage.tsx:1085-1100; src/components/TerminologyTermDetail.tsx:1-250","e2e/specs/projects/terminology-term-detail.smoke.spec.ts","Implemented","Untested","","Drill-down view derives occurrences from project-wide cells. Verdicts computed on-the-fly via deriveVerdict(). Wildcard-aware matching: grac* matches grace/graced.","Translator / reviewer","Read glossary: viewer(100); confirm/invalidate/edit terms: contributor(400)","https://docs.aquilla.app/media/terminology-confirm-terms/terminology-confirm-terms.mp4","00:00","recorded"
"T-16","Terminology","Edit cell target inline from term detail","As a translator with edit permission, I want to edit the target translation directly from the term detail view, so that I can fix terminology violations without leaving the drill-down.","In TerminologyTermDetail, each occurrence row shows the target text. If the user has edit permission (contributor+), clicking the target text enters edit mode: a TranslatedEditor appears, accepting rich text input. Pressing Ctrl+Enter or clicking outside saves the change via emitTargetCellCommit(), emitting a target-edit event to the outbox. Verdict updates reflect the new translation.","src/components/TerminologyTermDetail.tsx:114-209; src/components/TerminologyTermDetail.tsx:127-155","e2e/specs/projects/terminology-term-detail-inline-edit.smoke.spec.ts","Implemented","Untested","","Role-gated: canEdit prop controls whether inline edit is offered. Commit is optimistic (updates local state before server confirmation).","Translator / reviewer","Read glossary: viewer(100); confirm/invalidate/edit terms: contributor(400)","https://docs.aquilla.app/media/terminology-confirm-terms/terminology-confirm-terms.mp4","00:00","recorded"
"T-17","Terminology","Close term detail panel","As a translator, I want to close the term detail panel and return to the concepts list, so that I can review other terms.","User clicks the X button at the top-right of the TerminologyTermDetail panel, or presses Escape. Panel dismisses, focus returns to main concepts view.","src/components/TerminologyTermDetail.tsx:13; src/components/TerminologyPage.tsx:1093","e2e/specs/terminology/terminology-term-detail-close.smoke.spec.ts","Implemented","Untested","","none","Translator / reviewer","Read glossary: viewer(100); confirm/invalidate/edit terms: contributor(400)","https://docs.aquilla.app/media/terminology-confirm-terms/terminology-confirm-terms.mp4","00:00","recorded"
"T-18","Terminology","Promote predicted equivalent to managed rendering","As a project lead in the term detail view, I want to promote an AI-predicted equivalent to an approved 'alternate' rendering, so that I can incorporate machine-suggested glosses into the managed vocabulary.","In TerminologyTermDetail, below the rendering chips, an EquivalentsPanel shows two sections: 'Managed (your decisions)' with existing renderings, and 'AI-assumed (predicted)' with probabilistic predictions (χ² + EM consensus, confidence bands, few-shot evidence). Each predicted row has an 'Promote' button (enabled if canManageTermbase=true). Clicking 'Promote' adds the predicted text as a new 'alternate' rendering, persists, and updates the managed section.","src/components/TerminologyTermDetail.tsx:246-247; src/components/TerminologyPage.tsx:1001-1037; src/components/EquivalentsPanel.tsx:139-150","none","Partial","Untested","","EquivalentsPanel is standalone; mounted via TerminologyTermDetail. onPromoteRendering callback is wired but predictEquivalents() call is commented TODO in the glue wave.","Translator / reviewer","Read glossary: viewer(100); confirm/invalidate/edit terms: contributor(400)","https://docs.aquilla.app/media/terminology-confirm-terms/terminology-confirm-terms.mp4","00:00","recorded"
"T-19","Terminology","Review queue — view draft concepts awaiting approval","As a project lead, I want to see all draft concepts in a review queue, so that I can approve or reject mined/promoted terms before they enter the controlled vocabulary.","User clicks the 'Review queue' tab. A TerminologyReviewQueue component renders with a collapsible header showing badge count and label (e.g., '3 concepts awaiting review'). Each queue row shows: source term, rendering chips with status labels, optional notes, and two action buttons (green checkmark 'Approve', red X 'Reject'). Approve sets status='active'; Reject deletes the concept. Read-only view for non-managers.","src/components/TerminologyReviewQueue.tsx:1-211; src/components/TerminologyPage.tsx:801-804; src/components/TerminologyPage.tsx:1239-1252","none","Implemented","Untested","","Filtered from concepts where status='draft'. Empty state shows 'No concepts awaiting review. Draft concepts promoted from candidates will appear here.'","Translator / reviewer","Read glossary: viewer(100); confirm/invalidate/edit terms: contributor(400)","https://docs.aquilla.app/media/terminology-confirm-terms/terminology-confirm-terms.mp4","00:00","recorded"
"T-20","Terminology","Approve draft concept (move to active)","As a project lead, I want to approve a draft concept from the review queue to move it into the active managed vocabulary, so that it starts enforcing.","User clicks the green checkmark button on a queue row. The concept's status changes from 'draft' to 'active', it is removed from the queue, and the active concepts count in stats/list increments. Approve button is disabled during the async save.","src/components/TerminologyReviewQueue.tsx:112-121; src/lib/terminology/store.ts:177-179","none","Implemented","Untested","","Role-gated. approveConcept() is a simple updateConcept patch setting status='active'.","Translator / reviewer","Read glossary: viewer(100); confirm/invalidate/edit terms: contributor(400)","https://docs.aquilla.app/media/terminology-confirm-terms/terminology-confirm-terms.mp4","00:00","recorded"
"T-21","Terminology","Reject draft concept (delete from review queue)","As a project lead, I want to reject a draft concept from the review queue, so that I can discard unwanted promoted or mined terms.","User clicks the red X button on a queue row. A confirmation may appear (depends on AQU-291 implementation for review queue; currently direct delete). The concept is removed from the project entirely. The queue count decrements.","src/components/TerminologyReviewQueue.tsx:122-131; src/lib/terminology/store.ts:187-194","none","Implemented","Untested","","rejectConcept(mode='delete') removes the concept entirely. No confirmation currently wired (unlike main delete which uses ConfirmActionDialog).","Translator / reviewer","Read glossary: viewer(100); confirm/invalidate/edit terms: contributor(400)","https://docs.aquilla.app/media/terminology-confirm-terms/terminology-confirm-terms.mp4","00:00","recorded"
"T-22","Terminology","Mine candidate terms from loaded corpus","As a project lead, I want to see candidate terms automatically mined from the loaded source and WIP cell texts, ranked by linguistic significance, so that I can discover key terms to manage.","User clicks the 'Candidate terms' tab. On first activation, a Web Worker off-thread runs the candidate-extraction pipeline (C-value nestedness, NC-value context weighting, G² keyness) over the project's loaded cells (source + translated text). Candidates are ranked by NC-value (default). A CandidateTermsPanel renders with a list of ranked candidates, each showing: term text, n-gram length badge, frequency count, NC/C/G² scores (with tooltips), and 'Promote to managed' button (disabled if already managed). Mining status shows 'Mining…' spinner while processing.","src/components/TerminologyPage.tsx:823-887; src/lib/terminology/candidates.ts:1-150","e2e/specs/projects/terminology-candidates-tab.smoke.spec.ts","Implemented","Untested","","Lazy: mining only runs while the tab is active. Worker fallback to inline extraction if import fails. Corpus ceiling (50k strings) caps extremely large projects to avoid OOM. Mined count displayed in tab label.","Translator / reviewer","Read glossary: viewer(100); confirm/invalidate/edit terms: contributor(400)","https://docs.aquilla.app/media/terminology-confirm-terms/terminology-confirm-terms.mp4","00:00","recorded"
"T-23","Terminology","Promote candidate term to draft concept","As a project lead, I want to promote a candidate term to a draft concept with one click, so that I can fast-track high-confidence discoveries into the review queue.","User clicks 'Promote to managed' on a candidate row. A draft Concept is created with sourceTerm=candidate.term, status='draft', empty renderings. The edit dialog immediately opens with the source term pre-filled. User adds renderings, notes, and optionally changes status, then saves. If a concept with that source term already exists, the promote is skipped silently.","src/components/TerminologyPage.tsx:969-997; src/lib/terminology/candidates.ts:1-150","e2e/specs/projects/terminology-promote-candidate.smoke.spec.ts","Implemented","Untested","","Duplicate check is case-insensitive on sourceTerm. Promoted concepts appear in Review queue tab, not immediate Concepts tab, allowing approval workflow.","Translator / reviewer","Read glossary: viewer(100); confirm/invalidate/edit terms: contributor(400)","https://docs.aquilla.app/media/terminology-confirm-terms/terminology-confirm-terms.mp4","00:00","recorded"
"T-24","Terminology","View terminology violations inbox (group by concept)","As a project lead, I want to see all terminology violations grouped by concept, so that I can identify which terms are most problematic in the project.","User clicks the 'Violations' tab. A TerminologyViolationsInbox renders, compiling active concepts to rules and scanning the project cells. Violations are grouped by concept: each concept row shows source term (bold), total violation count (badge), and sub-badges for 'missing approved' (amber) and 'forbidden present' (red). Each group is expandable, revealing individual violation rows: infraction type badge, cell reference (clickable), and cell preview text. Empty state: 'No terminology violations. Only approved concepts with renderings are enforced.'","src/components/TerminologyViolationsInbox.tsx:1-200; src/lib/terminology/violations-inbox.ts:1-50","e2e/specs/projects/terminology-violations-tab.smoke.spec.ts","Implemented","Untested","","Lazy: rule compilation and cell scanning only run while this tab is mounted. Violations derived on read; no persistence. Two violation kinds: 'missing-approved' (source has term, no approved rendering in target), 'forbidden-present' (forbidden rendering found in target).","Translator / reviewer","Read glossary: viewer(100); confirm/invalidate/edit terms: contributor(400)","https://docs.aquilla.app/media/terminology-confirm-terms/terminology-confirm-terms.mp4","00:00","recorded"
"T-25","Terminology","Expand violation group to see cell infractions","As a project lead, I want to expand a violation group to see the specific cells that infringe the term, so that I can navigate to and fix them.","User clicks a concept row in the violations inbox. The group expands, showing a list of infraction rows. Each row displays: infraction kind badge (amber 'missing' or red 'forbidden'), cell reference (clickable, styled as link), and cell preview (source or translated snippet). Clicking the cell reference navigates to the editor focused on that cell (if onJumpToCell callback is wired).","src/components/TerminologyViolationsInbox.tsx:122-200; src/components/TerminologyPage.tsx:1231-1238","e2e/specs/projects/terminology-violations-expand.smoke.spec.ts","Implemented","Untested","","Expand/collapse state local to the component (no persistence). Cell preview truncated on small screens.","Translator / reviewer","Read glossary: viewer(100); confirm/invalidate/edit terms: contributor(400)","https://docs.aquilla.app/media/terminology-confirm-terms/terminology-confirm-terms.mp4","00:00","recorded"
"T-26","Terminology","Merge duplicate concepts","As a project lead, I want to select 2+ duplicate concepts and merge them into a single survivor, so that I can deduplicate the termbase.","User clicks 'Merge duplicates' button (visible when >= 2 concepts). TerminologyMergeDialog opens with two steps: (1) SELECT: checkboxes for each concept with selection order badges (first selected = survivor). Instruction text explains the merge behavior. (2) PREVIEW: shows the survivor (keeps id), merged renderings (union, case-insensitive dedup, survivor wins on collision), combined notes (concatenated with |, deduplicated), and list of removed concepts (badges, destructive red). Back/Confirm buttons. Confirm merges and closes dialog.","src/components/TerminologyMergeDialog.tsx:1-351; src/components/TerminologyPage.tsx:1217-1228; src/components/TerminologyPage.tsx:1369-1374","none","Implemented","Untested","","First selected concept becomes survivor (keeps id, createdAt). Renderings union-merged. Notes concatenated, deduped. Status preserved from survivor.","Translator / reviewer","Read glossary: viewer(100); confirm/invalidate/edit terms: contributor(400)","https://docs.aquilla.app/media/terminology-confirm-terms/terminology-confirm-terms.mp4","00:00","recorded"
"T-27","Terminology","Merge enforces minimum 2 concepts","As a user, I want the merge button to only enable when 2+ concepts are selected, so that invalid merges are prevented.","In the merge dialog select step, 'Preview merge' button is disabled until at least 2 concepts are checked. Hovering shows tooltip explaining the requirement.","src/components/TerminologyMergeDialog.tsx:257-264","none","Implemented","Untested","","none","Translator / reviewer","Read glossary: viewer(100); confirm/invalidate/edit terms: contributor(400)","https://docs.aquilla.app/media/terminology-confirm-terms/terminology-confirm-terms.mp4","00:00","recorded"
"T-28","Terminology","Rendering status chips in concepts list","As a translator, I want to see rendering status visually in the concepts list (required/alternate/forbidden chips), so that I can quickly identify the approval levels without opening each concept.","In the concepts table, each rendering appears as an inline chip: emerald 'rendering·required' (preferred), gray 'rendering·alternate' (admitted), red strikethrough 'rendering·forbidden'. Chips are grouped per concept row and wrap across multiple lines.","src/components/TerminologyPage.tsx:78-94; src/components/TerminologyPage.tsx:528-532","none","Implemented","Untested","","Chips render inline at the row level. Strikethrough effect applied to forbidden renderings.","Translator / reviewer","Read glossary: viewer(100); confirm/invalidate/edit terms: contributor(400)","https://docs.aquilla.app/media/terminology-confirm-terms/terminology-confirm-terms.mp4","00:00","recorded"
"T-29","Terminology","Terminology chip decoration in editor (visual indicator of managed terms)","As a translator editing a cell, I want to see small chip indicators on managed source terms in the editor, so that I can instantly recognize terminology that needs attention.","When editing a source cell with active concepts, each matched term (case-insensitive, wildcard-aware) is highlighted with a small colored dot chip (absolute positioned, top-right of the word, does not affect line height). Hovering shows tooltip 'Managed term: [sourceTerm]'. Only active concepts participate.","src/lib/richtext/terminology-chip-plugin.ts:1-134; src/components/TerminologyPage.tsx:1","none","Implemented","Untested","","Chip is a Tiptap/ProseMirror widget decoration. Mounted via createTerminologyChipExtension() in TranslatedEditor. Wildcard matching via buildTermRegex().","Project lead (source steward)","Source content edits: project_lead(500)","https://docs.aquilla.app/media/terminology-confirm-terms/terminology-confirm-terms.mp4","00:12","recorded"
"T-30","Terminology","Pre-acceptance warning band for forbidden/missing renderings","As a translator using AI copilot, I want to see advisory warnings when an AI completion uses a forbidden term or misses an approved term before I accept it, so that I can catch terminology issues early without blocking my work.","After AI copilot returns a completion, PreAcceptanceWarningBand evaluates detectPreAcceptanceWarnings(completionText, sourceText, concepts). If warnings exist, a rounded amber band appears above/below the completion: 'Terminology advisory' header, then bullet list of warnings. Forbidden-present warnings (louder, alert icon, amber bold text): 'Forbidden rendering ""[text]"" used for [sourceTerm].' Preferred-absent warnings (quieter, info icon, amber regular text): 'No approved rendering of [sourceTerm] found in the completion.' Band is ADVISORY ONLY: it does not block accept/commit.","src/components/PreAcceptanceWarningBand.tsx:1-90; src/lib/terminology/preacceptance.ts:34-91","e2e/specs/editor/preacceptance-warning-band.smoke.spec.ts","Partial","Untested","","Component implemented; NOT YET MOUNTED in copilot completion path (glue wave TODO: ProjectWorkspace.tsx). Only active concepts evaluated. Matching is wildcard-aware like everywhere else.","Translator / reviewer","Read glossary: viewer(100); confirm/invalidate/edit terms: contributor(400)","https://docs.aquilla.app/media/terminology-confirm-terms/terminology-confirm-terms.mp4","00:00","recorded"
"T-31","Terminology","Wildcard matching for inflectional terms (e.g., grace* matches grace/graced/gracia)","As a project lead, I want to define a source term with a trailing `*` wildcard to match inflected forms without manually listing each variant, so that I can cover grace, graced, gracia, etc. with one entry.","User enters 'grac*' in the source term field. The system treats `*` as standing for zero-or-more Unicode letters (\p{L}*). Matching is case-insensitive and word-boundary aware (leading/trailing boundaries apply unless `*` is present). Enforcement, chips, preacceptance warnings, and candidate exclusion all use the same matcher, so grac* consistently matches grace/graced/gracia/gracier/gracious.","src/lib/terminology/match.ts:1-85; src/lib/terminology/candidates.ts:23-24","e2e/specs/terminology/wildcard-term-chip.smoke.spec.ts","Implemented","Untested","","Escapes regex specials (.+*?...) so literal a.b matches only 'a.b', never 'axb'. Wildcard expands to \p{L}* (Unicode letters), not \w (which is ASCII and matches digits/_).","Translator / reviewer","Read glossary: viewer(100); confirm/invalidate/edit terms: contributor(400)","https://docs.aquilla.app/media/terminology-confirm-terms/terminology-confirm-terms.mp4","00:00","recorded"
"T-32","Terminology","Role-based access control (Project Lead+ edits termbase, Contributor+ edits cells)","As an organization owner, I want to enforce that only Project Leads can add/edit/delete/import concepts and manage approvals, while Contributors can only inline-edit cells in the term detail view, and Viewers have read-only access, so that the termbase stays curated.","User role is checked against syncRole.level (or local defaults for no-origin projects). TERMBASE_EDIT_LEVEL = 500 (Project Lead+): Add, Edit, Delete, Import, Export, Approve/Reject, Merge buttons/dialogs enabled. canEditCells = 400+ or local: inline edit in term detail allowed. Below 400 or viewer: all terminated features disabled, tooltips show 'Requires Project Lead role or higher to manage term base definitions.'","src/components/TerminologyPage.tsx:694-725; src/components/TerminologyPage.tsx:711-724","none","Implemented","Untested","","Gating via GatedButton wrapper (disables button + shows tooltip). Local projects (hasOrigin=false) default to full access. Role levels: viewer/commenter/reviewer <400, contributor 400, project_lead 500, maintainer 600, owner 700.","Translator / reviewer","Read glossary: viewer(100); confirm/invalidate/edit terms: contributor(400)","https://docs.aquilla.app/media/terminology-confirm-terms/terminology-confirm-terms.mp4","00:00","recorded"
"LM-01","Living Memory","View Living Memory page (Instructions + Standards + Recent Examples sections)","As a translator, I want to view my project's Living Memory page to see all three sections: Instructions (authored guidance), Standards (quality rules), and Recent Examples (validated translations).","User navigates to /project/:id/memory. Page renders within the ProjectWorkspace shell with a title 'Living Memory', a liveness indicator, and a '0 validated' badge. Three sections are visible: Instructions, Standards, and Recent Examples. Each section has appropriate descriptions. No back button appears (shell owns back navigation).","src/components/LivingMemoryPage.tsx:444-701; src/components/LivingMemoryPage.tsx:530-569; e2e/specs/projects/living-memory.smoke.spec.ts:16-41","e2e/specs/projects/living-memory.smoke.spec.ts","Implemented","Untested","","Rendered inside ProjectWorkspace shell (AQU-254). No full-page header or back button — shell owns navigation. Page content is centered with max-w-2xl. Uses liveness hook (useLiveness) to show sync status indicator.","Translator / project lead","Read memory: viewer(100); edit/curate memory entries: contributor(400)+","https://docs.aquilla.app/media/living-memory/living-memory.mp4","00:00","recorded"
"LM-02","Living Memory","Add Instructions entry","As a maintainer, I want to add an instruction entry to guide the AI on project-specific translation rules.","User clicks '+ Add' button in Instructions section. An inline EntryForm appears with a textarea (min-h-[72px]). User types text and clicks Save (only enabled if text.trim() is truthy). Entry saves to project settings and appears in the Instructions section. Cancel closes the form without saving. Author name and created date are shown on the card. Add button appears only for users with MAINTAINER role (level >= 600).","src/components/LivingMemoryPage.tsx:225-257; src/components/LivingMemoryPage.tsx:305-437; src/components/LivingMemoryPage.tsx:649-662; src/components/LivingMemoryPage.tsx:55-69; src/components/LivingMemoryPage.tsx:515-518; e2e/specs/projects/living-memory-add-entry.smoke.spec.ts","e2e/specs/projects/living-memory-add-entry.smoke.spec.ts","Implemented","Untested","","Gated by MAINTAINER role floor (600). Edit gate includes both online status and role check. Entry form auto-focuses on appearance. Entries persisted via useProjectSettings patch(). Read-only users see aria-label tooltip explaining 'Requires Maintainer role (600) or above' via RoleLockTooltip.","Translator / project lead","Read memory: viewer(100); edit/curate memory entries: contributor(400)+","https://docs.aquilla.app/media/living-memory/living-memory.mp4","00:00","recorded"
"LM-03","Living Memory","Edit Instructions entry","As a maintainer, I want to edit an existing instruction entry to correct or refine project guidance.","User hovers over an entry card in the Instructions section. An 'Edit entry' button (aria-label) appears. Clicking opens an inline EntryForm pre-filled with the original text. User modifies text and clicks Save. Updated text replaces the original in the section. Cancel closes the form without updating. Only visible to MAINTAINER+ role users.","src/components/LivingMemoryPage.tsx:376-401; src/components/LivingMemoryPage.tsx:366-407; src/components/LivingMemoryPage.tsx:520-523; src/components/LivingMemoryPage.tsx:71-77; e2e/specs/projects/living-memory-edit-entry.smoke.spec.ts","e2e/specs/projects/living-memory-edit-entry.smoke.spec.ts","Implemented","Untested","","Edit button only renders when canEdit=true (MAINTAINER+ role). Edit form is placed inline within the Card, replacing the display text. No separate edit dialog — uses same EntryForm component with initialText prop.","Translator / project lead","Read memory: viewer(100); edit/curate memory entries: contributor(400)+","https://docs.aquilla.app/media/living-memory/living-memory.mp4","00:00","recorded"
"LM-04","Living Memory","Delete Instructions entry","As a maintainer, I want to delete an instruction entry to remove outdated or incorrect guidance.","User hovers over an entry card. A red 'Delete entry' button (aria-label) appears on the right side. Clicking opens a confirmation Dialog with title 'Delete entry?' and text 'This will permanently remove the entry. This action cannot be undone.' Dialog has Cancel and Delete (destructive variant) buttons. Clicking Delete removes the entry and closes the dialog. Clicking Cancel keeps the entry. Only visible to MAINTAINER+ role users.","src/components/LivingMemoryPage.tsx:378-399; src/components/LivingMemoryPage.tsx:411-434; src/components/LivingMemoryPage.tsx:525-528; src/components/LivingMemoryPage.tsx:79-84; e2e/specs/projects/living-memory-delete-entry.smoke.spec.ts","e2e/specs/projects/living-memory-delete-entry.smoke.spec.ts","Implemented","Untested","","Delete button uses Trash2 icon and 'text-destructive' class. Confirmation dialog is required before removal. Dialog state is scoped to component (deleteTarget state). Only renders for canEdit=true users.","Translator / project lead","Read memory: viewer(100); edit/curate memory entries: contributor(400)+","https://docs.aquilla.app/media/living-memory/living-memory.mp4","00:00","recorded"
"LM-05","Living Memory","Add Standards entry","As a maintainer, I want to add a standard (quality rule) the team enforces on all translations.","User navigates to Standards section. Clicks '+ Add' button. An inline EntryForm with textarea appears. User types a standard (e.g., 'Always preserve proper nouns untranslated'). Clicks Save. Entry persists and appears in the Standards section with author and date. Cancel closes the form. Only available to MAINTAINER+ role users.","src/components/LivingMemoryPage.tsx:305-437; src/components/LivingMemoryPage.tsx:664-677; e2e/specs/projects/living-memory-standards-section.smoke.spec.ts","e2e/specs/projects/living-memory-standards-section.smoke.spec.ts","Implemented","Untested","","Standards section uses same AuthoredEntriesSection component with kind='standard'. Same edit/delete/add mechanics as Instructions.","Translator / project lead","Read memory: viewer(100); edit/curate memory entries: contributor(400)+","https://docs.aquilla.app/media/living-memory/living-memory.mp4","00:00","recorded"
"LM-06","Living Memory","Edit Standards entry","As a maintainer, I want to update a standard rule to clarify or correct team policy.","Same as Instructions edit: hover entry → click 'Edit entry' → inline form pre-filled with current text → modify → Save updates, Cancel cancels.","src/components/LivingMemoryPage.tsx:305-437; src/components/LivingMemoryPage.tsx:664-677","none","Implemented","Untested","","Covered implicitly by the same component logic as Instructions edit. E2E coverage would be redundant since the component is reused.","Translator / project lead","Read memory: viewer(100); edit/curate memory entries: contributor(400)+","https://docs.aquilla.app/media/living-memory/living-memory.mp4","00:00","recorded"
"LM-07","Living Memory","Delete Standards entry","As a maintainer, I want to remove a standard rule that is no longer relevant.","Same as Instructions delete: hover entry → click red 'Delete entry' → confirmation dialog → confirm to remove.","src/components/LivingMemoryPage.tsx:305-437; src/components/LivingMemoryPage.tsx:664-677","none","Implemented","Untested","","Covered implicitly by the same component logic as Instructions delete.","Translator / project lead","Read memory: viewer(100); edit/curate memory entries: contributor(400)+","https://docs.aquilla.app/media/living-memory/living-memory.mp4","00:00","recorded"
"LM-08","Living Memory","View Recent Examples (validated translations)","As a translator, I want to see validated source→target pairs from my team to understand approved translations.","Recent Examples section renders below Standards. Cells are loaded from useLivingMemory (filtered by status='validated', sorted descending by lastEditAt, grouped by file). Each validated cell appears as a ValidatedCellCard showing: reference label (if present), source text (aria-label='Source text'), divider, target text (aria-label='Translation'), and validator names in badges. Cards are grouped by file name with FileGroupHeading. If no validated cells exist, RecentExamplesEmpty state shows 'No validated translations yet' and explanatory text. A skeleton loader shows while loading.","src/components/LivingMemoryPage.tsx:129-179; src/components/LivingMemoryPage.tsx:180-189; src/components/LivingMemoryPage.tsx:192-223; src/components/LivingMemoryPage.tsx:679-697; src/components/LivingMemoryPage.tsx:107-127; src/components/LivingMemoryPage.tsx:86-103; src/hooks/useLivingMemory.ts:28-49; e2e/specs/projects/living-memory-validated-cell-card.smoke.spec.ts","e2e/specs/projects/living-memory-validated-cell-card.smoke.spec.ts","Implemented","Untested","","Read-only section. useLivingMemory polls up to 40 files (MAX_FILES) for validated cells. Projects with >40 files show a truncation warning. Cells grouped by file for better UX. Reference labels include file location data from cell.group.","Project lead (source steward)","Source content edits: project_lead(500)","https://docs.aquilla.app/media/living-memory/living-memory.mp4","00:05","recorded"
"LM-09","Living Memory","Recent Examples empty state","As a new project owner, I want to see an empty state explaining what Recent Examples are and how they are populated.","On a fresh project with no validated cells, the Recent Examples section shows RecentExamplesEmpty: a centered icon + heading 'No validated translations yet' + explanation text: 'When translators and reviewers reach the required validation threshold on a cell, that source→target pair appears here. The AI draws on these pairs in every subsequent draft.' Page header badge shows '0 validated'.","src/components/LivingMemoryPage.tsx:107-127; src/components/LivingMemoryPage.tsx:541-560; e2e/specs/projects/living-memory-empty-state.smoke.spec.ts","e2e/specs/projects/living-memory-empty-state.smoke.spec.ts","Implemented","Untested","","Empty state appears when useLivingMemory returns isEmpty=true (after loading completes with no cells). Badge shows cells.length.toLocaleString() + ' validated'.","Translator / project lead","Read memory: viewer(100); edit/curate memory entries: contributor(400)+","https://docs.aquilla.app/media/living-memory/living-memory.mp4","00:00","recorded"
"LM-10","Living Memory","Validated cells truncation warning","As a project owner with many files, I want to know if the Recent Examples list is incomplete due to performance limits.","If a project has more than 40 files (MAX_FILES), an AlertTriangle warning bar appears below the Brief section: 'Showing cells from the first {fileCount} files.' with TODO comment referencing SWARM-TODO(living-mem-server) for a dedicated endpoint.","src/components/LivingMemoryPage.tsx:630-644; src/hooks/useLivingMemory.ts:80-81; src/hooks/useLivingMemory.ts:157-168","none","Implemented","Untested","","Warning triggers when isTruncated=true (useLivingMemory). This is a UX affordance to prevent silent data loss. Planned future enhancement: dedicated server endpoint to remove the 40-file limit.","Translator / project lead","Read memory: viewer(100); edit/curate memory entries: contributor(400)+","https://docs.aquilla.app/media/living-memory/living-memory.mp4","00:00","recorded"
"LM-11","Living Memory","Role-based edit affordance lock (Instructions/Standards)","As a translator (non-maintainer), I want to understand why I cannot edit entries.","When a user lacks MAINTAINER role or is offline, the '+ Add' button does not appear in Instructions/Standards sections. Instead, a lock icon with tooltip appears: 'Editing requires Maintainer role (600) or above.' or 'You are offline. Reconnect to edit.' (depending on reasonCannotEdit). Non-editable users see entry cards without Edit/Delete buttons. This mirrors the AQU-255 pattern.","src/components/LivingMemoryPage.tsx:260-287; src/components/LivingMemoryPage.tsx:330-343; src/components/LivingMemoryPage.tsx:656-661; src/components/LivingMemoryPage.tsx:671-676; src/hooks/useProjectSettings.ts:14-19; src/hooks/useProjectSettings.ts:278-279","none","Implemented","Untested","","Edit gate uses both canEdit (boolean) and reasonCannotEdit ('offline' | 'role' | null) from useProjectSettings. Lock icon styled with Lock lucide icon. Only renders when !canEdit. Online status determined by useLiveness hook.","Translator / project lead","Read memory: viewer(100); edit/curate memory entries: contributor(400)+","https://docs.aquilla.app/media/living-memory/living-memory.mp4","00:00","recorded"
"LM-12","Living Memory","Page navigation (back to editor via sidebar)","As a translator, I want to navigate back to the project editor from the Living Memory page.","The Living Memory page renders inside the ProjectWorkspace shell. No back button on the page itself (shell owns navigation). User can click any file row in the persistent left sidebar to navigate back to the editor at /project/:id/file/:fileId. Sidebar shows the same file list as the editor. URL reflects the new route.","src/components/LivingMemoryPage.tsx:530-699; e2e/specs/projects/living-memory-back-nav.smoke.spec.ts","e2e/specs/projects/living-memory-back-nav.smoke.spec.ts","Implemented","Untested","","Shell-owned navigation (AQU-254). Page comment explicitly states: 'AQU-254: rendered inside ProjectWorkspace's AppShell... No full-page header or back-button chrome here — the shell owns that.' Sidebar is always visible and clickable.","Translator / project lead","Read memory: viewer(100); edit/curate memory entries: contributor(400)+","https://docs.aquilla.app/media/living-memory/living-memory.mp4","00:00","recorded"
"LM-13","Living Memory","Liveness indicator (sync status)","As a user, I want to see whether the Living Memory data is syncing or if I'm offline.","Next to the 'Living Memory' heading, a small circular indicator appears: green (synced/ready) → amber with pulse (updating) → red (offline). Hovering shows a tooltip with the status label (e.g., 'All caught up' for ready, 'Syncing' for updating, 'Offline' for offline). Status is derived from useLiveness(cells.length).","src/components/LivingMemoryPage.tsx:539-553; src/hooks/useLiveness.ts","none","Implemented","Untested","","Uses AppTooltip component (from ui/tooltip). Liveness state is computed from the cells.length to detect sync activity. CSS classes toggle: 'bg-red-500' (offline), 'bg-amber-400 animate-pulse' (updating), 'bg-emerald-500' (ready).","Translator / project lead","Read memory: viewer(100); edit/curate memory entries: contributor(400)+","https://docs.aquilla.app/media/living-memory/living-memory.mp4","00:00","recorded"
"LM-14","Living Memory","Validated cell count badge","As a project owner, I want to see at a glance how many validated translations exist.","Page header shows a badge: '{count} validated' (e.g., '5 validated', '0 validated'). Count uses toLocaleString() for thousands formatting. Skeleton placeholder appears while loading. Badge is visible next to the liveness indicator.","src/components/LivingMemoryPage.tsx:554-560","none","Implemented","Untested","","Badge shows cells.length from useLivingMemory. Uses Badge variant='secondary' with text-[10px] and tabular-nums class for monospace rendering.","Translator / project lead","Read memory: viewer(100); edit/curate memory entries: contributor(400)+","https://docs.aquilla.app/media/living-memory/living-memory.mp4","00:05","recorded"
"LM-15","Living Memory","Translation Brief section (view/create/edit/generate)","As a maintainer, I want to define and manage the translation brief (project skopos/guidelines) so the AI understands the project context.","Between the page header and the entry sections, a 'Translation brief' section appears. It shows: a status badge ('none' → 'draft' → 'complete') and optionally a 'Summary out of date' badge if L1 is stale. When no brief exists (status='none'), a dashed card says 'Capture this project's purpose...' with a 'Create brief' button (only for MAINTAINER+). When a brief exists, it shows the L1 summary (or 'No summary generated yet.' if only parameters are set). Edit/generate buttons appear for MAINTAINER+ users. Brief can be created via BriefBuilder dialog, edited by clicking 'Edit brief', and L1 summary can be generated/regenerated.","src/components/LivingMemoryPage.tsx:587-628; src/components/LivingMemoryPage.tsx:480-513; src/components/brief/BriefSection.tsx; src/components/brief/BriefBuilder.tsx","none","Implemented","Untested","","BriefSection is a sub-component of LivingMemoryPage. BriefBuilder opens as a modal dialog. handleGenerate() awaits generateL1Summary() from the LLM (or opens builder if no LLM configured). Busy flag locks edit/generate during in-flight calls. L1 generation uses completionSettings from project (which can be undefined if no LLM configured). useLiveness is NOT called during generation — only useTranslationBrief and the LLM service. Note on row 485-486: 'SWARM-TODO: verify orchestrator...' — LLM generation can fail if completionSettings undefined.","Translator / project lead","Read memory: viewer(100); edit/curate memory entries: contributor(400)+","https://docs.aquilla.app/media/living-memory/living-memory.mp4","00:00","recorded"
"LM-16","Living Memory","Brief step-by-step builder wizard","As a maintainer, I want to fill in a structured translation brief with guided questions.","Clicking 'Create brief' or 'Edit brief' opens a BriefBuilder dialog. Dialog shows: 1) Optional document pre-fill step (if onExtractDocument is provided), 2) Sequential field steps (from BRIEF_FIELDS schema) with label, helper text, and textarea for each parameter, 3) Freeform notes step. User can navigate Back/Next between steps. 'Save draft' persists current parameters without L1 generation. 'Save & generate summary' (on final step) saves and triggers L1 generation. 'Help me write this' button (if onHelpDraft provided) opens LLM to draft the field. Back button disabled on step 0. Dialog only allows editing when canEdit=true.","src/components/brief/BriefBuilder.tsx:28-119; src/components/LivingMemoryPage.tsx:598-627","none","Implemented","Untested","","BriefBuilder is extracted from LivingMemoryPage. It's a controlled dialog that manages step state internally. BRIEF_FIELDS is a schema defining field id, label, group, helperText. DocumentPrefill step uses optional onExtractDocument callback. Field helper uses optional onHelpDraft callback. Readiness determined by isL1Stale(brief) which compares updatedAt vs l1GeneratedAt timestamps.","Translator / project lead","Read memory: viewer(100); edit/curate memory entries: contributor(400)+","https://docs.aquilla.app/media/living-memory/living-memory.mp4","00:00","recorded"
"LM-17","Living Memory","Brief document pre-fill (extract from pasted text)","As a maintainer, I want to quickly populate the brief by pasting an existing document.","In the BriefBuilder dialog, if onExtractDocument is provided (i.e., completionSettings is not null), a 'Pre-fill from text' step appears at the start. A dashed card contains a textarea with placeholder 'Paste notes or an existing brief...' and a button 'Pre-fill from text'. User pastes text and clicks the button. The LLM extracts brief fields from the text and auto-populates parameters (preserving any manual edits). Button is disabled if textarea is empty.","src/components/brief/BriefBuilder.tsx:122-135; src/components/LivingMemoryPage.tsx:619-625","none","Implemented","Untested","","Optional step: only renders if onExtractDocument callback is provided. Uses checkInputSize() to validate input before calling extractBriefFromDocument() LLM function. Errors propagate back to caller. Manual edits are preserved: extracted params are spread with user changes on top.","Translator / project lead","Read memory: viewer(100); edit/curate memory entries: contributor(400)+","https://docs.aquilla.app/media/living-memory/living-memory.mp4","00:00","recorded"
"LM-18","Living Memory","Brief L1 summary generation","As a maintainer, I want the AI to generate a concise L1 summary of the brief parameters.","In BriefSection, a 'Generate summary' button appears when a brief exists but l1Summary is null. A 'Regenerate summary' button appears if l1Summary exists but stale=true. Clicking triggers handleGenerate() which calls generateL1Summary() from the LLM. Button shows 'Generating…' and is disabled while in flight. On success, l1Summary is populated and displayed. On error, button returns to enabled state and error is logged. During generation, Edit/generate buttons are locked (busy=true) to prevent concurrent saves from clobbering the brief.","src/components/LivingMemoryPage.tsx:495-513; src/components/brief/BriefSection.tsx:44-49; src/lib/brief/brief.ts:isL1Stale","none","Implemented","Untested","","Generation requires completionSettings (LLM configuration). If completionSettings is null, handleGenerate() opens the builder instead of failing. Uses attachL1() from useTranslationBrief to persist the generated summary with l1GeneratedAt timestamp. Stale detection: l1GeneratedAt !== updatedAt indicates the brief was edited since L1 was generated.","Translator / project lead","Read memory: viewer(100); edit/curate memory entries: contributor(400)+","https://docs.aquilla.app/media/living-memory/living-memory.mp4","00:00","recorded"
"LM-19","Living Memory","Brief field help (AI draft assistance)","As a maintainer, I want the AI to help me draft a specific brief field.","Inside BriefBuilder, when on a field step and onHelpDraft is provided (completionSettings is not null), a 'Help me write this' button appears below the textarea. Clicking calls draftField() which uses the LLM to generate a draft answer for that field (e.g., audience, tone, format constraints). Draft text is inserted into the textarea, replacing the current value. Button is disabled while in flight.","src/components/brief/BriefBuilder.tsx:80-88; src/components/LivingMemoryPage.tsx:615-617","none","Implemented","Untested","","Optional feature: only renders if onHelpDraft callback is provided. Uses draftField() function from brief-generator. User can then manually edit or accept the draft.","Translator / project lead","Read memory: viewer(100); edit/curate memory entries: contributor(400)+","https://docs.aquilla.app/media/living-memory/living-memory.mp4","00:00","recorded"
"LM-20","Living Memory","Terminology cross-link","As a project owner, I want to navigate to the Terminology page to manage key terms alongside Living Memory guidance.","Below the main header and liveness badge, a light blue callout card appears: 'Terminology captures your project's key terms and preferred renderings. [Open Terminology]'. Clicking the 'Open Terminology' button navigates to /project/:id/terminology.","src/components/LivingMemoryPage.tsx:570-584","none","Implemented","Untested","","Cross-link uses ExternalLink icon. Navigation is via navigate() hook. Only a reference/discovery feature, not core Living Memory functionality.","Translator / project lead","Read memory: viewer(100); edit/curate memory entries: contributor(400)+","https://docs.aquilla.app/media/living-memory/living-memory.mp4","00:00","recorded"
"LM-21","Living Memory","Entry author and timestamp metadata","As a team member, I want to see who created each instruction/standard and when.","Each entry card in Instructions/Standards sections shows a small footer: '{author} · {formatted date}'. Author is captured at creation time from session.username. Date is formatted using new Date(entry.createdAt).toLocaleDateString().","src/components/LivingMemoryPage.tsx:402-404","none","Implemented","Untested","","Metadata rendered in text-[10px] text-muted-foreground/60 styling. Author stored when addEntry() is called (line 66: author parameter). Useful for team communication and audit trail.","Translator / project lead","Read memory: viewer(100); edit/curate memory entries: contributor(400)+","https://docs.aquilla.app/media/living-memory/living-memory.mp4","00:00","recorded"
"LM-22","Living Memory","Validated cell card with group/file reference","As a reviewer, I want to see which file and location a validated translation comes from.","Each ValidatedCellCard in Recent Examples shows an optional reference label at the top (aria-label={`Reference: ${cell.group}`}): file reference in small mono font (text-[10px] font-mono). Below that, the source text, a horizontal divider, and the target text. Validators are shown as small badges with Users icon.","src/components/LivingMemoryPage.tsx:131-179","e2e/specs/projects/living-memory-validated-cell-card.smoke.spec.ts","Implemented","Untested","","Reference label is cell.group (e.g., '1.1', 'JOHN 3:16'). Validators shown only if activeValidators.length > 0. Source/target text use aria-labels for screen readers. Empty text shows em-dash (—) with opacity-50 styling.","Project lead (source steward)","Source content edits: project_lead(500)","https://docs.aquilla.app/media/living-memory/living-memory.mp4","00:00","recorded"
"LM-23","Living Memory","Entries persist across reload","As a user, I want my entries to be saved and available after I close and reopen the project.","After adding/editing/deleting an entry, changes are persisted via useProjectSettings.patch() which writes to IDB (optimistic) and syncs to the server. Closing the browser and reopening /project/:id/memory shows the same entries. If offline, changes queue in IDB outbox and sync when online.","src/components/LivingMemoryPage.tsx:515-528; src/hooks/useProjectSettings.ts:50-110","none","Implemented","Untested","","Persistence is implicit in the useProjectSettings hook. No explicit save UI needed — changes are queued optimistically and persisted asynchronously. Entries stored under project.livingMemoryEntries in ProjectWideSettings.","Translator / project lead","Read memory: viewer(100); edit/curate memory entries: contributor(400)+","https://docs.aquilla.app/media/living-memory/living-memory.mp4","00:00","recorded"
"LM-24","Living Memory","Read-only surface for below-floor users","As a translator with limited permissions, I want to see the Living Memory entries but not be able to modify them.","Non-MAINTAINER users see the same layout but with read-only affordances: no '+ Add' buttons in Instructions/Standards (replaced by lock icon with tooltip). Entry cards show no Edit/Delete buttons. All text content is visible. Recent Examples section is fully visible (it's always read-only). Brief section shows read-only mode with no edit/generate buttons.","src/components/LivingMemoryPage.tsx:656-661; src/components/LivingMemoryPage.tsx:671-676; src/components/brief/BriefSection.tsx:30-53","none","Implemented","Untested","","Gate implemented via useProjectSettings.canEdit and reasonCannotEdit. Both are checked at component render time. Role check uses ROLE.MAINTAINER (600) floor. Offline users also see the lock affordance with 'offline' message.","Translator / project lead","Read memory: viewer(100); edit/curate memory entries: contributor(400)+","https://docs.aquilla.app/media/living-memory/living-memory.mp4","00:00","recorded"
"AVV-01","Audio / Voice / Video","Audio lens toggle (Text ↔ Audio)","As a translator, I want to switch between text and audio editing lenses so that I can focus on different aspects of my work.","Header bar contains segmented control with ""Text"" and ""Audio"" buttons. Clicking toggles aria-pressed state without changing route or unmounting cells. Cells stay mounted during lens switch.","src/components/EditorTable.tsx","none","Implemented","Untested","","","Translator (oral / audio drafting)","Attach/select/remove cell audio: contributor(400); playback: viewer(100)","https://docs.aquilla.app/media/audio-voice-tts/audio-voice-tts.mp4","00:00","recorded"
"AVV-02","Audio / Voice / Video","Voice library creation — Gemini voice","As a voice actor, I want to create a new voice character by naming it and describing how it sounds, so that my TTS output matches my creative vision.","CharacterModal (or NewVoiceModal) opens with Name input and Engine/Provider selection. For Gemini: selecting Gemini engine shows base voice picker + Guidance textarea. User enters name and optional description prompt. Save creates voice and adds it to project library.","src/components/voice/CharacterModal.tsx:1-80; src/lib/audio/voices.ts:45-110","none","Implemented","Untested","","CharacterModal is the current editor; NewVoiceModal is older pattern. Provider-per-voice; Gemini uses DEFAULT_GEMINI_VOICE palette rotation for base timbre. Guidance text flows through Voice.prompt field.","Translator (oral / audio drafting)","Attach/select/remove cell audio: contributor(400); playback: viewer(100)","https://docs.aquilla.app/media/audio-voice-tts/audio-voice-tts.mp4","00:06","recorded"
"AVV-03","Audio / Voice / Video","Voice library creation — Clone voice","As a voice actor, I want to clone a voice from a reference recording so that my TTS output preserves my unique timbre.","CharacterModal shows VoiceCloneSection with three ways to capture reference: mic record, file upload, or reuse a take from project cells. Record/upload auto-saves reference clip to R2 and sets Voice.referenceAudioId. Save creates voice; generated audio is later re-voiced via Seed-VC into that timbre.","src/components/VoiceCloneSection.tsx:1-150; src/components/voice/CharacterModal.tsx:200-250; src/lib/audio/voice-clone.ts:1-80","none","Implemented","Untested","","Reference clip max 8 MB. Upload automatic on rec stop via useAudioRecorder hook. Can reuse takes already in project cells (recorded or generated). VoiceCloneSection pulses on focusSignal to guide UX.","Translator (oral / audio drafting)","Attach/select/remove cell audio: contributor(400); playback: viewer(100)","https://docs.aquilla.app/media/audio-voice-tts/audio-voice-tts.mp4","00:00","recorded"
"AVV-04","Audio / Voice / Video","Voice library — Make narrator (default voice)","As a translator, I want to designate one voice as the narrator so that lines without explicit voice assignments use that voice by default.","CharacterModal footer shows 'Make narrator' button when voice is not default. Clicking marks it as defaultVoiceId in ProjectTtsSettings. Once default, footer shows 'Narrator' badge. Voice.id becomes the project's resolveVoice() fallback.","src/components/voice/CharacterModal.tsx:286-298; src/lib/audio/voices.ts:52-72","none","Implemented","Untested","","Narrator is starred voice; used when cell has no explicit voiceId and no cast assignment.","Translator (oral / audio drafting)","Attach/select/remove cell audio: contributor(400); playback: viewer(100)","https://docs.aquilla.app/media/audio-voice-tts/audio-voice-tts.mp4","00:06","recorded"
"AVV-05","Audio / Voice / Video","Voice library — Edit character","As a voice actor, I want to edit an existing character's name, engine, base voice, guidance, and reference clip so that I can refine my voice over time.","CharacterModal opens with voice pre-filled. Name, color, engine, base voice name, and guidance textarea are editable. Reference clip can be replaced or removed. Engine switch resets base voice to that engine's default. Save persists changes.","src/components/voice/CharacterModal.tsx:138-310","none","Implemented","Untested","","Per-voice engine selection. Switching engine resets voiceName to default for that engine. Built-in voices (builtIn:true) cannot be deleted via Delete button.","Translator (oral / audio drafting)","Attach/select/remove cell audio: contributor(400); playback: viewer(100)","https://docs.aquilla.app/media/audio-voice-tts/audio-voice-tts.mp4","00:00","recorded"
"AVV-06","Audio / Voice / Video","Voice library — Delete character","As a project admin, I want to delete a voice character so that it no longer appears in the cast library.","CharacterModal footer shows 'Delete' button for non-built-in voices. Clicking opens confirmation dialog requiring checkbox before destructive action. Deleting removes voice from project library for all team members.","src/components/voice/CharacterModal.tsx:299-331","none","Implemented","Untested","","Confirmation is ConfirmActionDialog with checkbox requirement (AQU-291). Built-in voices cannot be deleted.","Translator (oral / audio drafting)","Attach/select/remove cell audio: contributor(400); playback: viewer(100)","https://docs.aquilla.app/media/audio-voice-tts/audio-voice-tts.mp4","00:00","recorded"
"AVV-07","Audio / Voice / Video","Voice preview/test synthesis","As a voice actor, I want to hear how my character sounds with a test sentence before committing to use it.","CharacterModal has Preview button (Play/Pause icon). Clicking synthesizes SAMPLE_TEXT (""The quick brown fox..."") using the active voice+engine+API key. For local engines (Kokoro/MMS), consent dialog may appear first. Audio plays inline; button state shows loading/playing/idle. Errors surface in preview pane.","src/components/voice/CharacterModal.tsx:189-239","none","Implemented","Untested","","OmniVoice and Gemini preview via synthesizeToWavBlob (client); OmniVoice also supports synthesizeCellTts (server). Kokoro/MMS show AI consent gate. Preview URL revoked on unmount or close.","Translator (oral / audio drafting)","Attach/select/remove cell audio: contributor(400); playback: viewer(100)","https://docs.aquilla.app/media/audio-voice-tts/audio-voice-tts.mp4","00:00","recorded"
"AVV-08","Audio / Voice / Video","Voice reference clip preview","As a voice actor, I want to hear my reference recording so that I can verify it was captured correctly.","VoiceCloneSection shows ReferencePreview component when referenceAudioId is set. Play/Pause buttons control playback. Reference clip is fetched from R2 and streamed for preview.","src/components/VoiceCloneSection.tsx:148-200","none","Implemented","Untested","","","Translator (oral / audio drafting)","Attach/select/remove cell audio: contributor(400); playback: viewer(100)","https://docs.aquilla.app/media/audio-voice-tts/audio-voice-tts.mp4","00:00","recorded"
"AVV-09","Audio / Voice / Video","Record audio — Full-screen modal","As a translator, I want to record audio for a cell using my microphone in a dedicated, distraction-free interface so that I can focus on capturing clear takes.","AudioRecordingModal opens full-screen when user clicks 'Record audio' button. Modal shows: active cell label, countdown (3-2-1) before recording starts, live waveform during recording, duration bar, beep toggle, Space to start/stop, Esc to cancel, Arrow keys to navigate cells. Records to WebM/Opus (or browser-supported format). Phase states: idle → counting → recording → preview → uploading → saved.","src/components/AudioRecorder/AudioRecordingModal.tsx:1-150","none","Implemented","Untested","","Owns its own recorder + upload (separate from inline capture). Probe mic permission before countdown (AQU-155). Target duration from activeCell.startTime/endTime. Records to 'recording' slot. Preview phase lets user retake before uploading.","Translator (oral / audio drafting)","Attach/select/remove cell audio: contributor(400); playback: viewer(100)","https://docs.aquilla.app/media/audio-voice-tts/audio-voice-tts.mp4","00:00","recorded"
"AVV-10","Audio / Voice / Video","Record audio — Mic permission handling","As a user, I want clear guidance when my microphone access is blocked so that I can unblock it and resume recording.","CellAudioRecordButton checks getUnsupportedReason() on mount. If unsupported, button is disabled with tooltip. If micDenied=true, button shows MicOff icon and amber color; clicking shows help popover explaining how to enable in browser site settings. Probe mic permission in modal's startFlow() before countdown.","src/components/CellAudioRecordButton.tsx:18-92; src/components/AudioRecorder/probeMicPermission.ts","none","Implemented","Untested","","getUnsupportedReason checks MediaRecorder, navigator.mediaDevices.getUserMedia, and AudioWorklet availability. Private mode catches localStorage errors gracefully.","Translator (oral / audio drafting)","Attach/select/remove cell audio: contributor(400); playback: viewer(100)","https://docs.aquilla.app/media/audio-voice-tts/audio-voice-tts.mp4","00:00","recorded"
"AVV-11","Audio / Voice / Video","Recording takes — Audition (preview playback)","As a translator, I want to preview a recording take before saving it so that I can decide whether to keep or retake.","AudioRecordingModal preview phase shows a Play button. Clicking plays the just-recorded blob. Audio ends automatically or user can stop. Play button shows play/pause state.","src/components/AudioRecorder/AudioRecordingModal.tsx:145-230","none","Implemented","Untested","","Preview URL created from recorder.state.blob; revoked on phase change or modal close.","Translator (oral / audio drafting)","Attach/select/remove cell audio: contributor(400); playback: viewer(100)","https://docs.aquilla.app/media/audio-voice-tts/audio-voice-tts.mp4","00:00","recorded"
"AVV-12","Audio / Voice / Video","Recording takes — Save recording","As a translator, I want to save a recording to the cell so that it persists in the project and can be played back later.","AudioRecordingModal preview phase has 'Save' button. Clicking uploads blob to R2, emits cell.audio.attach event, marks cell as having audio in 'recording' slot. Upload shows spinner + progress. On success, phase moves to 'saved' and user can navigate to next cell or close.","src/components/AudioRecorder/AudioRecordingModal.tsx:150-300","none","Implemented","Untested","","Uses audioSyncTokenFetcherForSession for auth. buildAudioId generates stable id. notifyAudioAttachmentsChanged refreshes per-file state. setTranscribeStatus reset on save.","Translator (oral / audio drafting)","Attach/select/remove cell audio: contributor(400); playback: viewer(100)","https://docs.aquilla.app/media/audio-voice-tts/audio-voice-tts.mp4","00:00","recorded"
"AVV-13","Audio / Voice / Video","Recording takes — Retake","As a translator, I want to discard a preview and record again so that I can capture a better take.","AudioRecordingModal preview phase has 'Retake' button. Clicking discards the preview, resets recorder state, and returns to idle phase. User can record again.","src/components/AudioRecorder/AudioRecordingModal.tsx:200-250","none","Implemented","Untested","","consumedBlobRef tracks which blob was previewed so phase change doesn't loop on same blob.","Translator (oral / audio drafting)","Attach/select/remove cell audio: contributor(400); playback: viewer(100)","https://docs.aquilla.app/media/audio-voice-tts/audio-voice-tts.mp4","00:00","recorded"
"AVV-14","Audio / Voice / Video","Recording takes — Delete take","As a translator, I want to delete an old or unwanted recording so that only my best takes remain.","TakesStrip in recording modal shows recorded takes for active cell as circular badges. Each badge has a delete (X) icon. Clicking delete removes the take from R2 and updates UI. Deletes via emitCellAudioDetach or direct R2 DELETE.","src/components/AudioRecorder/TakesStrip.tsx","none","Implemented","Untested","","Slot-scoped: only shows 'recording' slot takes, not 'generatedVoice'. TakesStrip updates on audioAttachmentsBus notification.","Translator (oral / audio drafting)","Attach/select/remove cell audio: contributor(400); playback: viewer(100)","https://docs.aquilla.app/media/audio-voice-tts/audio-voice-tts.mp4","00:00","recorded"
"AVV-15","Audio / Voice / Video","Recording takes — Select active take","As a translator, I want to choose which of my multiple recordings is the active one for the cell so that I can use my favorite take.","TakesStrip badges show take state: current active take is highlighted (emerald ring). Clicking another badge selects it (emits cell.audio.select event). Only one take is active per cell per slot.","src/components/AudioRecorder/TakesStrip.tsx","none","Implemented","Untested","","Slot='recording' takes only. Multiple takes per cell supported via audioId. emitCellAudioSelect updates selectedAudioId.","Translator (oral / audio drafting)","Attach/select/remove cell audio: contributor(400); playback: viewer(100)","https://docs.aquilla.app/media/audio-voice-tts/audio-voice-tts.mp4","00:00","recorded"
"AVV-16","Audio / Voice / Video","Remove noise (RNNoise denoising)","As a translator, I want to remove background noise from my recording so that my audio is clearer and more professional.","DenoiseButton appears in cell audio tab when recording exists. States: 'Remove noise' (available), animated 'Removing noise...' (processing), 'Noise removed ✓ + Revert' (done). Clicking 'Remove noise' runs on-device RNNoise, creates new denoised take (audioId prefixed with 'dn-'), optimistically selects it. Revert re-selects original via referenceAudioId.","src/components/audio/DenoiseButton.tsx:1-162; src/lib/audio/denoise.ts:105-178","none","Implemented","Untested","","Browser support checked via isDenoiseSupported() (Web Audio + AudioWorklet + MediaRecorder). Lazy-loads @sapphi-red/web-noise-suppressor. Denoised take preserves original as referenceAudioId. Non-destructive: original stays available.","Translator (oral / audio drafting)","Attach/select/remove cell audio: contributor(400); playback: viewer(100)","https://docs.aquilla.app/media/audio-voice-tts/audio-voice-tts.mp4","00:00","recorded"
"AVV-17","Audio / Voice / Video","Noise removal support detection","As a user, I want to know whether my browser supports noise removal so that I'm not confused by a missing feature.","DenoiseButton disabled if isDenoiseSupported() is false. Tooltip explains 'Noise removal isn't supported in this browser'. Button greyed out.","src/components/audio/DenoiseButton.tsx:56-157; src/lib/audio/denoise.ts:104-115","none","Implemented","Untested","","","Translator (oral / audio drafting)","Attach/select/remove cell audio: contributor(400); playback: viewer(100)","https://docs.aquilla.app/media/audio-voice-tts/audio-voice-tts.mp4","00:00","recorded"
"AVV-18","Audio / Voice / Video","Transcribe audio to text (Whisper)","As a translator, I want to transcribe a recording to text so that I can use it as a starting point for translation or to verify accuracy.","CellTranscribeBadge button in cell audio tab, labeled 'Transcribe' or showing 'Transcribing...' while in progress. Clicking sends recording bytes to Whisper worker (on-device), generates word-level timings (chunks). On success, emits cell.audio.attach with timings payload. Badge shows success checkmark or error state.","src/lib/audio/transcribe.ts:95-252; src/components/CellTranscribeBadge.tsx","none","Implemented","Untested","","Whisper runs on-device via worker. First run downloads model (~140 MB) with progress feedback via noteModelDownloading. Word-level timings stored in attachment.timings for karaoke decoration. Consent gate (AI consent dialog) appears on first use.","Translator (oral / audio drafting)","Attach/select/remove cell audio: contributor(400); playback: viewer(100)","https://docs.aquilla.app/media/audio-voice-tts/audio-voice-tts.mp4","00:00","recorded"
"AVV-19","Audio / Voice / Video","Transcription consent gate","As a user, I want to be informed about the Whisper model download before it happens so that I can make an informed choice.","First time a user clicks 'Transcribe', AiModelConsentDialog appears showing Whisper info: label, ~140 MB download size, rationale. User clicks 'Accept' or 'Cancel'. Accepting stores consent in localStorage (codex.aiConsent.whisper='1'); future transcriptions skip the dialog.","src/lib/audio/ai-consent.ts:88-152","none","Implemented","Untested","","Consent tracked per-model (whisper/kokoro/mms). hasStoredConsent checks localStorage. Can be cleared via clearStoredConsent(). Private mode catches errors gracefully.","Translator (oral / audio drafting)","Attach/select/remove cell audio: contributor(400); playback: viewer(100)","https://docs.aquilla.app/media/audio-voice-tts/audio-voice-tts.mp4","00:00","recorded"
"AVV-20","Audio / Voice / Video","Generate voice audio (TTS synthesis)","As a translator, I want to generate a voiced version of a cell's text using a character voice so that I can hear how it sounds.","CellVoicePanel shows cast chips for active cell. Clicking a chip (or Generate button in overflow) synthesizes the cell's text using that voice, uploads to R2, and attaches as 'generatedVoice' slot. Spinner shows during synthesis; on success, audio plays automatically.","src/lib/audio/generate-voice.ts:48-174; src/components/cell/CellVoicePanel.tsx","none","Implemented","Untested","","Supports OmniVoice (server-side), Gemini (client), Kokoro (browser), MMS (browser). Clone voices: TTS → Seed-VC re-voice → upload result. Non-clone: TTS → upload as-is.","Translator (oral / audio drafting)","Attach/select/remove cell audio: contributor(400); playback: viewer(100)","https://docs.aquilla.app/media/audio-voice-tts/audio-voice-tts.mp4","00:00","recorded"
"AVV-21","Audio / Voice / Video","Generate voice — Provider selection","As a project admin, I want to choose which TTS engine to use (OmniVoice, Gemini, Kokoro, MMS) so that I can balance quality, cost, and latency.","Project settings TTS section or CharacterModal shows engine options grouped by tier (Cloud: OmniVoice, Gemini; On-device: Kokoro, MMS). Each has icon, title, caveat, and tooltip. Selecting engine updates ProjectTtsSettings.provider. Per-voice engine overrides project default.","src/lib/audio/tts-providers.ts:43-203; src/components/voice/CharacterModal.tsx:329-380","none","Implemented","Untested","","DEFAULT_TTS_PROVIDER='omnivoice'. TTS_PROVIDER_INFOS array. OmniVoice has no named voices (hasNamedVoices:false). Gemini requires API key. Kokoro/MMS show one-time download caveat. Badge 'Recommended' on OmniVoice.","Translator (oral / audio drafting)","Attach/select/remove cell audio: contributor(400); playback: viewer(100)","https://docs.aquilla.app/media/audio-voice-tts/audio-voice-tts.mp4","00:00","recorded"
"AVV-22","Audio / Voice / Video","Generate voice — OmniVoice (recommended cloud engine)","As a translator, I want a default TTS option that requires no setup so that I can start voicing immediately without API keys.","OmniVoice is the default project TTS engine. No API key required. Synthesis is server-side (sync-worker). Supports voice cloning via native reference. Synthesis progresses through states: loading → synthesizing. Speed/quality trade-off handled server-side.","src/lib/audio/generate-voice.ts:63-101","none","Implemented","Untested","","Server-side synthesis via synthesizeCellTts. Reference re-voicing handled server-side. No local model download needed.","Translator (oral / audio drafting)","Attach/select/remove cell audio: contributor(400); playback: viewer(100)","https://docs.aquilla.app/media/audio-voice-tts/audio-voice-tts.mp4","00:00","recorded"
"AVV-23","Audio / Voice / Video","Generate voice — Gemini TTS (BYOK cloud engine)","As a user with a Google API key, I want to use Gemini TTS for its high quality and multilingual support so that I can voice multiple languages.","Project settings allow entering a Gemini API key. If key is present and valid, synthesis succeeds. CharacterModal engine picker shows Gemini with 'Needs your own Google AI key' caveat. Synthesis uses synthesizeGeminiTtsToWavBlob. If key is missing, synthesis fails with 'Add a Gemini API key' error.","src/lib/audio/gemini-tts.ts; src/lib/audio/tts.ts:140-148","none","Implemented","Untested","","BYOK via user's own Google AI Studio key. Promptable via Voice.prompt field. Multiple named voices (Zephyr, Puck, etc.). Error detection for invalid API key.","Translator (oral / audio drafting)","Attach/select/remove cell audio: contributor(400); playback: viewer(100)","https://docs.aquilla.app/media/audio-voice-tts/audio-voice-tts.mp4","00:00","recorded"
"AVV-24","Audio / Voice / Video","Generate voice — Kokoro TTS (on-device English engine)","As a user who wants free, private TTS without API keys, I want to use Kokoro for English text so that my data never leaves my browser.","Kokoro engine option in CharacterModal. First use shows consent dialog (~80 MB model). Synthesis runs in Kokoro worker on-device. Named voices available (af_heart, etc.). No API key needed. Speed parameter supported.","src/lib/audio/tts.ts:177-202; src/lib/audio/kokoro-worker.ts","none","Implemented","Untested","","One-time download cached in browser. Worker-based synthesis. Caveat: 'may affect performance'. Default voice DEFAULT_KOKORO_VOICE='af_heart'.","Translator (oral / audio drafting)","Attach/select/remove cell audio: contributor(400); playback: viewer(100)","https://docs.aquilla.app/media/audio-voice-tts/audio-voice-tts.mp4","00:00","recorded"
"AVV-25","Audio / Voice / Video","Generate voice — MMS TTS (on-device multilingual engine)","As a translator working with multiple languages, I want to use MMS for free multilingual TTS so that I can voice all my languages without buying multiple API keys.","MMS engine option in CharacterModal. Language is set via voiceName (e.g., 'eng', 'fra', 'spa'). First use of a language downloads that model (~130 MB) with consent gate. Synthesis runs on-device. Language mismatch errors caught with friendly error message.","src/lib/audio/tts.ts:150-175; src/lib/audio/mms-worker.ts","none","Implemented","Untested","","Per-language model download. inferMmsLanguageCode maps ISO 639 codes to MMS codes. Error: 'tensor shape.size() must be >= 0' → 'cell text doesn't match language'.","Translator (oral / audio drafting)","Attach/select/remove cell audio: contributor(400); playback: viewer(100)","https://docs.aquilla.app/media/audio-voice-tts/audio-voice-tts.mp4","00:00","recorded"
"AVV-26","Audio / Voice / Video","Voice together — Combined synthesis","As a voice actor, I want to synthesize multiple cells as one continuous clip so that the prosody is natural instead of choppy.","User selects multiple cells + clicks 'Voice together' (or batch generation). Modal joins text with separator, synthesizes ONE clip, uploads once, attaches the same audioId to all cells (untrimmed). Open CombinedBoundaryEditor to manually set where each line's audio starts/ends.","src/lib/audio/combined-voice.ts:70-150; src/components/voice/CombinedBoundaryEditor.tsx","none","Implemented","Untested","","Max 12 cells or 2000 chars to avoid single huge TTS call. Separator='\n\n' for pause. Truncated flag set if selection capped. Manual divider editor (no auto ASR detection).","Translator (oral / audio drafting)","Attach/select/remove cell audio: contributor(400); playback: viewer(100)","https://docs.aquilla.app/media/audio-voice-tts/audio-voice-tts.mp4","00:00","recorded"
"AVV-27","Audio / Voice / Video","Audio playback — Global play-all bar","As a translator, I want to listen to all voiced lines in sequence with a global player so that I can hear the full narration without clicking each cell.","VoicePlaybackBar pinned at bottom of Audio lens. Shows now-playing cell name + voice avatar, full-width scrubber, transport (prev/play/pause/next), speed selector (0.5x–2x), time display (current/total), volume slider + mute. Play starts queue from cell 0; next/prev navigate cells. Scrubber is draggable to seek.","src/components/voice/VoicePlaybackBar.tsx:42-134; src/lib/audio/play-queue.ts:1-150","none","Implemented","Untested","","Queue walks cells in order via play-queue store. Picks playable audio (recording > generatedVoice). Prev/next use skipBack/skipForward. onActiveCell callback scrolls cell into view. Speed + volume persist across tracks.","Translator (oral / audio drafting)","Attach/select/remove cell audio: contributor(400); playback: viewer(100)","https://docs.aquilla.app/media/audio-voice-tts/audio-voice-tts.mp4","00:00","recorded"
"AVV-28","Audio / Voice / Video","Audio playback — Speed control","As a translator, I want to control playback speed so that I can listen faster or slower depending on my focus needs.","Speed button in playback bar (text shows current rate, e.g., '1x'). Click opens popover with speed options (0.5x, 0.75x, 1x, 1.25x, 1.5x, 2x). Selecting a speed applies it live to the playing clip and persists for subsequent clips.","src/components/voice/VoicePlaybackBar.tsx:191-222","none","Implemented","Untested","","setQueueRate updates currentAudio.playbackRate and progress store.","Translator (oral / audio drafting)","Attach/select/remove cell audio: contributor(400); playback: viewer(100)","https://docs.aquilla.app/media/audio-voice-tts/audio-voice-tts.mp4","00:00","recorded"
"AVV-29","Audio / Voice / Video","Audio playback — Volume control","As a user, I want to adjust volume and mute/unmute so that I can hear the playback at the right level.","Volume control in playback bar: mute button (Volume2/VolumeX icon) + slider (0–1, hidden on mobile). Clicking mute toggles to 0 or 1. Dragging slider adjusts live. Volume persists across tracks.","src/components/voice/VoicePlaybackBar.tsx:225-250","none","Implemented","Untested","","setQueueVolume updates currentAudio.volume and progress store.","Translator (oral / audio drafting)","Attach/select/remove cell audio: contributor(400); playback: viewer(100)","https://docs.aquilla.app/media/audio-voice-tts/audio-voice-tts.mp4","00:00","recorded"
"AVV-30","Audio / Voice / Video","Audio attachment — Select active recording","As a translator, I want to choose which of my multiple recordings is the active one for a cell so that I can use my best take.","Audio tabs for a cell show recording takes. Each take is a selectable option (e.g., radio or button). Selecting a take emits cell.audio.select, updates cell.selectedAudioId, and that audio becomes the active one for playback.","src/lib/sync/events-emit.ts: emitCellAudioSelect","none","Implemented","Untested","","slot='recording'. Multiple takes per cell supported. Only one active per slot.","Translator (oral / audio drafting)","Attach/select/remove cell audio: contributor(400); playback: viewer(100)","https://docs.aquilla.app/media/audio-voice-tts/audio-voice-tts.mp4","00:00","recorded"
"AVV-31","Audio / Voice / Video","Audio attachment — Crop/trim recording","As a translator, I want to trim a recording so that I can remove unwanted sections without re-recording.","CropButton (scissors icon) in cell audio tab opens popover. Waveform displayed with two draggable trim handles (start/end). Handles bound by MIN_GAP (0.15s). Dragging to edge clears that bound (null). 'Reset' button clears both. Trim stored in audio-cell-prefs and applied on playback (non-destructive).","src/components/cell/CropEditor.tsx:1-120","none","Implemented","Untested","","Non-destructive: trim persists in attachment.trimStartMs/trimEndMs. Dragging validates min/max bounds. Waveform shows during crop UI interaction.","Translator (oral / audio drafting)","Attach/select/remove cell audio: contributor(400); playback: viewer(100)","https://docs.aquilla.app/media/audio-voice-tts/audio-voice-tts.mp4","00:00","recorded"
"AVV-32","Audio / Voice / Video","Audio attachment — Delete recording","As a translator, I want to delete a recording so that it no longer takes up space and doesn't appear in playback options.","Audio tab or TakesStrip shows delete icon (trash/X) for each take. Clicking delete removes the attachment from R2 and updates UI. Cell no longer has that audio option.","src/lib/audio/upload.ts:142-153","none","Implemented","Untested","","deleteCellAudio non-fatal on failure; logs warning but doesn't re-throw. Orphans cleaned up by future admin sweep.","Translator (oral / audio drafting)","Attach/select/remove cell audio: contributor(400); playback: viewer(100)","https://docs.aquilla.app/media/audio-voice-tts/audio-voice-tts.mp4","00:00","recorded"
"AVV-33","Audio / Voice / Video","Audio attachment — Upload recording file","As a translator, I want to upload an audio file from my computer so that I can use existing recordings in the project.","Audio tab has 'Upload' button or file input. Selecting a file uploads to R2 via uploadCellAudio, emits cell.audio.attach. File types: WebM, MP3, MP4, M4A, WAV. On success, audio appears as a take option.","src/lib/audio/upload.ts:95-118","none","Implemented","Untested","","buildAudioId generates stable id. ext inferred from filename. uploadCellAudio returns AudioUploadResult with audioId, ext, url, sizeBytes.","Translator (oral / audio drafting)","Attach/select/remove cell audio: contributor(400); playback: viewer(100)","https://docs.aquilla.app/media/audio-voice-tts/audio-voice-tts.mp4","00:00","recorded"
"AVV-34","Audio / Voice / Video","Video attachment — Save video URL","As a translator working with video, I want to attach a video URL to a file so that I can sync subtitles with the video.","VideoAttachmentDialog opens from header ⋯ menu (Attach video, visible only for VTT/SRT files). Modal has title 'Attach Video' + URL input. User pastes video URL (e.g., YouTube, Vimeo) and clicks Save. URL persists on file metadata.","e2e/specs/editor/video-attachment-save-url.smoke.spec.ts","none","Implemented","Untested","","File-scoped: only one video per file. Only for subtitle files (medium='subtitle'). e2e spec verifies flow.","Translator (oral / audio drafting)","Attach/select/remove cell audio: contributor(400); playback: viewer(100)","https://docs.aquilla.app/media/audio-voice-tts/audio-voice-tts.mp4","00:00","recorded"
"AVV-35","Audio / Voice / Video","Video attachment — Remove video URL","As a translator, I want to remove a video URL so that the file no longer references it.","VideoAttachmentDialog (when video already attached) shows the saved URL + Remove button. Clicking Remove clears the URL. File now has no video reference.","e2e/specs/editor/video-attachment-remove.smoke.spec.ts","none","Implemented","Untested","","Spec verifies dialog closes after removal and URL is cleared.","Translator (oral / audio drafting)","Attach/select/remove cell audio: contributor(400); playback: viewer(100)","https://docs.aquilla.app/media/audio-voice-tts/audio-voice-tts.mp4","00:00","recorded"
"AVV-36","Audio / Voice / Video","Subtitles — Import VTT/SRT with voice tags","As a translator, I want to import a subtitle file with speaker voice tags so that the cast is auto-created and lines are assigned to speakers.","Import dialog accepts VTT/SRT files. VTT cues with `<v Name>` tags are parsed: speaker name extracted, cast member auto-created or found, cell assigned to that speaker via castAssignments. Timecodes preserved from VTT. Plain narrator lines (no tag) stay untagged.","src/lib/parsers/subtitle.ts; src/lib/timeline/diarization-loader.ts","none","Implemented","Untested","","Parsing via subtitle.ts: parseSpeaker, extractSpeaker. Cast auto-creation via buildCastAdditions. Explicit-only rule: only tagged lines get voice assignment.","Translator (oral / audio drafting)","Attach/select/remove cell audio: contributor(400); playback: viewer(100)","https://docs.aquilla.app/media/audio-voice-tts/audio-voice-tts.mp4","00:00","recorded"
"AVV-37","Audio / Voice / Video","Subtitles — Export VTT with voice tags","As a translator, I want to export subtitles as VTT with voice tags so that the voiced version preserves speaker identity.","Export dialog format selection: choose 'WebVTT (subtitles)'. File exports with WEBVTT header + cues. Cast-assigned cells include `<v Name>` tag. Untagged cells (narrator or no assignment) export as plain text. Timecodes from cell.context preserved.","src/lib/video/vtt-generator.ts:34-50","none","Implemented","Untested","","generateVttFromCells parses cell.context for timestamp, prefers translated over original text, strips HTML. voiceId → cast name lookup during export.","Translator (oral / audio drafting)","Attach/select/remove cell audio: contributor(400); playback: viewer(100)","https://docs.aquilla.app/media/audio-voice-tts/audio-voice-tts.mp4","00:00","recorded"
"AVV-38","Audio / Voice / Video","Subtitles — VTT timecode round-trip","As a translator, I want subtitles to preserve their original timecodes through import and export so that they stay in sync with video.","Import VTT with cues like '00:00:01.000 --> 00:00:03.000'. Cell.context stores this timestamp range verbatim. On export, same range is written to output VTT. Timestamps survive the full round trip.","src/lib/video/vtt-generator.ts:8-28; src/lib/parsers/subtitle.ts","none","Implemented","Untested","","TIMESTAMP_RANGE_RE regex tolerates HH:MM:SS.mmm (VTT) or HH:MM:SS,mmm (SRT). parseTimestampRange + formatVttTime preserve fidelity.","Translator (oral / audio drafting)","Attach/select/remove cell audio: contributor(400); playback: viewer(100)","https://docs.aquilla.app/media/audio-voice-tts/audio-voice-tts.mp4","00:00","recorded"
"AVV-39","Audio / Voice / Video","Diarization — Speaker segmentation (Pyannote)","As a translator with a media file, I want to automatically split audio by speaker so that each speaker's section becomes a separate cell.","Workspace header ⋯ menu (for media files) shows 'Diarize audio' option. Clicking opens DiarizationModal. User can specify number of speakers (optional). Modal shows progress: Starting → Running (% progress + 'Please wait, analyzing...') → Applying → Done. On success, media cells replaced with one per speaker turn, each trimmed to that speaker's time range. Cast members auto-created ('Speaker 1', 'Speaker 2', etc.) and assigned.","src/lib/diarization/run-diarization.ts:172-188","none","Implemented","Untested","","Uses Modal Pyannote 3.1 backend. Polling with 2.5s interval, 20-min timeout. If speech not detected, error. numSpeakers optional; server auto-detects if omitted.","Translator (oral / audio drafting)","Attach/select/remove cell audio: contributor(400); playback: viewer(100)","https://docs.aquilla.app/media/audio-voice-tts/audio-voice-tts.mp4","00:00","recorded"
"AVV-40","Audio / Voice / Video","Diarization — Auto-assign speakers to cast","As a translator, I want diarization to automatically create and assign speaker roles so that I don't have to manually create cast members.","After diarization completes, cast members 'Speaker 1', 'Speaker 2', etc. are created with auto-assigned colors and added to project TTS settings. Each media segment's cell is assigned to its speaker via castAssignments.","src/lib/diarization/run-diarization.ts:155-165; src/lib/import/cast-from-speakers.ts","none","Implemented","Untested","","buildCastAdditions merges new speakers into existing castAssignments; doesn't clobber other files.","Translator (oral / audio drafting)","Attach/select/remove cell audio: contributor(400); playback: viewer(100)","https://docs.aquilla.app/media/audio-voice-tts/audio-voice-tts.mp4","00:00","recorded"
"AVV-41","Audio / Voice / Video","Audio export — Audio by character","As a voice actor, I want to export audio grouped by character so that I can send separate files to collaborators or post individual voice tracks.","Export dialog format selection: 'Audio by character'. Scope locked to file (Whole project disabled). Preview shows 'No cells with audio found' if file has no audio. Exporting downloads a ZIP containing one WAV per cast member (character), each with that character's voiced cells concatenated.","e2e/specs/editor/audio-by-character.smoke.spec.ts","none","Implemented","Untested","","Scope always = file for this format. Empty zip still valid if no audio. File named <file>_audio-by-character.zip.","Translator (oral / audio drafting)","Attach/select/remove cell audio: contributor(400); playback: viewer(100)","https://docs.aquilla.app/media/audio-voice-tts/audio-voice-tts.mp4","00:00","recorded"
"AVV-42","Audio / Voice / Video","Cast assignment — Assign cell to character (chip click)","As a translator, I want to click a cast member's chip to assign a line to that character so that the character's voice is used.","In Audio lens, cell shows cast chips (one per project voice). Chips are buttons with aria-pressed. Clicking a chip (currently not active) assigns cell to that voice, sets voiceId, and kicks off TTS synthesis. Chip becomes pressed (aria-pressed='true'). Clicking an active chip unassigns it.","src/components/cell/CellVoicePanel.tsx","none","Implemented","Untested","","Requires cell to have translated text (untranslated cells show placeholder, no chips). One voice per cell. Synthesis fires immediately after assignment.","Translator (oral / audio drafting)","Attach/select/remove cell audio: contributor(400); playback: viewer(100)","https://docs.aquilla.app/media/audio-voice-tts/audio-voice-tts.mp4","00:00","recorded"
"AVV-43","Audio / Voice / Video","Audio cell waveform display","As a translator, I want to see the waveform of a recording so that I can visually inspect audio quality and timing.","Cell audio tab shows CellWaveform component: visual representation of recorded audio (peaks). Used in crop editor, takes display, and cell audio details. Waveform computed from audio file peaks.","src/components/CellWaveform.tsx","none","Implemented","Untested","","Peaks computed via peaks.ts (eager-peaks for small files, peaks-cache for larger). Displayed in crop editor and cell audio panels.","Translator (oral / audio drafting)","Attach/select/remove cell audio: contributor(400); playback: viewer(100)","https://docs.aquilla.app/media/audio-voice-tts/audio-voice-tts.mp4","00:00","recorded"
"AVV-44","Audio / Voice / Video","Transcription progress badge","As a translator, I want to see transcription progress so that I know whether transcription is complete or still running.","Cell audio tab shows CellTranscribeBadge with status: 'Transcribe' (idle), spinner + 'Transcribing...' (in progress), checkmark + word count (done), or error state. Clicking transcribes; shows Whisper model download progress if first run.","src/components/CellTranscribeBadge.tsx","none","Implemented","Untested","","subscribeToTranscribeStatus tracks per-audioId. Model download progress via noteModelDownloading.","Translator (oral / audio drafting)","Attach/select/remove cell audio: contributor(400); playback: viewer(100)","https://docs.aquilla.app/media/audio-voice-tts/audio-voice-tts.mp4","00:00","recorded"
"AVV-45","Audio / Voice / Video","TTS synthesis progress badge","As a translator, I want to see TTS synthesis progress so that I know when audio generation will complete.","Cell voice panel or playback row shows synthesis progress: spinner + 'Synthesizing...' while TTS runs. On success, replaces with play button. On error, shows error message with retry option.","src/lib/audio/tts.ts:24-82","none","Implemented","Untested","","useTtsStatus hook subscribes to status store. setTtsStatus updated by synthesize routines. Model download progress (Kokoro/MMS) via noteModelDownloading.","Translator (oral / audio drafting)","Attach/select/remove cell audio: contributor(400); playback: viewer(100)","https://docs.aquilla.app/media/audio-voice-tts/audio-voice-tts.mp4","00:00","recorded"
"AVV-46","Audio / Voice / Video","Voice guidance / prompt field (Gemini)","As a voice director, I want to write guidance for Gemini TTS so that the synthesized voice has the tone and accent I want.","CharacterModal (Gemini engine) shows 'Guidance' textarea. User enters free-text guidance (e.g., 'warm, older man, calm'). Text is stored on Voice.prompt and passed to Gemini TTS API. Guidance overrides or supplements the default prompt template.","src/components/voice/CharacterModal.tsx:375-415","none","Implemented","Untested","","Guidance collapses accent, pronunciation reference, and reading direction into one field. Stored as Voice.prompt. Passed to gemini-tts.ts which builds a template around it.","Translator (oral / audio drafting)","Attach/select/remove cell audio: contributor(400); playback: viewer(100)","https://docs.aquilla.app/media/audio-voice-tts/audio-voice-tts.mp4","00:00","recorded"
"AVV-47","Audio / Voice / Video","MMS language selection","As a translator using MMS for multilingual voicing, I want to select the language so that the synthesizer uses the right model.","CharacterModal (MMS engine) shows language dropdown or text field. User selects or enters MMS language code (e.g., 'eng', 'fra', 'spa'). Code is stored in Voice.voiceName. Synthesis loads that language's model on first use.","src/lib/audio/mms-languages.ts","none","Implemented","Untested","","inferMmsLanguageCode converts ISO 639 to MMS codes. POPULAR_MMS_LANGUAGES list for dropdown. HAS_EXTENDED_MMS_MODELS flag for model availability.","Translator (oral / audio drafting)","Attach/select/remove cell audio: contributor(400); playback: viewer(100)","https://docs.aquilla.app/media/audio-voice-tts/audio-voice-tts.mp4","00:00","recorded"
"AVV-48","Audio / Voice / Video","Model download progress (Whisper/Kokoro/MMS)","As a user, I want to see model download progress so that I know how long the first synthesis/transcription will take.","First time a local model (Whisper, Kokoro, or MMS) is used, AiModelDownloadChip appears in bottom-left corner showing 'Downloading <model>: <loaded>/<total> MB' with progress bar. On completion, chip dismisses.","src/lib/audio/prefetch.ts","none","Implemented","Untested","","noteModelDownloading / noteModelDownloadSettled update progress store. Worker progress messages bubbled up via onProgress callbacks.","Translator (oral / audio drafting)","Attach/select/remove cell audio: contributor(400); playback: viewer(100)","https://docs.aquilla.app/media/audio-voice-tts/audio-voice-tts.mp4","00:00","recorded"
"ACAC-01","AI Completion, Agent & Chat","Single-cell AI completion (sparkle button)","As a translator, I want to fill a single empty cell using AI, so that I can quickly generate a first draft for difficult segments.","User clicks the sparkle button on an untranslated cell. The app fetches few-shot examples from validated cells, builds a prompt with project rules/brief/context, sends to configured LLM endpoint, streams response, and commits the generated text as an unvalidated cell. If LLM is unavailable or user not configured, button is disabled with tooltip.","src/lib/completion/completion-service.ts:482-533; src/hooks/useCompletion.ts:137-250; src/components/ProjectWorkspace.tsx:~completeSingle","none","Implemented","Untested","","Auto-commits as unvalidated; review via validation workflow. Streaming preview shown while generating. Handles search-retrieved + validated pair examples. Personal per-device provider override takes precedence.","Reviewer / translation consultant","Validate/unvalidate: reviewer(300)","https://docs.aquilla.app/media/ai-autodraft-cell/ai-autodraft-cell.mp4","00:00","recorded"
"ACAC-02","AI Completion, Agent & Chat","Batch AI completion (translate all)","As a translator, I want to draft all untranslated cells in my current file/selection with AI, so that I can rapidly bootstrap translations for bulk review.","User clicks 'Run AI completions' → acknowledgement dialog appears (confirmation + checkbox that they understand changes are attributed to their account) → on confirm, cells translate sequentially. A progress banner shows done/total + stop button. Cells auto-commit as unvalidated. If batch exceeds 30 cells, it chunks into sequential batches with continuity via prior batch context. Stop button aborts in-flight request + halts new cells. Partial completions remain committed.","src/lib/completion/batch-completion.ts; src/components/CompletionBulkProgressBanner.tsx; src/hooks/useCompletion.ts:250-350","none","Implemented","Untested","","Uses buildBatchPrompt for segmented format with <v1>..</v1> tags. Chunks to MAX_CELLS_PER_CALL=30. Run-identity semantics prevent stale cancellations. Dialog requires explicit checkbox acknowledgement before proceeding.","Reviewer / translation consultant","Validate/unvalidate: reviewer(300)","https://docs.aquilla.app/media/ai-autodraft-cell/ai-autodraft-cell.mp4","00:00","recorded"
"ACAC-03","AI Completion, Agent & Chat","Paragraph-unit AI completion (discourse-aware)","As a translator, I want the AI to translate a paragraph as a coherent unit with discourse context, so that pronouns, tense, and connectives flow naturally across sentence boundaries.","When a paragraph is selected (≥2 cells), the translator can trigger completion. Instead of translating each cell in isolation, the LLM receives: the whole paragraph's source cells (tagged with stable <c id> tags), the committed preceding target context (discourse window left), following source (right), and few-shot examples. The LLM responds with matching <c id> tags; response is parsed back to per-cell text and committed. Missing/extra/duplicate tags surface as errors.","src/lib/completion/completion-service.ts:328-440; src/lib/completion/paragraph-protocol.ts; src/hooks/useCompletion.ts:~paragraphCompletion","none","Implemented","Untested","","Encodes cells with <c id=""CELLID"">TEXT</c>. Parser reconciles response LOUDLY (missing/extra ids reported). Discourse window uses committed TARGET (not source) on left, source-only on right. Validated pairs + retrieved passages are injected first, then discourse context.","Project lead (source steward)","Source content edits: project_lead(500)","https://docs.aquilla.app/media/ai-autodraft-cell/ai-autodraft-cell.mp4","00:00","recorded"
"ACAC-04","AI Completion, Agent & Chat","AI completion settings (project-level provider config)","As a project admin, I want to configure which LLM provider the project uses (Frontier hosted vs. custom OpenAI-compatible endpoint), so that my team translates with the provider that best fits our needs.","Project settings → LLM section expands. User can: (1) select provider (Frontier / Custom); (2) if custom: enter endpoint URL + API key + model name; (3) customize system prompt (or leave blank to use default); (4) adjust temperature/max-tokens. Settings are saved to project record. Per-device override (user Settings) always takes precedence over project config. Valid custom endpoints are normalized (trailing slashes stripped, /v1 or /chat/completions appended as needed). Endpoint is tested by fetching available models.","src/hooks/useCompletionSettings.ts; src/lib/completion/completion-service.ts:450-470; src/components/ProjectSettings.tsx:~LLM section","none","Implemented","Untested","","buildCompletionSettings merges base + overrides. resolveProvider infers 'frontier' or 'custom' from settings. API key resolved via resolveApiKey (may be stored encrypted). Frontier returns 402 when credits exhausted.","Translator (contributor)","Apply AI proposal target.cell.commit: contributor(400); cell.validate proposal: reviewer(300)","https://docs.aquilla.app/media/ai-autodraft-cell/ai-autodraft-cell.mp4","00:14","recorded"
"ACAC-05","AI Completion, Agent & Chat","Per-device LLM provider override (user Settings)","As a translator, I want to use my own API key on this device for all projects, overriding the project's default provider, so that I can control my LLM spend locally.","User Settings → enters endpoint + model + API key. All projects on this device now use this override config instead of their project-level settings. The override is stored in localStorage as JSON. Both completion-service.complete() and useCompletion honor this precedence. Override can be cleared by blanking the settings.","src/lib/store/user-provider-override.ts; src/lib/completion/completion-service.ts:486-495; src/hooks/useCompletion.ts:118-121","none","Implemented","Untested","","Stored in localStorage:codex:userProviderOverride. Checked first before project settings in both complete() and chat-service. Applied in complete() before provider resolution.","Translator (contributor)","Apply AI proposal target.cell.commit: contributor(400); cell.validate proposal: reviewer(300)","https://docs.aquilla.app/media/ai-autodraft-cell/ai-autodraft-cell.mp4","00:00","recorded"
"ACAC-06","AI Completion, Agent & Chat","Few-shot example selection (validated pairs + search-retrieved)","As the system, I want to compose the LLM prompt with high-quality examples from the project, so that the model imitates the team's terminology and style.","For each completion: (1) collectValidatedPairs extracts all cells with status='validated' and non-empty content; (2) if a source query is provided, pairs are ranked by token overlap (cheap relevance proxy); top K returned (default 20); (3) separate search retrieval fetches additional examples from the branching-search corpus; (4) validated pairs are prepended (strongest signal), search results follow; (5) examples with empty source or target are filtered out. Optional: useOnlyValidatedExamples flag skips search entirely, using only validated cells.","src/lib/completion/completion-service.ts:15-88; src/hooks/useCompletion.ts:140-150","none","Implemented","Untested","","Validated pairs ranked by token overlap (case-insensitive, punctuation-aware split). Search-retrieved examples used only if useOnlyValidatedExamples=false. Default top_k=15. Dedupe + compress examples reduce token spend.","Translator (contributor)","Apply AI proposal target.cell.commit: contributor(400); cell.validate proposal: reviewer(300)","https://docs.aquilla.app/media/ai-autodraft-cell/ai-autodraft-cell.mp4","00:00","recorded"
"ACAC-07","AI Completion, Agent & Chat","Translation brief injection (project intent)","As a project admin, I want the LLM to know the project's purpose and audience (brief), so that translations follow the project's intended register and style.","Project brief's L1 summary (if non-empty) is injected into the system prompt AFTER the base instructions and BEFORE rules. The block is labeled 'Translation brief (the project's purpose and standards — follow it):'. Empty or null summaries add nothing; the LLM sees no brief block.","src/lib/completion/completion-service.ts:90-100; src/hooks/useCompletion.ts:~briefSummary","none","Implemented","Untested","","Injected via buildBriefBlock. Rendered for single-cell, batch, and paragraph modes. Sits between base prompt and rules block for visibility.","Translator (contributor)","Apply AI proposal target.cell.commit: contributor(400); cell.validate proposal: reviewer(300)","https://docs.aquilla.app/media/ai-autodraft-cell/ai-autodraft-cell.mp4","00:00","recorded"
"ACAC-08","AI Completion, Agent & Chat","Translation rules injection (project terminology & constraints)","As a project admin, I want the LLM to follow our project's rules (terminology must-haves, forbidden phrases), so that translations are consistent with project decisions.","Project rules (source-requires-target, target-forbids, source-target-match types; enabled only) are rendered as a 'Project terminology and style rules (MUST follow):' block in the system prompt. Each rule becomes a line: 'When X appears, use Y' or 'Do NOT use X'. Only enabled rules are included. Disabled rules are skipped. Builtin algorithmic rules are not injected (no useful prompt text). Empty rules list → no block added.","src/lib/completion/completion-service.ts:69-88; src/hooks/useCompletion.ts:~rules","none","Implemented","Untested","","Injected via buildRulesBlock. Rules must be enabled to be included. Rendered for all prompt modes. Placed after brief block for logical flow.","Translator (contributor)","Apply AI proposal target.cell.commit: contributor(400); cell.validate proposal: reviewer(300)","https://docs.aquilla.app/media/ai-autodraft-cell/ai-autodraft-cell.mp4","00:00","recorded"
"ACAC-09","AI Completion, Agent & Chat","Discourse context window (preceding + following)","As the system, I want to give the LLM preceding & following context so that it can resolve pronouns, maintain tense, and continue narrative flow.","For each completion: (1) preceding context: ≤N most recently committed cells from the document (TARGET language for discourse flow); if no target yet committed, source fallback shown as 'Preceding (source, not yet translated):' (no Source/Translation pair to avoid blank translation echo). (2) Following context: ≤M upcoming source cells (read-only, labeled so model doesn't translate them). Context cells with empty source/target are filtered. Preceding rendered just before live source; following after examples. Context window size controlled by draftContextSettings.","src/lib/completion/draft-context.ts; src/lib/completion/completion-service.ts:202-208, 405-430; src/hooks/useCompletion.ts:~draftContext","none","Implemented","Untested","","Preceding context prefers committed TARGET (D4 principle). gatherPrecedingContext + gatherFollowingSource helpers. Blank pairs filtered to avoid leaking empty 'Translation:' into prompt. DEFAULT_DRAFT_CONTEXT sets window sizes.","Project lead (source steward)","Source content edits: project_lead(500)","https://docs.aquilla.app/media/ai-autodraft-cell/ai-autodraft-cell.mp4","00:00","recorded"
"ACAC-10","AI Completion, Agent & Chat","Example format toggle (source-and-target vs. target-only)","As a project admin, I want to switch the completion mode to target-only so that low-resource projects see only reference translations, not source-target pairs.","Project settings → LLM section → fewShotExampleFormat dropdown (default 'source-and-target'). When set to 'target-only': examples in prompt render as 'Target: ...' only (no 'Source: ...' lines); system prompt adds a note explaining these are reference translations. Validated pairs still require non-empty targets; sources are omitted. Effect applies to single-cell, batch, and paragraph modes.","src/lib/completion/completion-service.ts:154-182, 248-290; src/hooks/useCompletion.ts:~exampleFormat","none","Implemented","Untested","","fewShotExampleFormat='source-and-target' (default) or 'target-only'. In target-only mode, validated pairs filtered to non-empty targets only. System prompt note added explaining reference format.","Translator (contributor)","Apply AI proposal target.cell.commit: contributor(400); cell.validate proposal: reviewer(300)","https://docs.aquilla.app/media/ai-autodraft-cell/ai-autodraft-cell.mp4","00:00","recorded"
"ACAC-11","AI Completion, Agent & Chat","Chat (multi-turn AI copilot)","As a translator, I want to ask the AI questions about source meaning, translation strategy, or the current passage, so that I can resolve ambiguities without leaving the editor.","Workspace → chat panel (right sheet). User types a question → presses Enter or clicks Send. Message is added to history with timestamp + id. If cell context is pinned, current cell (source + target) is included in system prompt. LLM replies (streamed, markdown-rendered). User can: retry (re-send failed), dismiss (remove failed), regenerate (remove last assistant reply + resend prior turn), copy, or insert-into-cell (if cell is focused; prompts if cell already has text). History persists in localStorage (per-project, ≤200 messages). Clear history removes all messages after confirmation.","src/hooks/useChat.ts; src/lib/completion/chat-service.ts; src/components/ChatPanel.tsx; src/components/chat/ChatMessageList.tsx","none","Implemented","Untested","","Uses same LLM infrastructure as completions (complete() + sendChatMessage). Cell context toggle persists per project. Failed messages show error + Retry/Dismiss. Regenerate removes last assistant reply + resends prior conversation. Insert-into-cell triggers confirmation if target already has text.","Translator (contributor)","Apply AI proposal target.cell.commit: contributor(400); cell.validate proposal: reviewer(300)","https://docs.aquilla.app/media/ai-autodraft-cell/ai-autodraft-cell.mp4","00:00","recorded"
"ACAC-12","AI Completion, Agent & Chat","Chat cell context toggle & pin","As a translator, I want to include or exclude the current cell from chat context, so that the AI knows what I'm working on when relevant but doesn't get distracted otherwise.","Chat header: cell-context pin toggle shows current cell (source/target), or 'No cell context'. Clicking toggles includeCellContext flag (persisted per project in localStorage). When ON and a cell is focused, the cell's source + target are injected into chat's system prompt as context. When OFF or no cell is focused, no context. File name shown when includeCellContext=true but no specific cell is focused (agent dock only).","src/components/chat/ChatContextPin.tsx; src/hooks/useChat.ts:117-125; src/lib/completion/chat-service.ts:81-89","none","Implemented","Untested","","Toggle state stored in localStorage:chat-include-cell-context:{projectId}. Default true. Shown in both ChatPanel and AgentDockView (compact mode). Displays truncated cell text on hover.","Translator (contributor)","Apply AI proposal target.cell.commit: contributor(400); cell.validate proposal: reviewer(300)","https://docs.aquilla.app/media/ai-autodraft-cell/ai-autodraft-cell.mp4","00:00","recorded"
"ACAC-13","AI Completion, Agent & Chat","Chat message actions (copy, insert, regenerate)","As a translator, I want to copy AI replies, insert them into cells, or regenerate if the response wasn't good, so that I can use AI suggestions efficiently.","Hover over an assistant message (not streaming): toolbar appears with Copy, Insert-into-cell (if cell focused), Regenerate (on last assistant message only). Copy copies markdown to clipboard + shows 'Copied' feedback. Insert-into-cell converts markdown to plain text + commits to cell (with overwrite confirmation if cell already has text). Regenerate: removes the last assistant reply, re-sends the conversation up to the previous user turn (re-runs LLM with same history).","src/components/chat/ChatMessageBubble.tsx:33-176; src/components/chat/ChatMessageList.tsx:82-91, 127","none","Implemented","Untested","","Markdown-to-plain conversion strips formatting. Insert-into-cell uses dedicated commit path (ProjectWorkspace.onInsertIntoCell). Regenerate removes last assistant message + calls useChat.regenerate.","Translator (contributor)","Apply AI proposal target.cell.commit: contributor(400); cell.validate proposal: reviewer(300)","https://docs.aquilla.app/media/ai-autodraft-cell/ai-autodraft-cell.mp4","00:00","recorded"
"ACAC-14","AI Completion, Agent & Chat","Chat error recovery (retry + dismiss)","As a translator, I want to retry failed chat sends or dismiss failed messages, so that transient errors don't clutter my conversation.","When a chat message fails to send: message stays in list with status='failed', muted styling, and a red error line showing the human-readable error message. User can click Retry (re-sends with same context, keeps message in place) or Dismiss (removes from list). Details disclosure shows raw error text. Error messages are mapped: 401/sign-in → 'Sign in to use AI chat'; 402/429/limit → 'AI limit reached'; network → 'Connection lost'; else → 'Something went wrong.'","src/hooks/useChat.ts:63-75; src/components/chat/ChatMessageBubble.tsx:112-139","none","Implemented","Untested","","mapChatError maps raw error to human copy + detail. Failed messages don't vanish automatically. Retry keeps the message in place (no duplicate). Dismiss removes it. Status field = 'failed' on UiChatMessage.","Translator (contributor)","Apply AI proposal target.cell.commit: contributor(400); cell.validate proposal: reviewer(300)","https://docs.aquilla.app/media/ai-autodraft-cell/ai-autodraft-cell.mp4","00:00","recorded"
"ACAC-15","AI Completion, Agent & Chat","Translation agent (multi-step AI reasoning)","As a translator, I want to ask the agent to draft, check, or explain translations in context, and review its proposals before applying, so that I can benefit from AI reasoning without ceding control.","Agent dock mode (chat → agent toggle or from suggested action). User types a prompt → agent receives: message history (≤10 turns), project/cell context (if pinned), translator profile. Agent streams: assistant text (rendered as ChatMarkdown), code steps (sql/emit/docs/aquifer with collapsible results), proposals (cell edits, comments, validations), Aquifer publish proposals. Responses are purely informational until user clicks Apply on a proposal card. Apply enqueues real events (same outbox path as editor) authored by current user, with ai_suggestion/agent_run_id provenance fields.","src/components/agent/AgentDockView.tsx; src/lib/agent/agent-client.ts; src/lib/agent/protocol.ts; src/components/agent/AgentRunView.tsx","none","Implemented","Untested","","Agent runs live on separate /api/v1/ai/agent/run endpoint. JWT auth same as chat. Run state is pure reducer (AgentRunUi). Proposals with unsupported kinds or role violations show disabled Apply + reason. Suggested actions route user to agent mode with pending prompt.","Any user (personal preference)","Any authenticated user — scoped to own account","https://docs.aquilla.app/media/ai-autodraft-cell/ai-autodraft-cell.mp4","00:00","recorded"
"ACAC-16","AI Completion, Agent & Chat","Agent proposal review & apply (cell edits, comments, validation)","As a translator, I want to review the agent's proposed changes (what text is being changed, rule violations, comments), then selectively apply them to my project.","Each proposal card shows: summary ('Draft 12 cells in MRK 4'), event count badge, per-event rows with: kind (Edit/Comment/Validate icon), reference (canonicalRef badge), before→after text (truncatable), rule violation badges (if any, from client-side lint re-run). Each proposal has Apply/Discard buttons. Apply enqueues events through existing outbox (author = current user; events carry ai_suggestion + agent_run_id from server). Discard marks card as discarded (grayed out, 'Discarded:' prefix). Unknown event kinds show raw JSON + disabled Apply ('not supported yet').","src/components/agent/ProposalCard.tsx; src/lib/agent/apply.ts; src/lib/agent/protocol.ts:26-42","none","Implemented","Untested","","Rules are checked client-side on proposed text using checkRulesForCell (same rule engine as editor). Role gates check canApply (mirrors server role-floors). Unknown kinds marked unsupported. Lint badges show infraction messages. Discard state prevents re-apply but message stays visible.","Reviewer / translation consultant","Validate/unvalidate: reviewer(300)","https://docs.aquilla.app/media/ai-autodraft-cell/ai-autodraft-cell.mp4","00:07","recorded"
"ACAC-17","AI Completion, Agent & Chat","Agent proposal rule lint (client-side validation)","As the system, I want to check agent proposals against project rules before apply, so that the translator sees rule violations in the review card without applying first.","ProposalCard re-runs project rules on every proposed cell text at render time (not at agent stage time). If a proposed text would violate a rule, a red badge appears on that event showing the infraction message. Uses the same rule engine (checkRulesForCell) as the editor health pass. Lint is deterministic — same rules + text always produces same infractions.","src/components/agent/ProposalCard.tsx:212-222; src/lib/rules/rule-engine.ts","none","Implemented","Untested","","Lint runs on every render; uses useMemo to avoid re-checking unnecessarily. Infractions displayed as red badges inline with event row. Only 'target.cell.commit' events are linted (comment/validate kinds don't have text to check).","Translator (contributor)","Apply AI proposal target.cell.commit: contributor(400); cell.validate proposal: reviewer(300)","https://docs.aquilla.app/media/ai-autodraft-cell/ai-autodraft-cell.mp4","00:00","recorded"
"ACAC-18","AI Completion, Agent & Chat","Agent proposal role-gated apply (permission floor)","As the system, I want to prevent users without sufficient permissions from applying certain agent changes, so that only the right roles can make certain edits.","Apply button is disabled with an inline reason if: (1) any proposed event kind is not supported yet (canApply returns { allowed: false, reason: 'Contains event kinds...' }); (2) user's role.level is below the floor for any event kind (e.g., reviewer can't validate/commit). canApply mirrors server role-floors.ts checks. Reason is shown in gray text below Apply button. Tooltip on disabled Apply shows the reason.","src/lib/agent/role-floors.ts; src/components/agent/ProposalCard.tsx:225-235","none","Implemented","Untested","","Role level from project.syncRole.level (null = unknown, treated as unable). Mirrors server floors: commit=translator, comment=translator, validate=validator. Unsupported kinds vs. role violations have different reason messages.","Reviewer / translation consultant","Validate/unvalidate: reviewer(300)","https://docs.aquilla.app/media/ai-autodraft-cell/ai-autodraft-cell.mp4","00:00","recorded"
"ACAC-19","AI Completion, Agent & Chat","Aquifer publish proposal (Bible wiki answers)","As the agent, I want to suggest publishing an exegetical answer to the Bible Aquifer wiki when it answers a question, so that the team can share knowledge.","When agent generates an exegetical answer, an AquiferProposalCard appears. Card shows: question (heading), status badge (answered/undetermined), answer text (truncatable), citations (links to sources). Apply button POSTs to aquifer API (not outbox) with question/answer/status/citations. On success, published wiki URL is shown with link. Discard hides the proposal (grayed, 'Discarded:' prefix). Apply disabled if user not signed in.","src/components/agent/AquiferProposalCard.tsx; src/lib/aquifer/client.ts:aquiferPublishAnswer","none","Implemented","Untested","","Distinct from regular proposals — uses aquifer API, not events outbox. Card state: idle/applying/applied/discarded. Published URL shown on success. Citations rendered as external links.","Translator (contributor)","Apply AI proposal target.cell.commit: contributor(400); cell.validate proposal: reviewer(300)","https://docs.aquilla.app/media/ai-autodraft-cell/ai-autodraft-cell.mp4","00:00","recorded"
"ACAC-20","AI Completion, Agent & Chat","Backtranslation (literal reverse translation)","As a translator, I want a word-for-word back-translation of my target text to verify it conveys the intended source meaning without drift.","On a cell with translation: user can request backtranslation. LLM translates target text back to source language, preserving exact words/structure (even if unnatural). Prompt includes: system instructions (preserve structure, show translation literally), terminology hints (derived from project concepts matching source text), examples (if any pre-existing backtranslations in corpus). Result is shown in cell UI (probably as a collapsible section or linked view). No auto-commit; review only.","src/lib/completion/backtranslation-service.ts; src/lib/terminology/types.ts","none","Partial","Untested","","Backtranslation infrastructure (prompt building, terminology hints) is implemented, but editor UI integration for requesting/displaying BT is not found. JOURNEYS.md marks BT as 'require pre-existing cell.backtranslation (LLM infra-blocked)' — likely waiting for schema/UI work.","Project lead (source steward)","Source content edits: project_lead(500)","https://docs.aquilla.app/media/ai-autodraft-cell/ai-autodraft-cell.mp4","00:00","recorded"
"ACAC-21","AI Completion, Agent & Chat","Frontier health monitoring (service availability)","As the system, I want to detect when Frontier AI is unavailable, so that I can disable the complete button and show the user a clear message.","useFrontierHealth hook polls Frontier's health endpoint (~5s interval). Returns { available: bool }. When unavailable, complete button shows 'Service temporarily unavailable' tooltip and is disabled (isAvailable=false). Note: isAvailable is separate from isConfigured (user may be configured but service is down). No preamble dialogs on transient failure — just a clear disable + message.","src/lib/completion/frontier-health.ts; src/hooks/useCompletion.ts:122-135","none","Implemented","Untested","","Health probe is async/optional. Separation of isConfigured (user's setup) vs. isAvailable (service running) allows graceful degradation. Custom providers always treated as available (no probe).","Translator (contributor)","Apply AI proposal target.cell.commit: contributor(400); cell.validate proposal: reviewer(300)","https://docs.aquilla.app/media/ai-autodraft-cell/ai-autodraft-cell.mp4","00:00","recorded"
"ACAC-22","AI Completion, Agent & Chat","LLM error handling (402 credits, 401 auth, network)","As the system, I want to surface LLM errors to the user with clear messages, so they can understand what went wrong and how to fix it.","LLM errors caught and mapped: 402 (Frontier credits exhausted) → 'Frontier AI limit reached: ...'; 401 (auth failed) → 'Sign in to use [service]'; 429 (rate limit) → 'AI limit reached'; network/fetch errors → 'Connection lost'; else → 'Completion failed: 500 ...' (raw status shown). Chat errors use mapChatError for human-readable copy + raw detail (shown in disclosure). Single-cell errors stored in errors map per cell. Batch errors stop the batch + mark run as failed.","src/lib/completion/completion-service.ts:518-532; src/hooks/useChat.ts:63-75","none","Implemented","Untested","","Frontier 402 explicitly handled for user credit messaging. Network errors (TypeError) detected. Stream parsing errors log a warning instead of crashing. Chat uses separate mapChatError for UX consistency.","Translator (contributor)","Apply AI proposal target.cell.commit: contributor(400); cell.validate proposal: reviewer(300)","https://docs.aquilla.app/media/ai-autodraft-cell/ai-autodraft-cell.mp4","00:00","recorded"
"ACAC-23","AI Completion, Agent & Chat","Streaming response rendering (on-chunk callback)","As a translator, I want to see the LLM response appear word-by-word as it's generated, so that I can read along and stop if it's going wrong.","complete(options) takes optional onChunk callback. As SSE frames arrive from LLM, each delta is accumulated and onChunk(accumulatedText) is called. UI re-renders on each chunk (streaming preview). When stream ends (or stops), the accumulated text is what gets committed/returned. If stream is aborted (user clicks Stop), the AbortController.signal fires, read loop exits, partial text is discarded, and DOMException('AbortError') is thrown.","src/lib/completion/completion-service.ts:527-606; src/hooks/useCompletion.ts:~onChunk","none","Implemented","Untested","","consumeStream handles SSE frame buffering (lines may span read() boundaries). onChunk called with accumulated full text (not delta). Abort via signal kills the fetch + loop immediately. Frontier streaming currently disabled (worker SSE bug workaround) for provider='frontier', but custom providers stream normally.","Translator (contributor)","Apply AI proposal target.cell.commit: contributor(400); cell.validate proposal: reviewer(300)","https://docs.aquilla.app/media/ai-autodraft-cell/ai-autodraft-cell.mp4","00:00","recorded"
"ACAC-24","AI Completion, Agent & Chat","SSE frame parsing (streaming LLM responses)","As the system, I want to parse streaming LLM responses robustly, so that errors don't crash the translation.","LLM SSE stream is consumed line-by-line. Lines are buffered across arbitrary read() boundaries so mid-frame breaks don't lose data. Each 'data: {...}' line is JSON-parsed. Content delta extracted to onChunk. If parsing fails, a console.warn logs the bad frame (first 200 chars) and the loop continues. Stream errors (e.g., 'error': '...') are caught + thrown (bubble up to caller as Error). '[DONE]' or done flag ends stream gracefully.","src/lib/completion/completion-service.ts:547-606; src/lib/agent/agent-client.ts:45-89","none","Implemented","Untested","","Both chat and agent use similar stream consumers (completion-service, agent-client). Line buffering handles edge case where SSE frame split across reader.read() boundaries. Unparseable frames trigger console.warn, not throw (resilient).","Translator (contributor)","Apply AI proposal target.cell.commit: contributor(400); cell.validate proposal: reviewer(300)","https://docs.aquilla.app/media/ai-autodraft-cell/ai-autodraft-cell.mp4","00:00","recorded"
"ACAC-25","AI Completion, Agent & Chat","Abort/cancellation (streaming stop button)","As a translator, I want to stop an in-flight completion or chat message, so that I can abort if it's taking too long or producing nonsense.","While streaming, UI shows a Stop button (replaces Send). Clicking Stop: (1) for single-cell/chat: aborts the fetch via AbortController signal; (2) for batch: sets cancel flag + aborts current cell's fetch; next cell doesn't start (checked at loop iteration). In-flight streams exit immediately via cancelled reader. Partial text is discarded (not committed). User sees 'Stopped' or 'aborted' status message.","src/lib/completion/batch-completion.ts:86-100; src/lib/completion/completion-service.ts:587-589; src/hooks/useCompletion.ts:~stop","none","Implemented","Untested","","AbortController signal passed to fetch(). isBatchCompletionCancelled checked between cells in loop. Partial batch results remain committed (no rollback). Batch run IDs prevent stale cancellations from affecting new runs.","Translator (contributor)","Apply AI proposal target.cell.commit: contributor(400); cell.validate proposal: reviewer(300)","https://docs.aquilla.app/media/ai-autodraft-cell/ai-autodraft-cell.mp4","00:00","recorded"
"ACAC-26","AI Completion, Agent & Chat","Streaming to preview (immediate user feedback)","As a translator, I want to see the draft text appear in real-time in the cell, so that I can watch the AI work and read the emerging translation.","While AI is generating, cell shows preview text (not yet committed). Each onChunk callback updates the preview map in state. Cell renders preview instead of committed translation (visual diff: lighter styling, maybe a loading spinner). Once stream ends/succeeds, preview is cleared + real commit happens (unvalidated cell appears).","src/hooks/useCompletion.ts:109; src/components/EditorTable.tsx:~previews rendering","none","Implemented","Untested","","Previews stored in Map<cellId, string>. Cleared on abort/commit. Viewer prefers preview over committed translation while streaming. Not persistent — discarded on page load.","Reviewer / translation consultant","Validate/unvalidate: reviewer(300)","https://docs.aquilla.app/media/ai-autodraft-cell/ai-autodraft-cell.mp4","00:00","recorded"
"ACAC-27","AI Completion, Agent & Chat","AI-completion acknowledgement dialog","As the system, I want the user to explicitly acknowledge that batch AI completions will be attributed to their account, so that AI contributions are transparent.","Before running 'Translate all' (batch completion), a ConfirmActionDialog appears with: title 'Run completions', description 'Generate translations for the next N untranslated cells...', unchecked checkbox 'I understand this change will be attributed to my account', Cancel button, and disabled 'Run AI completions' button. Only after checking the box does the button enable. Clicking 'Run' dismisses dialog and starts batch. Clicking Cancel closes without action.","e2e/specs/editor/ai-completion-dialog.smoke.spec.ts; src/components/ConfirmActionDialog.tsx","none","Implemented","Untested","","Spec covers the dialog opening and checkbox gating. Dialog is part of the workspace action confirmation flow (also used for other risky actions). Checkbox requirement is UX gating only (server trusts JWT author).","Translator (contributor)","Apply AI proposal target.cell.commit: contributor(400); cell.validate proposal: reviewer(300)","https://docs.aquilla.app/media/ai-autodraft-cell/ai-autodraft-cell.mp4","00:00","recorded"
"SP-01","Settings & Preferences","Rename organization","As an org manager/maintainer, I want to rename my organization, so that the org name reflects its current identity.","User clicks 'Rename' button (only visible if role level >= 600/Maintainer) → text input appears with current name pre-filled → user edits and clicks 'Save' → API call to renameOrg fires → on success, the org name updates and edit mode closes. Validation: disabled save button if name is empty after trim.","src/pages/Settings.tsx:36-177; src/lib/frontier/orgs (renameOrg function)","e2e/specs/orgs/org-settings-rename.smoke.spec.ts","Implemented","Untested","","Role-gated to Maintainer (600+); server enforces via auth-worker","Owner / org admin (org+project settings) · any user (personal prefs)","Personal prefs (theme, shortcuts, profile): any user; project/org settings: maintainer/owner(≥600)","https://docs.aquilla.app/media/project-settings/project-settings.mp4","00:00","recorded"
"SP-02","Settings & Preferences","View organization statistics","As an org member, I want to see at-a-glance stats about my org, so that I can quickly understand the org's size.","On /settings page, display two cards: one showing member count (from useOrgMembers), one showing project count (fetched from getPortfolio). Both values update on page load. Shows '—' for project count while loading or on fetch error.","src/pages/Settings.tsx:42-51; src/pages/Settings.tsx:183-192","e2e/specs/orgs/org-settings.smoke.spec.ts","Implemented","Untested","","Member and project counts fetch concurrently. Project count is nullable (shows '—' on error).","Owner / org admin (org+project settings) · any user (personal prefs)","Personal prefs (theme, shortcuts, profile): any user; project/org settings: maintainer/owner(≥600)","https://docs.aquilla.app/media/project-settings/project-settings.mp4","00:00","recorded"
"SP-03","Settings & Preferences","Set export permissions floor (org-level)","As an org owner, I want to set a minimum role required to export project deliverables (USFM, zip), so that I can control who can download project outputs.","Owner-only dropdown selector (disabled for non-owners, shows tooltip 'Only org owners can change the export permission policy') lets user choose export floor from {Viewer(100), Contributor(400), Project Lead(500), Maintainer(600, default), Owner(700)}. On change, fires patchOrgSettings with {exportMinRole: newLevel}. Shows 'Saved' on success, error message on 409 or 403, clears message after 2.5s. Server-side enforcement in auth-worker.","src/pages/Settings.tsx:54-101; src/pages/Settings.tsx:193-237","none","Implemented","Untested","","AQU-253; owner-only; applies to server-rendered exports only (TSV/CSV are client-side and cannot be fully gated here)","Owner / org admin (org+project settings) · any user (personal prefs)","Personal prefs (theme, shortcuts, profile): any user; project/org settings: maintainer/owner(≥600)","https://docs.aquilla.app/media/project-settings/project-settings.mp4","00:13","recorded"
"SP-04","Settings & Preferences","Sidebar tab layout preference","As a translator, I want to choose whether the editor sidebar tabs (Files, Chat, Search) appear as a vertical left rail or horizontal top bar, so that I can optimize my workspace layout.","On /preferences page under 'Workspace' section, toggle buttons 'Left rail' vs 'Top bar' persist choice via useDockRailPosition hook. Selection updates immediately on click (no save needed, stored locally).","src/pages/Preferences.tsx:27-30; src/pages/Preferences.tsx:139-165; src/hooks/useDockRailPosition","none","Implemented","Untested","","Device-scoped preference, stored in localStorage. No server sync.","Owner / org admin (org+project settings) · any user (personal prefs)","Personal prefs (theme, shortcuts, profile): any user; project/org settings: maintainer/owner(≥600)","https://docs.aquilla.app/media/project-settings/project-settings.mp4","00:00","recorded"
"SP-05","Settings & Preferences","Share usage data (analytics consent)","As a translator, I want to control whether my app usage events (project creation, exports, AI translations) are sent to the analytics backend, so that I can protect my privacy.","On /preferences under 'Privacy' section, a switch toggle labeled 'Share usage data' allows user to opt in/out. When disabled, shows warning: 'With analytics disabled, we may not be able to help diagnose problems you encounter.' State persists via useAnalyticsConsent hook.","src/pages/Preferences.tsx:107-197; src/hooks/useAnalyticsConsent","e2e/specs/orgs/preferences-analytics-toggle.smoke.spec.ts, preferences-analytics-disabled-warning.smoke.spec.ts","Implemented","Untested","","Device-scoped, localStorage-backed. Warning only shows when disabled.","Owner / org admin (org+project settings) · any user (personal prefs)","Personal prefs (theme, shortcuts, profile): any user; project/org settings: maintainer/owner(≥600)","https://docs.aquilla.app/media/settings-org/settings-org.mp4","00:13","recorded"
"SP-06","Settings & Preferences","Edit translator profile","As a translator, I want to add personal context (age, gender, education, experience, location, etc.) to my profile, so that the AI can tailor summaries and responses to my background.","On /preferences under 'Translator profile' section, text input fields for: responseLanguage, age, gender, educationLevel, religiousBackground, translationExperience, geographicalSetting. Also a textarea for 'otherInfo'. Each field persists immediately via setTranslatorProfile (no explicit save button). Changes are stored device-locally and sent to AI for context. All fields optional.","src/pages/Preferences.tsx:32-104; src/lib/translator-profile (getTranslatorProfile, setTranslatorProfile)","none","Implemented","Untested","","Device-scoped, localStorage-backed. Auto-saves on every keystroke. Profile sent to AI on every summary/chat request.","Any user (personal preference)","Any authenticated user — scoped to own account","https://docs.aquilla.app/media/project-settings/project-settings.mp4","00:00","recorded"
"SP-07","Settings & Preferences","View personal usage statistics","As a user, I want to see my audio generation minutes and AI request count (today and 7-day history), so that I can understand my resource consumption.","On /preferences under 'Usage' section, shows: audio generated today (formatted as 'X min Y s' or 'Z s'), AI requests today (ttsRequests + llmRequests). If data available, also shows 7-day audio history as a bar chart. Fetches from getMyUsage(jwt) on mount. Swallows fetch errors silently (no error state shown). Shows 'Loading…' while fetching, 'No usage recorded yet.' if empty.","src/components/settings/UsageSection.tsx:1-136; src/lib/sync/usage (getMyUsage)","none","Implemented","Untested","","Cloud-project only (requires JWT). No pricing shown. Hides gracefully on offline or error.","Any user (personal preference)","Any authenticated user — scoped to own account","https://docs.aquilla.app/media/project-settings/project-settings.mp4","00:00","recorded"
"SP-08","Settings & Preferences","Configure personal AI provider override","As an advanced user, I want to set a device-scoped AI provider endpoint that overrides all per-project settings, so that I can test custom LLM endpoints without changing every project.","On /preferences under 'AI provider (advanced)', collapsible disclosure. When expanded: endpoint URL (required), model (optional), API key (optional, password input) fields. 'Save override' button (enabled if endpoint.trim() is non-empty). On click, persists to localStorage via setUserProviderOverride. Shows 'Saved' confirmation for 2.5s. When active, shows 'Active — your projects use this endpoint on this device.' If override exists, 'Remove override' button appears to clear it via clearUserProviderOverride.","src/components/settings/PersonalProviderSection.tsx:1-160; src/lib/store/user-provider-override","e2e/specs/orgs/preferences-ai-provider.smoke.spec.ts, preferences-ai-provider-expand.smoke.spec.ts, preferences-ai-provider-save.smoke.spec.ts","Implemented","Untested","","Device-scoped, localStorage-backed. Never synced to server. Beats per-project and Frontier defaults when set.","Any user (personal preference)","Any authenticated user — scoped to own account","https://docs.aquilla.app/media/project-settings/project-settings.mp4","00:00","recorded"
"SP-09","Settings & Preferences","Download/manage local AI models (Whisper, Kokoro, MMS)","As a translator working offline, I want to download and manage local AI model weights (transcription, TTS) on my device, so that I can use AI features without internet connectivity.","On /preferences under 'Local AI models' section, displays three models: Whisper (140 MB), Kokoro (80 MB), MMS (130 MB). For each: status badge (Downloaded, Downloading, Failed, or size + 'not downloaded'), action button (Download / Re-download for ready, Retry for error, Downloading… with spinner). Progress bar during download showing % complete. On download success, model cache is populated (shared across all projects). Users can 'Clear' model to free disk (also clears stored consent flag). Error message if download fails.","src/components/ProjectSettings/LocalModelsSection.tsx:1-199; src/lib/audio/prefetch (prefetchAiModels, useModelStatus)","none","Implemented","Untested","","Browser Cache Storage, shared across all projects on device. Whisper transcribes audio; Kokoro is English TTS; MMS is multilingual TTS.","Owner / org admin (org+project settings) · any user (personal prefs)","Personal prefs (theme, shortcuts, profile): any user; project/org settings: maintainer/owner(≥600)","https://docs.aquilla.app/media/project-settings/project-settings.mp4","00:00","recorded"
"SP-10","Settings & Preferences","Edit project name","As a translator, I want to rename my project, so that the name reflects the translation work's current status or purpose.","On /project/:id/settings, 'Project Info' section, text input id='pname' pre-filled with current name. User edits → isDirty flag triggers 'Save changes' button. On click, handleSave() writes to IDB via updateProject. On success, baseline is re-seeded and page navigates to /project/:id. Unsaved changes trigger beforeunload warning.","src/components/ProjectSettings.tsx:244-252; src/components/ProjectSettings.tsx:469-623; src/components/ProjectSettings.tsx:780-809","e2e/specs/projects/project-settings.smoke.spec.ts","Implemented","Untested","","IDB-local only; does not sync to server. Last-edited metadata (updatedBy, updatedAt) shown but read-only.","Owner / org admin (org+project settings) · any user (personal prefs)","Personal prefs (theme, shortcuts, profile): any user; project/org settings: maintainer/owner(≥600)","https://docs.aquilla.app/media/project-settings/project-settings.mp4","00:00","recorded"
"SP-11","Settings & Preferences","Edit project source and target languages","As a project manager, I want to configure the source and target languages for a project, so that the AI and validators know what language pair they're working with.","On /project/:id/settings, 'Project Info' section, two text inputs for sourceLanguage and targetLanguage. Both are server-synced (shared field, requires Maintainer 600+). Disabled if canEditShared=false (offline or insufficient role). Shows tooltip 'Maintainer or higher can edit shared settings.' Changes queued in local form state; on Save, fires patchShared with {sourceLanguage, targetLanguage}. On 409 conflict, surfaces error and revert flow.","src/components/ProjectSettings.tsx:794-806; src/components/ProjectSettings.tsx:519-521","none","Implemented","Untested","","Shared/server-synced field. Role-gated to Maintainer (600+). Conflict detection on concurrent edits.","Owner / org admin (org+project settings) · any user (personal prefs)","Personal prefs (theme, shortcuts, profile): any user; project/org settings: maintainer/owner(≥600)","https://docs.aquilla.app/media/project-settings/project-settings.mp4","00:00","recorded"
"SP-12","Settings & Preferences","Set username/author name","As a translator, I want to set a username that appears as the author in translation history, so that others can see who made each edit.","On /project/:id/settings, 'User' section, text input id='un' for username (defaults to 'local'). User edits value. On Save, written to IDB (local only, no server sync). Placeholder text shows 'local'. Help text: 'Used as author name in translation history.'","src/components/ProjectSettings.tsx:246-248; src/components/ProjectSettings.tsx:812-821","e2e/specs/projects/project-settings-user-section.smoke.spec.ts","Implemented","Untested","","IDB-local only; does not sync to server. Defaults to 'local'.","Owner / org admin (org+project settings) · any user (personal prefs)","Personal prefs (theme, shortcuts, profile): any user; project/org settings: maintainer/owner(≥600)","https://docs.aquilla.app/media/project-settings/project-settings.mp4","00:00","recorded"
"SP-13","Settings & Preferences","Configure AI system prompt","As a project manager, I want to provide custom instructions to the AI (e.g., 'Translate this Bible text in a formal register'), so that AI completions match the translation project's style and tone.","On /project/:id/settings, 'AI Instructions' section, textarea id='sp' showing DEFAULT_SYSTEM_PROMPT as placeholder. User can edit. Server-synced (requires Maintainer 600+). Disabled if canEditShared=false. Supports placeholders {sourceLanguage} and {targetLanguage}. On Save, fires patchShared with {systemPrompt}. Help text explains purpose.","src/components/ProjectSettings.tsx:255; src/components/ProjectSettings.tsx:522; src/components/ProjectSettings.tsx:823-847; src/lib/completion/completion-service (DEFAULT_SYSTEM_PROMPT)","e2e/specs/projects/project-settings-ai-instructions.smoke.spec.ts","Implemented","Untested","","Shared/server-synced field. Supports {sourceLanguage} and {targetLanguage} placeholders.","Owner / org admin (org+project settings) · any user (personal prefs)","Personal prefs (theme, shortcuts, profile): any user; project/org settings: maintainer/owner(≥600)","https://docs.aquilla.app/media/project-settings/project-settings.mp4","00:06","recorded"
"SP-14","Settings & Preferences","Set reference example count (top_k)","As a project manager, I want to control how many reference examples the AI retrieves per translation, so that I can balance quality vs. latency.","On /project/:id/settings, 'AI Instructions' section, number input id='top-k' (min=1, max=20, default=5). Clamped on input change. Help text: 'How many reference examples the AI retrieves per translation (1–20). Default: 5.' On Save, fires patchShared with {top_k: value}.","src/components/ProjectSettings.tsx:257; src/components/ProjectSettings.tsx:482; src/components/ProjectSettings.tsx:849-863","none","Implemented","Untested","","Shared field. Clamped to 1-20. Renamed from 'top_k' in form display but uses 'top_k' in schema.","Owner / org admin (org+project settings) · any user (personal prefs)","Personal prefs (theme, shortcuts, profile): any user; project/org settings: maintainer/owner(≥600)","https://docs.aquilla.app/media/project-settings/project-settings.mp4","00:00","recorded"
"SP-15","Settings & Preferences","Set context window size","As a project manager, I want to choose how much surrounding passage context the AI sees (tight, paragraph, chapter), so that AI completions reflect the right semantic scope.","On /project/:id/settings, 'AI Instructions' section, select dropdown id='context-size' with options: 'Small — tight window' (small), 'Medium — paragraph (default)' (medium), 'Large — chapter' (large). On change, updates form state. On Save, fires patchShared with {contextSize: value}.","src/components/ProjectSettings.tsx:258; src/components/ProjectSettings.tsx:483; src/components/ProjectSettings.tsx:865-890","e2e/specs/projects/project-settings-context-controls.smoke.spec.ts","Implemented","Untested","","Shared field. Options are 'small', 'medium', 'large'. Default is 'medium'.","Owner / org admin (org+project settings) · any user (personal prefs)","Personal prefs (theme, shortcuts, profile): any user; project/org settings: maintainer/owner(≥600)","https://docs.aquilla.app/media/project-settings/project-settings.mp4","00:00","recorded"
"SP-16","Settings & Preferences","Set assistant chat language","As a translator, I want to specify the language the AI assistant uses in chat responses, so that responses are in my preferred language (independent of project language or UI locale).","On /project/:id/settings, 'AI Instructions' section, text input id='main-chat-language' (e.g., 'English', 'Français', 'Español'). Placeholder shows examples. On Save, fires patchShared with {main_chat_language: value || undefined}.","src/components/ProjectSettings.tsx:261; src/components/ProjectSettings.tsx:486; src/components/ProjectSettings.tsx:892-903","e2e/specs/projects/project-settings-assistant-language.smoke.spec.ts","Implemented","Untested","","Shared field. Optional; independent of UI locale and project languages.","Owner / org admin (org+project settings) · any user (personal prefs)","Personal prefs (theme, shortcuts, profile): any user; project/org settings: maintainer/owner(≥600)","https://docs.aquilla.app/media/project-settings/project-settings.mp4","00:00","recorded"
"SP-17","Settings & Preferences","Toggle validated-examples-only mode","As a project manager, I want to restrict AI reference examples to only human-validated cells, so that AI completions are based on high-confidence translations.","On /project/:id/settings, 'AI Instructions' section, checkbox id='validated-only' with label 'Validated examples only'. When checked, only validated cells are used as examples; unvalidated results excluded. On Save, fires patchShared with {useOnlyValidatedExamples: checked}.","src/components/ProjectSettings.tsx:259; src/components/ProjectSettings.tsx:484; src/components/ProjectSettings.tsx:905-918","none","Implemented","Untested","","Shared field. Useful when project has many unvalidated cells but wants high-confidence examples.","Reviewer / translation consultant","Validate/unvalidate: reviewer(300)","https://docs.aquilla.app/media/project-settings/project-settings.mp4","00:00","recorded"
"SP-18","Settings & Preferences","Choose reference example format","As a project manager, I want to choose whether AI examples show both source and target or target-only, so that I can control the AI's conditioning data.","On /project/:id/settings, 'AI Instructions' section, select id='few-shot-example-format' with options: 'Source + target (default)' or 'Target only'. Target-only is useful when source alignment is unavailable or undesirable; model is told these are reference translations to imitate. On Save, fires patchShared with {fewShotExampleFormat: value}.","src/components/ProjectSettings.tsx:260; src/components/ProjectSettings.tsx:485; src/components/ProjectSettings.tsx:920-943","none","Implemented","Untested","","Shared field. Useful when source-target alignment is missing or unreliable.","Owner / org admin (org+project settings) · any user (personal prefs)","Personal prefs (theme, shortcuts, profile): any user; project/org settings: maintainer/owner(≥600)","https://docs.aquilla.app/media/project-settings/project-settings.mp4","00:00","recorded"
"SP-19","Settings & Preferences","Configure preceding target cells for drafting","As a project manager, I want to set how many preceding committed target cells are included as draft context, so that the AI's paragraph drafting reflects local discourse coherence.","On /project/:id/settings, 'Draft Context' section, number input id='preceding-target-cells' (min=0, max=10, default from DEFAULT_DRAFT_CONTEXT). Clamped on input. Help text: 'How many immediately preceding committed target cells to include as discourse left-context when drafting. 0 disables preceding-context. Default: [value].' On Save, fires patchShared with {draftContext: {precedingTargetCells: value}}.","src/components/ProjectSettings.tsx:274; src/components/ProjectSettings.tsx:534-536; src/components/ProjectSettings.tsx:949-978","e2e/specs/projects/project-settings-context-controls.smoke.spec.ts","Implemented","Untested","","Shared field. Clamped to 0-10. Used for paragraph-level drafting to preserve discourse coherence.","Owner / org admin (org+project settings) · any user (personal prefs)","Personal prefs (theme, shortcuts, profile): any user; project/org settings: maintainer/owner(≥600)","https://docs.aquilla.app/media/project-settings/project-settings.mp4","00:06","recorded"
"SP-20","Settings & Preferences","Switch AI provider (Frontier vs. Custom endpoint)","As a translator, I want to switch between Frontier's managed AI and my own OpenAI-compatible endpoint, so that I can choose between convenience and control.","On /project/:id/settings, 'Advanced LLM settings' details/summary section, radio group for 'Frontier' (default, no config needed) or 'Custom endpoint' (requires URL, optional key/model). When Frontier selected, optional model-override input. When Custom selected, endpoint URL input + Connect button + optional API key field + model selector (if models returned) or manual input. On Save, fires patchShared with {provider: value}.","src/components/ProjectSettings.tsx:248; src/components/ProjectSettings.tsx:475; src/components/ProjectSettings.tsx:980-1143","e2e/specs/projects/project-settings-advanced-llm.smoke.spec.ts","Implemented","Untested","","Local (Frontier choice) and per-device (custom endpoint) persistence. User-scoped API keys not part of project record.","Owner / org admin (org+project settings) · any user (personal prefs)","Personal prefs (theme, shortcuts, profile): any user; project/org settings: maintainer/owner(≥600)","https://docs.aquilla.app/media/project-settings/project-settings.mp4","00:06","recorded"
"SP-21","Settings & Preferences","Connect to custom AI endpoint and fetch models","As a translator, I want to test connectivity to a custom LLM endpoint and discover available models, so that I can verify the endpoint works before committing settings.","On /project/:id/settings, 'Advanced LLM settings' section, 'Connect' button (enabled if endpoint URL is non-empty). On click: spinner appears, fetchModels(endpoint, apiKey) fires asynchronously. On success: shows CheckCircle badge 'Connected — N model(s)', populates model selector. On error: shows XCircle badge with error message. Retries automatically if endpoint/apiKey changes (debounced).","src/components/ProjectSettings.tsx:340-362; src/components/ProjectSettings.tsx:1037-1064; src/lib/completion/completion-service (fetchModels)","none","Implemented","Untested","","Debounced auto-retry (350ms) when provider=custom and endpoint/apiKey change. Last-fetched key tracks stale request suppression.","Owner / org admin (org+project settings) · any user (personal prefs)","Personal prefs (theme, shortcuts, profile): any user; project/org settings: maintainer/owner(≥600)","https://docs.aquilla.app/media/project-settings/project-settings.mp4","00:00","recorded"
"SP-22","Settings & Preferences","Set custom AI model ID","As a translator, I want to specify which AI model to use (e.g., 'gpt-4o', 'claude-3-sonnet'), so that I can choose the right model for my project's latency and quality needs.","On /project/:id/settings, 'Advanced LLM settings' section, model selector (if models list available after Connect) or manual text input id='mdl-manual' (if no models available or for custom provider without model discovery). User can select from dropdown or type manually. On Save, fires patchShared with {model: value}.","src/components/ProjectSettings.tsx:252; src/components/ProjectSettings.tsx:478; src/components/ProjectSettings.tsx:1077-1105","none","Implemented","Untested","","If endpoint discovery works, dropdown is shown; otherwise fallback to manual input.","Owner / org admin (org+project settings) · any user (personal prefs)","Personal prefs (theme, shortcuts, profile): any user; project/org settings: maintainer/owner(≥600)","https://docs.aquilla.app/media/project-settings/project-settings.mp4","00:00","recorded"
"SP-23","Settings & Preferences","Set API key for custom endpoint (project-scoped or user-scoped)","As a translator, I want to provide an API key for my custom LLM endpoint, so that the endpoint can authenticate my requests.","On /project/:id/settings, 'Advanced LLM settings' section, ApiKeyField component renders (only for custom provider). Two-tier input: projectKey (this project only) and userKey (device-scoped, all projects). User can enter in either field. Stored separately; effective key is projectKey || userKey. Help text: 'Sent as Authorization: Bearer <key>. Stored locally in your browser; never uploaded to Frontier.' On Save, projectKey written to project settings, userKey written to localStorage via setUserApiKey.","src/components/ProjectSettings.tsx:250; src/components/ProjectSettings.tsx:279; src/components/ProjectSettings.tsx:338; src/components/ProjectSettings.tsx:477; src/components/ProjectSettings.tsx:1065-1076; src/components/ApiKeyField (component)","e2e/specs/projects/project-settings-api-key-toggle.smoke.spec.ts","Implemented","Untested","","Two-tier: project-level (shared) + user-level (device-scoped). Never synced to server. Placeholder shows provider-specific key hint (e.g., 'sk-or-...' for OpenRouter).","Owner / org admin (org+project settings) · any user (personal prefs)","Personal prefs (theme, shortcuts, profile): any user; project/org settings: maintainer/owner(≥600)","https://docs.aquilla.app/media/project-settings/project-settings.mp4","00:00","recorded"
"SP-24","Settings & Preferences","Set max tokens for AI completions","As a project manager, I want to control the maximum number of tokens the AI generates per completion, so that I can cap response length and latency.","On /project/:id/settings, 'Advanced LLM settings' section, number input id='mt' for maxTokens. On Save, fires patchShared with {maxTokens: value}.","src/components/ProjectSettings.tsx:253; src/components/ProjectSettings.tsx:479; src/components/ProjectSettings.tsx:1125-1128","none","Implemented","Untested","","Default is 512. No max/min enforced in UI; backend may cap.","Owner / org admin (org+project settings) · any user (personal prefs)","Personal prefs (theme, shortcuts, profile): any user; project/org settings: maintainer/owner(≥600)","https://docs.aquilla.app/media/project-settings/project-settings.mp4","00:00","recorded"
"SP-25","Settings & Preferences","Set temperature for AI randomness","As a project manager, I want to adjust temperature (0–1) to control how creative/deterministic the AI is, so that translations are more or less varied.","On /project/:id/settings, 'Advanced LLM settings' section, range input (min=0, max=1, step=0.05) with label showing current value 'Temperature (X)'. On Save, fires patchShared with {temperature: value}.","src/components/ProjectSettings.tsx:254; src/components/ProjectSettings.tsx:480; src/components/ProjectSettings.tsx:1129-1132","none","Implemented","Untested","","Default is 0.3. Range slider for continuous 0–1 input.","Owner / org admin (org+project settings) · any user (personal prefs)","Personal prefs (theme, shortcuts, profile): any user; project/org settings: maintainer/owner(≥600)","https://docs.aquilla.app/media/project-settings/project-settings.mp4","00:00","recorded"
"SP-26","Settings & Preferences","Set LLM health penalty","As a project manager, I want to penalize AI translations in health calculations, so that I can reduce their weight vs. human translations.","On /project/:id/settings, 'Advanced LLM settings' section, range input (min=0, max=0.5, step=0.05) with label showing 'LLM Health Penalty (X%)'. Help text: 'LLM translations are penalized by this amount in health calculations. 0% = full trust, 50% = heavy penalty. Default: 10%.' On Save, fires patchShared with {llmHealthPenalty: value}.","src/components/ProjectSettings.tsx:256; src/components/ProjectSettings.tsx:481; src/components/ProjectSettings.tsx:1135-1141","none","Implemented","Untested","","Default is 0.1 (10%). Controls how much AI translations are discounted in health scoring.","Owner / org admin (org+project settings) · any user (personal prefs)","Personal prefs (theme, shortcuts, profile): any user; project/org settings: maintainer/owner(≥600)","https://docs.aquilla.app/media/project-settings/project-settings.mp4","00:00","recorded"
"SP-27","Settings & Preferences","Configure Gemini TTS API key","As a project manager, I want to provide a Gemini API key for text-to-speech, so that the AI can synthesize voice audio for the project.","On /project/:id/settings, 'Voice' section, ApiKeyField component for Gemini API key (separate from completion key). Two-tier: projectKey (project-scoped) and userKey (device-scoped). Help text: 'Used for Gemini-powered text-to-speech. Get a key at aistudio.google.com/apikey. Sent directly to Google; never uploaded to Frontier.' On Save, projectKey written to ttsSettings.apiKey (preserves voices/castAssignments), userKey written to localStorage.","src/components/ProjectSettings.tsx:283; src/components/ProjectSettings.tsx:1154-1162; src/components/ProjectSettings.tsx:512-515","none","Implemented","Untested","","Separate from completion API key. Two-tier storage (project + device). Sent directly to Google, not via Frontier.","Owner / org admin (org+project settings) · any user (personal prefs)","Personal prefs (theme, shortcuts, profile): any user; project/org settings: maintainer/owner(≥600)","https://docs.aquilla.app/media/project-settings/project-settings.mp4","00:00","recorded"
"SP-28","Settings & Preferences","Navigate to Voice Studio from settings","As a translator, I want to quickly navigate to the Voice Studio to manage voice library and cast assignments, so that I can configure voice settings for the project.","On /project/:id/settings, 'Voice' section, button 'Open Voice Studio'. On click, sets localStorage key `codex:editorLens:${id}` to 'audio' (so workspace opens in audio mode) and navigates to /project/:id. Note: requestNavigate checks isDirty and shows discard dialog if needed.","src/components/ProjectSettings.tsx:1167-1174","e2e/specs/projects/project-settings-voice-studio-link.smoke.spec.ts","Implemented","Untested","","Sets editor lens preference before navigation to load audio mode directly.","Owner / org admin (org+project settings) · any user (personal prefs)","Personal prefs (theme, shortcuts, profile): any user; project/org settings: maintainer/owner(≥600)","https://docs.aquilla.app/media/project-settings/project-settings.mp4","00:00","recorded"
"SP-29","Settings & Preferences","Set audio media loading strategy","As a translator working on a project with many recordings, I want to choose when audio is downloaded (lazy, eager, stream, manual), so that I can manage bandwidth and offline review.","On /project/:id/settings, 'Audio loading' section, four radio-like button options: 'Lazy' (download on-demand), 'Eager' (pre-download all), 'Stream' (continuous), 'Manual' (user-initiated). Each button shows name and description. On click, updates audioMediaStrategy. On Save, fires patchShared with {audioMediaStrategy: value}.","src/components/ProjectSettings.tsx:273; src/components/ProjectSettings.tsx:492; src/components/ProjectSettings/AudioMediaStrategySection.tsx:1-57","e2e/specs/projects/project-settings-audio-strategy.smoke.spec.ts","Implemented","Untested","","Shared field. Only affects future loads; existing recordings unaffected. Mirrors desktop codex-editor strategies.","Owner / org admin (org+project settings) · any user (personal prefs)","Personal prefs (theme, shortcuts, profile): any user; project/org settings: maintainer/owner(≥600)","https://docs.aquilla.app/media/project-settings/project-settings.mp4","00:00","recorded"
"SP-30","Settings & Preferences","Configure decay/staleness & health settings","As a project manager, I want to tune staleness detection and health scoring, so that the system correctly flags cells needing attention based on validated neighbors.","On /project/:id/settings, collapsible 'Staleness & health' details section. Shows: maxHops input (1–20, default 4) — 'Propagation radius from validated cells'; decayWarnThreshold input (0–1, step 0.01, default from DECAY_DEFAULTS) — 'Staleness above this threshold shows attention marker'. On Save, fires patchShared with {decaySettings: {maxHops, decayWarnThreshold}}.","src/components/ProjectSettings.tsx:272; src/components/ProjectSettings.tsx:491; src/components/ProjectSettings/DecaySettingsSection.tsx:1-86","e2e/specs/projects/project-settings-decay.smoke.spec.ts","Implemented","Untested","","AD-14 decay engine; 'endorsementTarget' field retired as of 2026-06-04. Confidence now derived on-read via example-retrieval graph.","Owner / org admin (org+project settings) · any user (personal prefs)","Personal prefs (theme, shortcuts, profile): any user; project/org settings: maintainer/owner(≥600)","https://docs.aquilla.app/media/project-settings/project-settings.mp4","00:00","recorded"
"SP-31","Settings & Preferences","Set validation count threshold (text)","As a project manager, I want to specify how many distinct validators a text cell needs to be marked as 'fully validated', so that I can control approval rigor.","On /project/:id/settings, 'Validation' section, number input id='validation-count' (min=1, max=15, clamped). Help text: 'Cells need this many distinct validators to count as fully validated.' On change, fires onChange with {validationCount: clamp(value)}. On Save, fires patchShared with {validationCount}.","src/components/ProjectSettings.tsx:264; src/components/ProjectSettings.tsx:523; src/components/ProjectSettings/ValidationSettingsSection.tsx:95-113","e2e/specs/projects/project-settings-validation.smoke.spec.ts, project-settings-validation-count.smoke.spec.ts","Implemented","Untested","","Shared field. Clamped to 1–15. Server enforcement deferred (SWARM-TODO).","Owner / org admin (org+project settings) · any user (personal prefs)","Personal prefs (theme, shortcuts, profile): any user; project/org settings: maintainer/owner(≥600)","https://docs.aquilla.app/media/project-settings/project-settings.mp4","00:00","recorded"
"SP-32","Settings & Preferences","Set validation count threshold (audio)","As a project manager, I want to set a separate validation threshold for audio translations, so that audio approval rigor can differ from text.","On /project/:id/settings, 'Validation' section, number input id='validation-count-audio' (min=1, max=15). Disabled if: disabled=true (shared role gate) OR !hasAnyAudioData (no audio in project yet). Help text: 'Applies to audio translations' or 'Enabled once audio translations exist.' On Save, fires patchShared with {validationCountAudio}.","src/components/ProjectSettings.tsx:265; src/components/ProjectSettings.tsx:524-526; src/components/ProjectSettings/ValidationSettingsSection.tsx:114-136","e2e/specs/projects/project-settings-validation.smoke.spec.ts","Implemented","Untested","","Shared field. Only relevant if project has audio data. Clamped 1–15.","Owner / org admin (org+project settings) · any user (personal prefs)","Personal prefs (theme, shortcuts, profile): any user; project/org settings: maintainer/owner(≥600)","https://docs.aquilla.app/media/project-settings/project-settings.mp4","00:00","recorded"
"SP-33","Settings & Preferences","Set minimum validator role","As a project manager, I want to restrict validation votes to users with a minimum role (reviewer, project lead, maintainer), so that I can control who can validate translations.","On /project/:id/settings, 'Validation' section, select id='validation-role-floor' with options: Reviewer (default), Project Lead, Maintainer. Disabled if shared role gate applies. On change, fires onChange with {validationRoleFloor: value}. On Save, fires patchShared with {validationRoleFloor}. Help text: 'Only users with at least this role can cast a validation vote.' Note: server enforcement deferred (SWARM-TODO).","src/components/ProjectSettings.tsx:266; src/components/ProjectSettings.tsx:527; src/components/ProjectSettings/ValidationSettingsSection.tsx:138-170","e2e/specs/projects/project-settings-validation.smoke.spec.ts","Partial","Untested","","Shared field. Client-side only; server enforcement deferred (SWARM-TODO in cell.validate branch).","Reviewer / translation consultant","Validate/unvalidate: reviewer(300)","https://docs.aquilla.app/media/project-settings/project-settings.mp4","00:00","recorded"
"SP-34","Settings & Preferences","Toggle allow self-validation","As a project manager, I want to control whether contributors can validate their own translations, so that I can enforce independent review if desired.","On /project/:id/settings, 'Validation' section, switch id='allow-self-validation' with label 'Allow self-validation'. When off, a contributor's vote on their own commit is ignored. Disabled if shared role gate applies. On change, fires onChange with {allowSelfValidation: checked}. On Save, fires patchShared with {allowSelfValidation}. Help text explains the behavior. Note: server enforcement deferred (SWARM-TODO).","src/components/ProjectSettings.tsx:268; src/components/ProjectSettings.tsx:531; src/components/ProjectSettings/ValidationSettingsSection.tsx:172-189","e2e/specs/projects/project-settings-validation.smoke.spec.ts","Partial","Untested","","Shared field. Default is true. Client-side only; server enforcement deferred (SWARM-TODO).","Reviewer / translation consultant","Validate/unvalidate: reviewer(300)","https://docs.aquilla.app/media/project-settings/project-settings.mp4","00:00","recorded"
"SP-35","Settings & Preferences","Configure named-user validator allowlist","As a project manager, I want to restrict validation votes to specific named users (AND'd with role floor), so that I can require pre-approved validators.","On /project/:id/settings, 'Validation' section, text input id='validation-named-users' with placeholder 'alice, bob, carol'. Accepts comma-separated usernames; parses and trims on input. Disabled if shared role gate applies. On Save, fires patchShared with {validationNamedUsers: [parsed array]}. Help text: 'Comma-separated usernames. When set, only these users' votes count toward the threshold (AND'd with the role floor). Leave empty to allow any sufficiently-privileged user.' Note: server enforcement + TypeAhead UX improvements deferred (SWARM-TODO).","src/components/ProjectSettings.tsx:267; src/components/ProjectSettings.tsx:528-530; src/components/ProjectSettings/ValidationSettingsSection.tsx:191-215","e2e/specs/projects/project-settings-named-validators.smoke.spec.ts","Partial","Untested","","Shared field. AND'd with role floor. Client-side parser; server enforcement deferred. Full TypeAhead blocked on component integration refactor.","Owner / org admin (org+project settings) · any user (personal prefs)","Personal prefs (theme, shortcuts, profile): any user; project/org settings: maintainer/owner(≥600)","https://docs.aquilla.app/media/project-settings/project-settings.mp4","00:00","recorded"
"SP-36","Settings & Preferences","Set harmonization minimum role","As a project manager, I want to set a minimum role (project lead or maintainer) for running harmonization sweeps, so that I can control who can use this advanced feature.","On /project/:id/settings, 'Harmonization' section (appears alongside validation), select id='harmonize-min-role' with options: 'Project Lead (default)' or 'Maintainer'. Disabled if shared role gate applies. Help text: 'Only users with at least this role can open a harmonization sweep on this project. The floor cannot be lowered below Project Lead (hard floor per spec).' On Save, fires patchShared with {harmonize_min_role: value}.","src/components/ProjectSettings.tsx:270; src/components/ProjectSettings.tsx:532; src/components/ProjectSettings.tsx:1236-1273","none","Implemented","Untested","","AQU-186; shared field. Hard floor at Project Lead (500); cannot be lowered further.","Owner / org admin (org+project settings) · any user (personal prefs)","Personal prefs (theme, shortcuts, profile): any user; project/org settings: maintainer/owner(≥600)","https://docs.aquilla.app/media/project-settings/project-settings.mp4","00:00","recorded"
"SP-37","Settings & Preferences","Toggle Bible resources availability","As a project manager, I want to enable scholarly Bible reference data for translators, so that they can access bibletranslation.org resources in Search and the agent.","On /project/:id/settings, 'Bible resources' section, switch id='bible-resources-enabled' with label 'Enable Bible resources'. Help text: 'Enable scholarly reference data from bibletranslation.org in Search and the agent.' Disabled if shared role gate applies. On change, fires onChange with {bibleResourcesEnabled: checked}. On Save, fires patchShared with {bibleResourcesEnabled}.","src/components/ProjectSettings.tsx:271; src/components/ProjectSettings.tsx:533; src/components/ProjectSettings.tsx:1314-1340","none","Implemented","Untested","","Shared field. Optional enhancement for Bible translation projects. Requires bibletranslation.org data source availability.","Owner / org admin (org+project settings) · any user (personal prefs)","Personal prefs (theme, shortcuts, profile): any user; project/org settings: maintainer/owner(≥600)","https://docs.aquilla.app/media/project-settings/project-settings.mp4","00:00","recorded"
"SP-38","Settings & Preferences","Navigate to Terminology Library","As a project manager, I want to access the Terminology Library to manage approved terms, renderings, and the project glossary, so that I can curate terminology standards.","On /project/:id/settings, 'Terminology Library' section, button 'Open Terminology Library'. On click, calls requestNavigate(`/project/${id}/terminology`). Note: requestNavigate checks isDirty and shows discard dialog if needed.","src/components/ProjectSettings.tsx:1341-1357","e2e/specs/projects/project-settings-terminology-link.smoke.spec.ts","Implemented","Untested","","Navigation link; no settings edited here. Uses requestNavigate to handle unsaved changes.","Owner / org admin (org+project settings) · any user (personal prefs)","Personal prefs (theme, shortcuts, profile): any user; project/org settings: maintainer/owner(≥600)","https://docs.aquilla.app/media/project-settings/project-settings.mp4","00:00","recorded"
"SP-39","Settings & Preferences","Detach project from upstream source","As a project lead, I want to sever the live link to an upstream source project and snapshot current cells, so that the project becomes independent.","On /project/:id/settings, 'Source link' section (only visible if sourceProjectId is non-null), shows upstream project ID. Destructive action: 'Detach from source' button (only if roleLevel >= 500/project_lead, shows tooltip otherwise). On click, opens confirmation dialog requiring user to type 'DETACH'. On confirm: POST /api/v2/projects/:id/detach-source fires → server emits project.link-source(null) + bursts source.cell.commit snapshots → on success, dialog closes, section removed (onDetached callback refreshes project record). Shows error if 403/4xx.","src/components/ProjectSettings.tsx:772-779; src/components/ProjectSettings/SourceLinkSection.tsx:1-203","none","Implemented","Untested","","AD-9; irreversible. Role-gated to Project Lead (500+). Confirmation required (typed word DETACH). Stale-source markers clear naturally after snapshot.","Owner / org admin (org+project settings) · any user (personal prefs)","Personal prefs (theme, shortcuts, profile): any user; project/org settings: maintainer/owner(≥600)","https://docs.aquilla.app/media/project-settings/project-settings.mp4","00:00","recorded"
"SP-40","Settings & Preferences","Configure auto-sync for Git projects","As a translator working with a Git-backed project, I want to enable automatic periodic syncing to the upstream Git repo, so that changes are backed up without manual intervention.","On /project/:id/settings, 'Git Sync' section (only visible if project.origin.kind === 'git'), shows clone URL and branch. Checkbox id='auto-sync' 'Auto-sync every' [number input for minutes (1–60)] 'minutes (only when there are changes)'. On change, updates form state. On Save, writes syncSettings.autoSync to IDB. Help text: 'Interval is floored at 1 minute. Sync will only push when there are local changes.'","src/components/ProjectSettings.tsx:262-263; src/components/ProjectSettings.tsx:495-501; src/components/ProjectSettings.tsx:1284-1313","none","Implemented","Untested","","Git-backed projects only. IDB-local (not server-synced). Floored to 1 minute minimum.","Owner / org admin (org+project settings) · any user (personal prefs)","Personal prefs (theme, shortcuts, profile): any user; project/org settings: maintainer/owner(≥600)","https://docs.aquilla.app/media/project-settings/project-settings.mp4","00:00","recorded"
"SP-41","Settings & Preferences","View AI post-edit metrics (NED)","As a project manager, I want to see how much humans edit AI-generated drafts (post-edit magnitude), so that I can evaluate AI quality and translator effort.","On /project/:id/settings, 'AI Post-Edit Magnitude' section (only for cloud projects with metrics data). Shows: overall avg NED (%) + 'effort level' badge (minimal/light/moderate/heavy/complete rewrite) + total edit pair count. Weekly trend bar chart (avg NED per week + edit count pill). By-user table (click row to filter trend chart). NED = normalized Levenshtein distance (0%=accepted unchanged, 100%=completely rewritten). Handles: loading state (skeleton), no-data state, error state, no-cloud state. Refresh button to revalidate.","src/components/ProjectSettings.tsx:209-227; src/components/metrics/PostEditMetricsSection.tsx:1-332; src/lib/metrics/use-post-edit-metrics","none","Implemented","Untested","","AQU-311; cloud-project only. Derives from event log; no server writes. Character-level NED (not word-level TER). Requires AQU-292 ai_suggestion=true on commit event.","Owner / org admin (org+project settings) · any user (personal prefs)","Personal prefs (theme, shortcuts, profile): any user; project/org settings: maintainer/owner(≥600)","https://docs.aquilla.app/media/project-settings/project-settings.mp4","00:00","recorded"
"SP-42","Settings & Preferences","Publish project termbase to org (Termbase Sharing)","As a project maintainer, I want to publish my project's termbase to the org so other projects can subscribe to it, so that terminology is shared across the organization.","On /project/:id/settings, 'Term Base Sharing' section (HIDDEN as of 2026-06-11; requires SHOW_TERMBASE_SHARING_IN_SETTINGS=true). Switch to toggle publish state. On enable: POST /publish → sets published=true. On disable: POST /unpublish → sets published=false. Disabled if roleLevel < 600 (maintainer) or !orgId (not org-owned). Shows list of other published termbases in org available to subscribe to.","src/components/ProjectSettings.tsx:78; src/components/ProjectSettings/TermbaseSharingSection.tsx:59-156","e2e/specs/projects/project-settings-termbase-sharing.smoke.spec.ts, project-settings-termbase-publish-toggle.smoke.spec.ts (skipped)","Implemented","Untested","","HIDDEN from UI as of 2026-06-11. Maintainer+ (600) and org-owned required. Feature flag SHOW_TERMBASE_SHARING_IN_SETTINGS=false.","Owner / org admin (org+project settings) · any user (personal prefs)","Personal prefs (theme, shortcuts, profile): any user; project/org settings: maintainer/owner(≥600)","https://docs.aquilla.app/media/project-settings/project-settings.mp4","00:00","recorded"
"SP-43","Settings & Preferences","Subscribe to published termbases in org","As a project maintainer, I want to subscribe to other published termbases in my org and reorder their priority, so that concepts from those termbases are enforced in my project.","On /project/:id/settings, 'Term Base Sharing' section (HIDDEN), list of subscribed termbases with drag-to-reorder (index 0 = highest precedence) and unsubscribe buttons. Unsubscribe fires POST /unsubscribe. Drag reorders locally (optimistic) then fires POST /reorder. Available termbases (published in org, not this project, not already subscribed) shown in a separate dropdown to subscribe. Disabled if roleLevel < 600 or !orgId.","src/components/ProjectSettings/TermbaseSharingSection.tsx:125-193","e2e/specs/projects/termbase-subscribe-unsubscribe.smoke.spec.ts (skipped)","Implemented","Untested","","HIDDEN from UI. Drag-to-reorder persists via POST /reorder. Subscribed concepts feed enforcement via useSubscribedConcepts → useRules.","Owner / org admin (org+project settings) · any user (personal prefs)","Personal prefs (theme, shortcuts, profile): any user; project/org settings: maintainer/owner(≥600)","https://docs.aquilla.app/media/project-settings/project-settings.mp4","00:00","recorded"
"SP-44","Settings & Preferences","Discard unsaved project settings changes","As a translator, I want to discard my unsaved changes and exit settings without saving, so that I can abandon accidental edits.","On /project/:id/settings, if isDirty, clicking 'Close without saving' (or back button with pending nav) opens confirmation dialog 'Discard changes?' with 'Keep editing' / 'Discard' buttons. On Discard: handleDiscardConfirm resets form to baseline via applyBaseline, closes dialog, navigates to target (default /project/:id). On Keep: handleDiscardCancel closes dialog without navigating. Also on browser back/reload with isDirty, beforeunload warning: 'Unsaved changes'.","src/components/ProjectSettings.tsx:408-436; src/components/ProjectSettings.tsx:625-636; src/components/ProjectSettings.tsx:1379-1392","e2e/specs/projects/project-settings-discard-unsaved.smoke.spec.ts","Implemented","Untested","","Unsaved changes tracked via isDirty. beforeunload warns on browser exit. Discard dialog requires confirmation.","Owner / org admin (org+project settings) · any user (personal prefs)","Personal prefs (theme, shortcuts, profile): any user; project/org settings: maintainer/owner(≥600)","https://docs.aquilla.app/media/project-settings/project-settings.mp4","00:00","recorded"
"SP-45","Settings & Preferences","Search and filter settings sections by keyword","As a translator in a project with many settings, I want to search settings by keyword or section name, so that I can quickly find the setting I need.","On /project/:id/settings, SettingsNav component renders search input with Search icon. User types query → filters ALL_SECTIONS.visible sections to those matching label or keywords (case-insensitive substring match). Filtered sections displayed in nav sidebar (desktop) or modal search (mobile). Clicking a section link scrolls to its anchor id. Mobile nav shows search inline when rail is hidden (lg:hidden breakpoint).","src/components/ProjectSettings.tsx:662-674; src/components/ProjectSettings/SettingsNav.tsx:1-88","e2e/specs/projects/project-settings-nav-search.smoke.spec.ts","Implemented","Untested","","Keywords per section (e.g., 'decay' matches 'Decay' section). Case-insensitive substring matching. Responsive: sidebar on desktop, modal on mobile.","Owner / org admin (org+project settings) · any user (personal prefs)","Personal prefs (theme, shortcuts, profile): any user; project/org settings: maintainer/owner(≥600)","https://docs.aquilla.app/media/project-settings/project-settings.mp4","00:00","recorded"
"SP-46","Settings & Preferences","Navigate to settings section by clicking nav link","As a translator, I want to click a section in the settings sidebar to jump directly to it, so that I can navigate quickly through a long settings page.","On /project/:id/settings, SettingsNav buttons each correspond to a visibleSection. On click, calls scrollTo(id) which smoothly scrolls to document.getElementById(id), offsetting by header height (64px). Scroll spy hook useScrollSpy tracks which section is nearest the top (OFFSET=80px) and highlights corresponding nav button.","src/components/ProjectSettings/SettingsNav.tsx:24-87","e2e/specs/projects/project-settings-nav-link-click.smoke.spec.ts","Implemented","Untested","","Smooth scroll behavior. Scroll spy tracks active section. Responsive: nav sidebar hidden on screens < lg breakpoint.","Owner / org admin (org+project settings) · any user (personal prefs)","Personal prefs (theme, shortcuts, profile): any user; project/org settings: maintainer/owner(≥600)","https://docs.aquilla.app/media/project-settings/project-settings.mp4","00:00","recorded"
"SP-47","Settings & Preferences","Detect and surface concurrent settings edits (conflict detection)","As a translator, I want to be notified if someone else edits shared settings while I'm editing, so that I don't accidentally overwrite their changes.","On /project/:id/settings, patchShared can return kind='conflict' if server returns 409. On conflict: show alert 'Settings changed elsewhere — refresh to reapply.' with dismissible ✕. User must refresh page to re-sync. conflictBy tracks who changed settings; a toast notification appears: 'Synced settings update from [username].' Can be dismissed. Conflict state stored via useProjectSettings hook.","src/components/ProjectSettings.tsx:185-190; src/components/ProjectSettings.tsx:540-544; src/components/ProjectSettings.tsx:756-771; src/components/ProjectSettings.tsx:1394-1401","none","Implemented","Untested","","Gap: e2e spec for concurrent edit detection requires two writers on same settings page simultaneously (not yet automated).","Owner / org admin (org+project settings) · any user (personal prefs)","Personal prefs (theme, shortcuts, profile): any user; project/org settings: maintainer/owner(≥600)","https://docs.aquilla.app/media/project-settings/project-settings.mp4","00:00","recorded"
"SP-48","Settings & Preferences","Persist changes via deferred save orchestration","As a translator, I want my settings to be saved correctly even if some fields are local and others sync to the server, so that I can have a consistent experience.","On /project/:id/settings, clicking 'Save changes' triggers handleSave: (1) local IDB writes first (cheap, idempotent), (2) then shared/server PATCH (only one that can 409). If PATCH fails, local writes remain (not source of truth for shared fields anyway). On success, re-baseline from form state (reading IDB was racy due to fire-and-forget). Unsaved-changes bar shows 'Unsaved changes' until save completes; saveError shown on failure.","src/components/ProjectSettings.tsx:469-623; src/components/ProjectSettings.tsx:681-729","none","Implemented","Untested","","Order matters: local writes first, then server PATCH. PATCH failure leaves local unchanged. Re-baseline from form state, not IDB (avoids racy read).","Owner / org admin (org+project settings) · any user (personal prefs)","Personal prefs (theme, shortcuts, profile): any user; project/org settings: maintainer/owner(≥600)","https://docs.aquilla.app/media/project-settings/project-settings.mp4","00:00","recorded"
"SP-49","Settings & Preferences","Show settings modification metadata","As a project member, I want to see who last edited the shared project settings and when, so that I know the currency and owner of the settings.","On /project/:id/settings, 'Project Info' section, beneath the project name input, shows optional metadata line (only if sharedUpdatedBy, sharedUpdatedAt, and sharedVersion > 0): 'Last edited by [username] · [date]' (formatted as 'Mon DD, YYYY').","src/components/ProjectSettings.tsx:788-793","none","Implemented","Untested","","Metadata read-only. Derived from useProjectSettings hook (sharedUpdatedBy, sharedUpdatedAt, sharedVersion). Only shown when all three are present and version > 0.","Owner / org admin (org+project settings) · any user (personal prefs)","Personal prefs (theme, shortcuts, profile): any user; project/org settings: maintainer/owner(≥600)","https://docs.aquilla.app/media/project-settings/project-settings.mp4","00:00","recorded"
"SP-50","Settings & Preferences","Show 'More save options' menu","As a translator, I want a quick way to close the settings without saving, so that I can abandon edits and return to the editor.","On /project/:id/settings header, when isDirty, 'Save changes' button appears with dropdown menu (ChevronDown). Menu shows 'Close without saving' option. On click, opens discard-changes dialog.","src/components/ProjectSettings.tsx:696-718","e2e/specs/projects/project-settings-more-save-options.smoke.spec.ts","Implemented","Untested","","Menu uses Base UI Menu component. Only visible when isDirty.","Owner / org admin (org+project settings) · any user (personal prefs)","Personal prefs (theme, shortcuts, profile): any user; project/org settings: maintainer/owner(≥600)","https://docs.aquilla.app/media/project-settings/project-settings.mp4","00:00","recorded"
"SI-01","Sharing & Invites","Generate single-project invite link","As a project owner, I want to generate a shareable invite link so that I can onboard collaborators who may not have Aquilla accounts.","User opens Share dialog → Invite link tab → role/email/expiry picker → clicks 'Create invite link' → receives a unique URL on success. User can copy the URL to clipboard via copy button. On error (permission/network), user sees error message.","src/components/SharePanel.tsx:170-367; src/lib/sync/invites.ts:79-115; e2e/specs/projects/share-invite-link.smoke.spec.ts","e2e/specs/projects/share-invite-link.smoke.spec.ts","Implemented","Untested","","Project lead+ role required. Capped at CONTRIBUTOR role. Uses server-signed JWT.","Project lead / owner","Manage members/invites: project_lead(500); role changes: maintainer/owner(≥600); link role capped at contributor(400)","https://docs.aquilla.app/media/sharing-invite-link/sharing-invite-link.mp4","00:00","recorded"
"SI-02","Sharing & Invites","Configure invite link role","As a project owner, I want to specify the role (viewer/commenter/reviewer/contributor) that a recipient will receive so that I can grant appropriate access levels.","User opens Invite link tab → Role dropdown (aria-label='Role') shows current selection → user clicks dropdown → selects role option → trigger updates to show new role. Default is CONTRIBUTOR (400).","src/components/SharePanel.tsx:257-279; src/lib/frontier/roles.ts (LINK_ROLE_OPTIONS)","e2e/specs/projects/share-invite-role-select.smoke.spec.ts","Implemented","Untested","","Roles capped at CONTRIBUTOR by server (LINK_ROLE_ALLOWED). Picker shows description of each role.","Project lead / owner","Manage members/invites: project_lead(500); role changes: maintainer/owner(≥600); link role capped at contributor(400)","https://docs.aquilla.app/media/sharing-invite-link/sharing-invite-link.mp4","00:06","recorded"
"SI-03","Sharing & Invites","Configure invite link expiry","As a project owner, I want to set when an invite link expires so that I can control the time window for joining.","User opens Invite link tab → Expiry dropdown (aria-label='Link expires') with options: 1 day, 7 days, 30 days (default), No expiry → user selects option → trigger shows new expiry. Null value means no expiry.","src/components/SharePanel.tsx:313-339; src/components/SharePanel.tsx:162-167 (EXPIRY_OPTIONS)","e2e/specs/projects/share-invite-expiry-select.smoke.spec.ts","Implemented","Untested","","Server default is 30 days. Expiry is stored as expiresAt ISO timestamp.","Project lead / owner","Manage members/invites: project_lead(500); role changes: maintainer/owner(≥600); link role capped at contributor(400)","https://docs.aquilla.app/media/sharing-invite-link/sharing-invite-link.mp4","00:00","recorded"
"SI-04","Sharing & Invites","Target invite to specific email","As a project owner, I want to send an invite to a specific email address so that the recipient can prefill their signup form and the invite is bound to their account.","User opens Invite link tab → enters email in 'Recipient email' input (optional) → regex validation triggers on blur or create attempt. If valid email entered, the join page prefills the signup form. If invalid email provided and user tries to create, error message shows: 'Enter a valid email address, or leave blank for an open link.' Valid: empty or RFC5322-pattern email.","src/components/SharePanel.tsx:286-312; src/components/SharePanel.tsx:187-190 (email regex)","e2e/specs/projects/share-invite-email-validation.smoke.spec.ts","Implemented","Untested","","Email is optional (open links supported). Server-side RFC validation also occurs. Email is echoed back in invite preview.","Project lead / owner","Manage members/invites: project_lead(500); role changes: maintainer/owner(≥600); link role capped at contributor(400)","https://docs.aquilla.app/media/sharing-invite-link/sharing-invite-link.mp4","00:00","recorded"
"SI-05","Sharing & Invites","Copy invite URL to clipboard","As a project owner, I want to copy the invite link to my clipboard so that I can paste it into email or messaging.","After generating invite link, user sees readonly input with URL. Copy button (title='Copy URL', Copy icon) appears. User clicks button → URL copied to clipboard → 'Copied!' confirmation text appears for ~1.5 seconds.","src/components/SharePanel.tsx:219-223; src/components/SharePanel.tsx:235-252","e2e/specs/projects/share-invite-copy-url.smoke.spec.ts","Implemented","Untested","","Uses navigator.clipboard.writeText(). Confirmation disappears after 1500ms timeout.","Project lead / owner","Manage members/invites: project_lead(500); role changes: maintainer/owner(≥600); link role capped at contributor(400)","https://docs.aquilla.app/media/sharing-invite-link/sharing-invite-link.mp4","00:00","recorded"
"SI-06","Sharing & Invites","List active (unredeemed) invite links","As a project owner, I want to see all active invite links I've created so that I can manage and revoke them if needed.","Below the create-form, 'Active links' section renders if any invites exist. Shows token suffix (...last-8-chars), role, email/open-link badge, and expiry date. Empty state: section doesn't render. Loading state renders placeholder text.","src/components/SharePanel.tsx:369-486; src/lib/sync/invites.ts:195-217","none","Implemented","Untested","","Requires listProjectInvites endpoint. Only active (unused + unexpired) invites shown. Fetches on tab switch and after create.","Project lead / owner","Manage members/invites: project_lead(500); role changes: maintainer/owner(≥600); link role capped at contributor(400)","https://docs.aquilla.app/media/sharing-invite-link/sharing-invite-link.mp4","00:13","recorded"
"SI-07","Sharing & Invites","Revoke active invite link","As a project owner, I want to revoke an invite link before it's redeemed so that I can prevent unauthorized access.","In Active links list, user clicks Trash icon on a link → trash button replaced with confirmation checkbox + 'Revoke' button (destructive). Checkbox label: 'Confirm'. User checks → 'Revoke' enables → clicks → link is deleted (removed from list). Cancel button closes the prompt.","src/components/SharePanel.tsx:442-480; src/lib/sync/invites.ts:223-247","none","Implemented","Untested","","Two-step UX: click revoke button, then confirm checkbox. Requires project_lead+ role on the project.","Project lead / owner","Manage members/invites: project_lead(500); role changes: maintainer/owner(≥600); link role capped at contributor(400)","https://docs.aquilla.app/media/sharing-invite-link/sharing-invite-link.mp4","00:00","recorded"
"SI-08","Sharing & Invites","Preview invite before redeeming","As a joiner, I want to see details about the project and role before committing to join so that I know what access I'm accepting.","User visits /join/:token (signed-out or signed-in). Invite preview loads async. If valid: card shows project name, role (capitalized, underscores to spaces), recipient email (if bound), and expiry. If expired/invalid: shows 'This invite link is no longer valid' error and 'Back to projects' button. If network error: shows 'Couldn't load invitation' + 'Try again' button.","src/components/JoinPage.tsx:56-86; src/components/JoinPage.tsx:146-202; src/lib/sync/invites.ts:127-146","e2e/specs/projects/join-page.smoke.spec.ts","Implemented","Untested","","Public endpoint (no JWT). Tries multi-invite endpoint first, then single-project. Discriminated result: {ok, reason:'expired'|'invalid'|'network'}.","Project lead / owner","Manage members/invites: project_lead(500); role changes: maintainer/owner(≥600); link role capped at contributor(400)","https://docs.aquilla.app/media/sharing-invite-link/sharing-invite-link.mp4","00:00","recorded"
"SI-09","Sharing & Invites","Preview multi-project invite before redeeming","As a joiner receiving a bulk invite to multiple projects, I want to see all projects I'm being invited to so that I can understand the scope before accepting.","User visits /join/:token with multi-project token. JoinPage loads preview via previewMultiInvite. Card shows: 'You're invited to N project(s)' + bulleted list of project names (with archived badge if applicable) + role summary. After acceptance, user sees all invited projects.","src/components/JoinPage.tsx:169-194; src/lib/sync/invites.ts:276-293","none","Implemented","Untested","","Multi-invite is org-admin-only flow. Public preview endpoint. Falls back to single-project preview if multi returns empty.","Project lead / owner","Manage members/invites: project_lead(500); role changes: maintainer/owner(≥600); link role capped at contributor(400)","https://docs.aquilla.app/media/sharing-invite-link/sharing-invite-link.mp4","00:00","recorded"
"SI-10","Sharing & Invites","Sign in from invite link (inline auth)","As an unsigned-out user, I want to sign in or create an account directly from the invite link page so that I don't have to navigate elsewhere.","User arrives at /join/:token while signed out. Card shows invite preview + inline auth form. User can: login via FrontierLoginForm (username + password) or click 'Create an account' to swap to FrontierSignupForm. After successful auth, session updates and card swaps to confirmation. Forgot password link navigates to FrontierForgotPasswordForm.","src/components/JoinPage.tsx:274-320; src/components/git-import/FrontierLoginForm.tsx; src/components/git-import/FrontierSignupForm.tsx","none","Implemented","Untested","","Intentionally no auto-accept after login (AQU-335). User must confirm explicitly.","Project lead / owner","Manage members/invites: project_lead(500); role changes: maintainer/owner(≥600); link role capped at contributor(400)","https://docs.aquilla.app/media/sharing-invite-link/sharing-invite-link.mp4","00:00","recorded"
"SI-11","Sharing & Invites","Accept single-project invite","As a signed-in joiner, I want to confirm and accept a project invite so that I become a member and can access the project.","Signed-in user visits /join/:token. Card shows preview + 'Accept invitation' and 'Not now' buttons. User clicks 'Accept invitation' → phase becomes 'redeeming' → spinner shows → acceptServerInvite called → on success: redirects to /project/:projectId. On failure: phase='error' with message 'This invite link is no longer valid. Ask the project owner for a fresh link.'","src/components/JoinPage.tsx:100-130; src/components/JoinPage.tsx:256-273; src/lib/sync/invites.ts:155-178","e2e/specs/projects/invite-accept-dashboard-visibility.smoke.spec.ts","Implemented","Untested","","Requires valid JWT. AQU-335: explicit confirm step (no silent auto-accept). Server enforces role cap.","Project lead / owner","Manage members/invites: project_lead(500); role changes: maintainer/owner(≥600); link role capped at contributor(400)","https://docs.aquilla.app/media/sharing-invite-link/sharing-invite-link.mp4","00:00","recorded"
"SI-12","Sharing & Invites","Accept multi-project invite","As a signed-in joiner receiving a multi-project invite, I want to accept and join all projects at once so that I get access to the entire workspace set.","Signed-in user visits /join/:token with multi-project token. Card shows preview listing all projects. User clicks 'Accept invitation' → acceptMultiInvite called → on success: user is added to all projects, redirects to /project/:projectId (first project). Analytics event INVITE_REDEEMED fired with invite_kind='multi', project_count=N.","src/components/JoinPage.tsx:100-130; src/lib/sync/invites.ts:295-318","none","Implemented","Untested","","Org-admin-only flow (creation side). Multi-invite accepts happen atomically on the server.","Project lead / owner","Manage members/invites: project_lead(500); role changes: maintainer/owner(≥600); link role capped at contributor(400)","https://docs.aquilla.app/media/sharing-invite-link/sharing-invite-link.mp4","00:00","recorded"
"SI-13","Sharing & Invites","Share panel Members tab","As a project owner, I want to view and manage project members directly so that I can see who has access and modify roles.","User opens Share dialog → Members tab (default active) → sees MembersPanel with: (1) existing members list showing username, role, source badge (via org/group/creator), (2) if member is locked (org/creator source), shows lock hint tooltip instead of delete button, (3) if member is unlocked, shows role-change select (capped at caller's max role) and trash delete button, (4) add-member input at top (UsernameTypeahead or direct invite).","src/components/SharePanel.tsx:95-150; src/components/MembersPanel.tsx","e2e/specs/projects/share-panel-role-change.smoke.spec.ts","Implemented","Untested","","ShowModeToggle=false (no email mode here). Roles scoped to PROJECT_ROLE_OPTIONS. Caller's own entry marked as locked if found.","Project lead / owner","Manage members/invites: project_lead(500); role changes: maintainer/owner(≥600); link role capped at contributor(400)","https://docs.aquilla.app/media/sharing-invite-link/sharing-invite-link.mp4","00:00","recorded"
"SI-14","Sharing & Invites","Add member to project by username","As a project owner, I want to add an existing Aquilla user to my project by their username so that I can grant them access.","User in Members tab types username in UsernameTypeahead → dropdown shows matching users (scoped search) → user picks suggestion (sets value.resolved) → role defaults to CONTRIBUTOR → user clicks Add button (or types username, hits Enter). Call addProjectMember. On success: member appears in list. On failure: error message shows.","src/components/MembersPanel.tsx:71-84; src/components/UsernameTypeahead.tsx:59-250; src/hooks/useUserSearch.ts","none","Implemented","Untested","","Scoped search filters to org/project-overlap users (AQU-321). Verified badge shows when suggestion is picked. Requires project_lead+ role.","Project lead / owner","Manage members/invites: project_lead(500); role changes: maintainer/owner(≥600); link role capped at contributor(400)","https://docs.aquilla.app/media/sharing-invite-link/sharing-invite-link.mp4","00:00","recorded"
"SI-15","Sharing & Invites","Change member's project role","As a project owner, I want to change a member's role so that I can adjust their permissions.","In Members tab, next to a member's name is a role dropdown (aria-label='Change role'). Dropdown shows roles the caller can grant (capped at callerMaxRole). User selects new role → onChangeRole fires → role updates. If member is locked (org/creator source), dropdown is hidden and lock hint shows instead.","src/components/MembersPanel.tsx:109-134; src/hooks/useProjectMembers.ts","e2e/specs/projects/share-panel-role-change.smoke.spec.ts","Implemented","Untested","","Role options filtered by caller's max role. Member's current role always shown in trigger (even if above caller's cap). Org/creator roles locked.","Project lead / owner","Manage members/invites: project_lead(500); role changes: maintainer/owner(≥600); link role capped at contributor(400)","https://docs.aquilla.app/media/sharing-invite-link/sharing-invite-link.mp4","00:00","recorded"
"SI-16","Sharing & Invites","Remove member from project","As a project owner, I want to remove a member from my project so that I can revoke their access.","In Members tab, next to unlocked member is a Trash icon button (aria-label='Remove {username}'). User clicks → onRemove fires → member disappears from list. If member is locked (org/creator), trash button hidden and lock hint tooltip shows.","src/components/MembersPanel.tsx:135-150; src/hooks/useProjectMembers.ts","none","Implemented","Untested","","Self-removal blocked by MembersPanel logic (isSelf check). Locked members cannot be removed from this surface.","Project lead / owner","Create invites & share links: project_lead(500); tokenized link role capped at contributor(400) — never managerial","https://docs.aquilla.app/media/sharing-invite-link/sharing-invite-link.mp4","00:00","recorded"
"SI-17","Sharing & Invites","Add multiple users to multiple projects via dialog","As an org admin, I want to add an existing Aquilla user to multiple projects at once so that I can onboard them efficiently.","Org admin opens Members page → clicks 'Add to projects' button (disabled if no projects) → MultiProjectInviteDialog opens. User types username in UsernameTypeahead → picks suggestion (verified badge shows). User toggles project checkboxes (selectable roles shown per-project, default CONTRIBUTOR). User clicks 'Add to projects' → parallel addProjectMember calls → on success, per-project 'added' chips appear, cancel button becomes 'Close'. Dialog stays open.","src/components/MultiProjectInviteDialog.tsx:55-350; src/pages/MembersPage.tsx:168-177; src/lib/frontier/members.ts","e2e/specs/orgs/multi-project-invite-submit.smoke.spec.ts","Implemented","Untested","","Username-mode only (email mode shows guide to per-project Share panel). Per-project role pickers. Parallel add calls (O(1) round-trips). AQU-322.","Project lead / owner","Manage members/invites: project_lead(500); role changes: maintainer/owner(≥600); link role capped at contributor(400)","https://docs.aquilla.app/media/sharing-invite-link/sharing-invite-link.mp4","00:00","recorded"
"SI-18","Sharing & Invites","Switch invite mode between username and email","As an org admin inviting via the multi-project dialog, I want to toggle between inviting existing users (@user) and sending email invites so that I can choose the right path for each recipient.","MultiProjectInviteDialog shows mode-toggle buttons: '@user' (default, username typeahead) and 'email' (email input type). User clicks 'email' → recipient input becomes type='email', description changes to 'Email invites are per-project'. Clicking '@user' swaps back to typeahead. In email mode, submit button hidden; instead guide shows 'use each project's Share panel'.","src/components/MultiProjectInviteDialog.tsx:62-77; src/components/MultiProjectInviteDialog.tsx:177-181; src/components/UsernameTypeahead.tsx:165-210","e2e/specs/projects/share-invite-mode-toggle.smoke.spec.ts","Implemented","Untested","","Email mode is honest UX: no attempt to silently route to username invite. Shows per-project links to Share panels.","Project lead / owner","Manage members/invites: project_lead(500); role changes: maintainer/owner(≥600); link role capped at contributor(400)","https://docs.aquilla.app/media/sharing-invite-link/sharing-invite-link.mp4","00:00","recorded"
"SI-19","Sharing & Invites","Verified Aquilla user badge","As a user filling an invite form, I want to see when I've picked a verified Aquilla user so that I know the username exists and is resolved.","In MultiProjectInviteDialog or SharePanel Members tab, user types username → types match a suggestion → user clicks suggestion (handlePick sets value.resolved). Verified badge appears next to input (data-tooltip='Verified Aquilla user', green background, 'Verified' text). Badge disappears if user edits the input away from the picked username.","src/components/UsernameTypeahead.tsx:160-163; src/components/UsernameTypeahead.tsx:255-270","e2e/specs/projects/share-invite-username-verified.smoke.spec.ts","Implemented","Untested","","Set only when suggestion is picked (not just typed). Cleared on input edit. Shows user.resolved is populated.","Project lead / owner","Manage members/invites: project_lead(500); role changes: maintainer/owner(≥600); link role capped at contributor(400)","https://docs.aquilla.app/media/sharing-invite-link/sharing-invite-link.mp4","00:00","recorded"
"SI-20","Sharing & Invites","Username typeahead search","As a user adding members, I want to search for usernames as I type so that I can find the right person.","User types in username input → after 2+ chars, useUserSearch fetches /api/v2/users/search with scoped=true (org/project-overlap). Dropdown shows matching results sorted alphabetically, excluding already-added users. Sub-2-char input shows hint. No matches shows 'No Aquilla user matching that name'. Clicking result picks it (sets resolved).","src/components/UsernameTypeahead.tsx:59-250; src/hooks/useUserSearch.ts","none","Implemented","Untested","","Scoped search: users must overlap with org/project (AQU-321). Can be disabled (scopedSearch=false for org membership). Results filtered by excludedUserIds.","Project lead / owner","Create invites & share links: project_lead(500); tokenized link role capped at contributor(400) — never managerial","https://docs.aquilla.app/media/sharing-invite-link/sharing-invite-link.mp4","00:00","recorded"
"SI-21","Sharing & Invites","Pending invitations inbox (received invites)","As a user with pending email-targeted invites, I want to see them on my dashboard so that I can accept them even if the email link never arrived.","User lands on dashboard (/ or /projects). If they have pending invites addressed to their account email (via listMyPendingInvites), a 'Pending invitations' card renders. Card shows: project name(s), inviter name, role, expiry. 'Review & accept' link navigates to /join/:token. If no invites, card doesn't render. On failure, returns empty list (dashboard card hides).","src/components/org/OrgHome.tsx:172-173; src/components/org/OrgHome.tsx:320-345 (rendering); src/lib/sync/invites.ts:337-354","e2e/specs/orgs/pending-invite-inbox-external-revoke.smoke.spec.ts","Implemented","Untested","","AQU-326. Only email-targeted invites shown (open links have no recipient identity). Unredeemed + unexpired only. Server-side, scoped to caller's email.","Project lead / owner","Manage members/invites: project_lead(500); role changes: maintainer/owner(≥600); link role capped at contributor(400)","https://docs.aquilla.app/media/sharing-invite-link/sharing-invite-link.mp4","00:00","recorded"
"SI-22","Sharing & Invites","Targeted vs open invite badge","As an org admin viewing pending invites, I want to see whether each invite is targeted to a specific email or an open link so that I can understand its scope.","In Members page Pending invitations section, each pending invite row shows: project name · role · [email badge OR 'open link' badge] · expiry. Targeted invite shows email in blue chip (tooltip: 'Targeted invite...'). Open invite shows 'open link' text.","src/pages/MembersPage.tsx:290-365; src/components/org/OrgHome.tsx:330-340","e2e/specs/orgs/pending-invite-targeted-chip.smoke.spec.ts","Implemented","Untested","","Org maintainers only see pending invites (owner-only data). Badges show at-a-glance invite type.","Project lead / owner","Manage members/invites: project_lead(500); role changes: maintainer/owner(≥600); link role capped at contributor(400)","https://docs.aquilla.app/media/sharing-invite-link/sharing-invite-link.mp4","00:00","recorded"
"SI-23","Sharing & Invites","Revoke pending invite (org admin)","As an org owner/maintainer, I want to revoke a pending invite so that I can cancel an accidental share or revoke an employee's access before they join.","In Pending invitations list (MembersPage), org owner hovers/taps invite row → X or trash button appears. User clicks → confirmation or immediate DELETE /api/v2/projects/:id/invites/:token → row disappears from list. Error message shows if revoke fails.","src/pages/MembersPage.tsx:346-390; src/hooks/useOrgInvites.ts:66-87; src/lib/frontier/orgs.ts (listPendingOrgInvites, revokeProjectInvite)","e2e/specs/orgs/pending-invite-revoke.smoke.spec.ts","Implemented","Untested","","Org owner only (server gates on ownership). Optimistic local removal with retry on error. Returns removed=true/false.","Project lead / owner","Manage members/invites: project_lead(500); role changes: maintainer/owner(≥600); link role capped at contributor(400)","https://docs.aquilla.app/media/sharing-invite-link/sharing-invite-link.mp4","00:00","recorded"
"SI-24","Sharing & Invites","External collaborators governance","As an org maintainer, I want to see everyone who accesses my projects without being org members so that I can audit and revoke their access.","Members page shows 'External collaborators' section (maintainer+ only, null hides it for non-maintainers). Lists: username + 'external' badge. For each project grant, shows: project name · role · revoke button (if direct grant) OR 'via group/creator' tooltip (if group/creator source). Clicking revoke removes that project grant only (user may stay if other projects grant them).","src/components/org/ExternalCollaboratorsSection.tsx; src/pages/MembersPage.tsx:207-212; src/lib/frontier/external-collaborators.ts","e2e/specs/orgs/pending-invite-inbox-external-revoke.smoke.spec.ts","Implemented","Untested","","AQU-326. Derived from members matrix (no stored org_members variant). Only direct grants revocable inline. Group grants require detaching team or removing from team.","Project lead / owner","Create invites & share links: project_lead(500); tokenized link role capped at contributor(400) — never managerial","https://docs.aquilla.app/media/sharing-invite-link/sharing-invite-link.mp4","00:00","recorded"
"SI-25","Sharing & Invites","Cross-org project visibility on accept","As a joiner accepting an invite to a project in another organization, I want the project to appear on my dashboard so that I can navigate to it.","User accepts invite to a project in org A (user is in org B). Project surfaces on /projects under 'Shared with you' partition. Also visible on / (dashboard Overview). Clicking navigates to /project/:id and syncs normally.","src/components/org/OrgHome.tsx:300-345; src/lib/frontier/shared-projects.ts (partitionSharedProjects); src/pages/DashboardPage.tsx (Dashboard)","e2e/specs/projects/invite-accept-dashboard-visibility.smoke.spec.ts","Implemented","Untested","","AQU-335. Accessible projects list includes cross-org direct/group grants. Partitioned for display.","Project lead / owner","Manage members/invites: project_lead(500); role changes: maintainer/owner(≥600); link role capped at contributor(400)","https://docs.aquilla.app/media/sharing-invite-link/sharing-invite-link.mp4","00:00","recorded"
"SI-26","Sharing & Invites","Invite URL copy confirmation toast","As a user copying an invite link, I want a visual confirmation so that I know the copy succeeded.","After clicking Copy URL button, 'Copied!' text appears below the input for ~1.5 seconds, then fades away.","src/components/SharePanel.tsx:219-223; src/components/SharePanel.tsx:244","e2e/specs/projects/share-invite-copy-url.smoke.spec.ts","Implemented","Untested","","Toast disappears via setTimeout(1500ms). Uses navigator.clipboard.writeText().","Project lead / owner","Manage members/invites: project_lead(500); role changes: maintainer/owner(≥600); link role capped at contributor(400)","https://docs.aquilla.app/media/sharing-invite-link/sharing-invite-link.mp4","00:00","recorded"
"SI-27","Sharing & Invites","Onboarding invite step (simplified flow)","As a user setting up their first project, I want to invite teammates directly from the onboarding checklist so that I can quickly build a team.","Onboarding checklist shows 'Invite step'. Two paths: (1) By username: type collaborator username → click Add → 'Added {username} as contributor' success message, (2) Share link: click 'Create link' → URL appears with copy button. Both paths show onboarding-flavored UX (smaller form, simplified copy).","src/components/onboarding/checklist/InviteStep.tsx","none","Implemented","Untested","","Simplified invite flow for onboarding. Calls createServerInvite and useProjectMembers.add. Requires project contributor+ access.","Project lead / owner","Manage members/invites: project_lead(500); role changes: maintainer/owner(≥600); link role capped at contributor(400)","https://docs.aquilla.app/media/sharing-invite-link/sharing-invite-link.mp4","00:00","recorded"
"SI-28","Sharing & Invites","Navigate away from pending invite","As a joiner on the invite confirmation page, I want to decline the invite and return to the dashboard so that I can explore without committing.","On JoinPage, user clicks 'Not now' button → navigates to / (dashboard root). Project is not added to their membership.","src/components/JoinPage.tsx:270-272","none","Implemented","Untested","","Explicit decline path (not silent disappear). No membership change.","Project lead / owner","Manage members/invites: project_lead(500); role changes: maintainer/owner(≥600); link role capped at contributor(400)","https://docs.aquilla.app/media/sharing-invite-link/sharing-invite-link.mp4","00:00","recorded"
"SI-29","Sharing & Invites","Invalid/expired invite error handling","As a joiner with an invalid or expired invite link, I want clear error messaging so that I know what went wrong.","User visits /join/:token with invalid token or expired invite. Preview fetch returns reason='expired' or 'invalid'. Card shows error state with AlertCircle icon. If expired/invalid: 'This invite link is no longer valid. Ask the project owner for a new invite link.' If network error: 'Couldn't load invitation' + 'Try again' button. Both show 'Back to projects' link.","src/components/JoinPage.tsx:138-254; src/lib/sync/invites.ts:32-37, 127-146","e2e/specs/projects/join-page.smoke.spec.ts","Implemented","Untested","","Discriminated result: expired (410), invalid (404), network (fetch error).","Project lead / owner","Manage members/invites: project_lead(500); role changes: maintainer/owner(≥600); link role capped at contributor(400)","https://docs.aquilla.app/media/sharing-invite-link/sharing-invite-link.mp4","00:00","recorded"
"SI-30","Sharing & Invites","Project link visibility gating","As a non-member, I want to ensure I can't access the project's sync data even with an invite link so that membership is the only gate to content.","Invite acceptance adds user to project_members. /sync-token endpoint checks membership; if user not a member, returns 401. Local-only project view still works but sync-worker writes return 401 (blocked).","src/components/JoinPage.tsx:33-40 (comments); src/lib/sync/invites.ts (comments at top)","none","Implemented","Untested","","Server-side enforcement. Anonymous joining intentionally not supported.","Project lead / owner","Manage members/invites: project_lead(500); role changes: maintainer/owner(≥600); link role capped at contributor(400)","https://docs.aquilla.app/media/sharing-invite-link/sharing-invite-link.mp4","00:00","recorded"
"SC-01","Sync & Collaboration","Outbox Event Queue (CQRS)","As a translator, I want my edits to be reliably persisted even when network is unreliable or I have multiple projects open, so that no work is lost","When a user commits a cell edit, a CQRS event (cell.update, cell.create, etc.) is enqueued to IndexedDB outbox. Events persist across tab/browser close. Events are stamped with enqueuedAt, attempts count, lastAttemptAt, lastError, and status (pending/failed).","src/lib/sync/outbox.ts:1-130; src/lib/sync/outbox.ts:132-200; src/context/OutboxContext.tsx:1-40","none","Implemented","Untested","","IndexedDB v2 schema with backfill migration. Uses listener callbacks for reactive updates.","Any collaborator","Presence/focus-locks: any member; each write re-validated server-side against the per-event role floor","https://docs.aquilla.app/media/collab-realtime/collab-realtime.mp4","00:00","recorded"
"SC-02","Sync & Collaboration","Outbox Batch Flusher (5s interval)","As a system, I need to automatically drain the outbox queue to the sync-worker API, so that edits reach the backend without user intervention","Background loop flushes pending outbox records in batches (MAX_BATCH=100) to POST /events every 5s base interval. Uses Web Locks to ensure only one tab per origin runs the loop; falls back to setInterval if locks unavailable. Includes reentrancy guard to prevent overlapping flushes.","src/hooks/useOutboxFlusher.ts:1-100; src/hooks/useOutboxFlusher.ts:100-202; src/hooks/useOutboxFlusher.test.tsx:1-100","none","Implemented","Untested","","Enabled globally via OutboxProvider; drains regardless of current project. RACE-4 reentrancy guard tested.","Any collaborator","Presence/focus-locks: any member; each write re-validated server-side against the per-event role floor","https://docs.aquilla.app/media/collab-realtime/collab-realtime.mp4","00:00","recorded"
"SC-03","Sync & Collaboration","Exponential Backoff on Flush Failures","As a system, I want to reduce load on the auth service and sync-worker when flushes repeatedly fail, so that transient errors don't hammer the server","On consecutive flush failures (hard fail = posted > 0 AND accepted == 0, OR authError), backoffExp increments (capped at 8 but effective ceiling at 4 due to mult clamping). Delay = 5000ms * max(1, min(12, 2^backoffExp)), max 60s. Reset to 0 on success. flushNow() interrupt clears backoff immediately.","src/hooks/useOutboxFlusher.ts:130-137; src/hooks/useOutboxFlusher.ts:174-188; src/hooks/useOutboxFlusher.test.tsx:162-224","none","Implemented","Untested","","QA finding F: Math.min(8, ...) is dead code; effective ceiling is 4. Max backoff is 60s (5000ms * 12).","Any collaborator","Presence/focus-locks: any member; each write re-validated server-side against the per-event role floor","https://docs.aquilla.app/media/collab-realtime/collab-realtime.mp4","00:00","recorded"
"SC-04","Sync & Collaboration","Outbox Auto-Requeue on Online Event","As a user, I want my queued edits to immediately retry when I regain network connectivity, so I don't have to manually sync or wait for the next interval","When browser fires 'online' event (navigator.onLine becomes true), hook calls requeueTransientlyFailedOutboxEvents() to revive records that failed due to transient errors (status 0 or 5xx), then calls flushNow() to drain immediately without backoff.","src/hooks/useOutboxFlusher.ts:204-215; src/lib/sync/outbox.ts:406-445","none","Implemented","Untested","","RES-2 pattern: transient failures (stamped by stampOutboxError) are retried without burning budget cap.","Any collaborator","Presence/focus-locks: any member; each write re-validated server-side against the per-event role floor","https://docs.aquilla.app/media/collab-realtime/collab-realtime.mp4","00:00","recorded"
"SC-05","Sync & Collaboration","Outbox Auto-Requeue on Auth Change","As a user who signs in or switches accounts, I want my queued edits to retry immediately with the new auth context, so previously un-mintable changes now succeed","When authEpoch prop changes (sign-in, re-auth, account switch), hook detects change via useEffect, calls requeueTransientlyFailedOutboxEvents() to revive transient failures, then flushNow().","src/hooks/useOutboxFlusher.ts:219-229","none","Implemented","Untested","","Skips initial mount to avoid double-flush. Only revives transient (0/5xx) failures, not permanent 4xx quarantines.","Any collaborator","Presence/focus-locks: any member; each write re-validated server-side against the per-event role floor","https://docs.aquilla.app/media/collab-realtime/collab-realtime.mp4","00:00","recorded"
"SC-06","Sync & Collaboration","Online/Offline Detection (Status Indicator)","As a translator, I want to see whether my edits are syncing live or queued offline, so I understand the reliability of my current work","SyncStatusIndicator renders with status: 'live' (green), 'connecting' (amber/pulse), 'offline' (red), 'idle' (grey when tab hidden), 'disabled' (grey when no file open). Text labels and tooltips describe each state.","src/components/SyncStatusIndicator.tsx:1-75; src/hooks/useFileSync.ts:74-97","none","Implemented","Untested","","useFileSync is legacy compatibility shim; actual status now derived from outbox/WS state. Indicator shown in workspace status bar.","Any collaborator","Presence/focus-locks: any member; each write re-validated server-side against the per-event role floor","https://docs.aquilla.app/media/collab-realtime/collab-realtime.mp4","00:00","recorded"
"SC-07","Sync & Collaboration","Offline Banner","As a translator, I want an explicit notification when I go offline, so I'm aware my changes are queued and not live","Full-width banner appears at top of workspace when navigator.onLine becomes false. Banner disappears automatically (no dismiss button) when online event fires. Uses browser online/offline event listeners.","src/components/OfflineBanner.tsx:1-46","none","Implemented","Untested","","AQU-296. Complements the SyncStatusIndicator with explicit user notification.","Any collaborator","Presence/focus-locks: any member; each write re-validated server-side against the per-event role floor","https://docs.aquilla.app/media/collab-realtime/collab-realtime.mp4","00:00","recorded"
"SC-08","Sync & Collaboration","Outbox Inspector Popover","As a translator, I want to inspect pending/failed outbox records and retry them manually, so I can diagnose sync failures","Clicking the OutboxSyncIndicator chip (status bar) opens a popover showing: list of pending records with attempt count, last error reason, and status badges. Provides 'Retry now' button to reset backoff and force immediate flush. Shows 'All synced' when queue is empty.","src/components/OutboxSyncIndicator.tsx:1-93; src/components/OutboxInspectorPopover.tsx; src/context/OutboxContext.tsx:30-31","none","Implemented","Untested","","Tone shifts: idle (synced) → queued (pending) → stuck (3+ consecutive failures) → warning (failed quarantined). E2E: e2e/specs/editor/outbox-inspector-popover.smoke.spec.ts","Any collaborator","Presence/focus-locks: any member; each write re-validated server-side against the per-event role floor","https://docs.aquilla.app/media/collab-realtime/collab-realtime.mp4","00:00","recorded"
"SC-09","Sync & Collaboration","Outbox Record Quarantine (Permanent Failure)","As a system, I need to prevent a single broken record (403 no-permission) from head-of-line blocking the entire queue, so other files can continue draining","When a batch receives 403 (permanent auth failure) OR token-mint fails with 403, quarantineOutboxEvents() moves affected records to status='failed' immediately (no retry budget burn). Failed records are skipped by peekPendingOutboxBatch(). Record is preserved (not deleted) so inspector can show it and user can discard/resolve.","src/lib/sync/outbox.ts:305-352; src/lib/sync/outbox-flush.ts:158-171; src/lib/sync/outbox-flush.ts:217-231","none","Implemented","Untested","","BLOCKER 2 fix. Quarantined records are silently skipped, allowing queue to advance. User can 'discard' or 'retry' (after re-auth) from inspector.","Any collaborator","Presence/focus-locks: any member; each write re-validated server-side against the per-event role floor","https://docs.aquilla.app/media/collab-realtime/collab-realtime.mp4","00:00","recorded"
"SC-10","Sync & Collaboration","Outbox Explicit Retry (Manual Requeue)","As a translator, I want to manually retry quarantined/failed records after fixing the root cause (re-auth, permission grant), so my work eventually succeeds","Inspector popover shows 'Retry' button per record. Clicking calls requeueOutboxEvents(ids) to reset attempts to 0, clear lastError, set status back to 'pending'. Caller should also call flushNow().","src/lib/sync/outbox.ts:362-394","none","Implemented","Untested","","User can retry individual failed records from inspector. Does NOT burn retry budget on re-attempt.","Any collaborator","Presence/focus-locks: any member; each write re-validated server-side against the per-event role floor","https://docs.aquilla.app/media/collab-realtime/collab-realtime.mp4","00:00","recorded"
"SC-11","Sync & Collaboration","Stale Sibling Dead-Lettering (Conflict Detection)","As a translator, I want to be notified when my edit was accepted but not applied to the projection (due to stale parent-chain), so I know to resolve the conflict","When POST /events response includes body.stale array, each entry carries { id, fileId, cellId }. flushOutboxBatch() logs to console, calls onStaleSiblings() callback. Records are accepted (deleted from outbox) but flagged. UI surfaces 'stale-sibling' banner with option to 'View in history' (deep-link to cell history drawer).","src/lib/sync/outbox-flush.ts:40-59; src/lib/sync/outbox-flush.ts:271-279; src/hooks/useOutboxFlusher.ts:111-118; src/context/OutboxContext.tsx:32-34","none","Implemented","Untested","","F6 feature. Dead-letters are accepted but not projected (LWW lost). Banner carries fileId/cellId to navigate user to affected cell's history drawer.","Any collaborator","Presence/focus-locks: any member; each write re-validated server-side against the per-event role floor","https://docs.aquilla.app/media/collab-realtime/collab-realtime.mp4","00:00","recorded"
"SC-12","Sync & Collaboration","Stale Source Pin Detection (Source Changed Hint)","As a translator, I want to know when the source text changed after I committed my last translation, so I can confirm my translation still matches the new source","When POST /events response includes body.staleSource array, each entry carries { id, currentSourceEventId }. flushOutboxBatch() calls onStaleSource() callback. UI tracks staleSourceCount and renders 'Source changed' banner suggesting user re-confirm translation.","src/lib/sync/outbox-flush.ts:49-52; src/lib/sync/outbox-flush.ts:281-288; src/hooks/useOutboxFlusher.ts:120-122; src/context/OutboxContext.tsx:35","none","Implemented","Untested","","F5 feature. Event was accepted and projected (LWW) but sourceEventId pin is now stale. User should re-validate translation against new source.","Project lead (source steward)","Source content edits: project_lead(500)","https://docs.aquilla.app/media/collab-realtime/collab-realtime.mp4","00:00","recorded"
"SC-13","Sync & Collaboration","Cell Focus Lock (Soft Lease)","As a translator, I want to claim a soft lock on a cell while editing, so collaborators see I'm working on it and don't make conflicting edits","When user focuses a cell, useFocusLock.claim() sends focus.claim message over ProjectSync WS with leaseMs (default 30s). Server broadcasts lock.claimed to all connected clients. Lock is auto-renewed every half-period (15s) via focus.renew messages. Lock auto-expires on server disconnect or lease timeout (triggers lock.released broadcast).","src/hooks/useFocusLock.ts:1-69; src/hooks/useFocusLock.ts:108-120; src/lib/sync/ws-reconciler.ts:78-82","none","Implemented","Untested","","AD-1 phase 2c-α. Soft lock; no mutual exclusion on writes (advisory only). User can still edit a locked cell but sees 'Alice is editing' banner (read-only UX).","Any collaborator","Presence/focus-locks: any member; each write re-validated server-side against the per-event role floor","https://docs.aquilla.app/media/collab-realtime/collab-realtime.mp4","00:00","recorded"
"SC-14","Sync & Collaboration","Cell Lock Release","As a system, I want to release a claimed cell lock when the user blurs or navigates away, so the cell becomes available to other collaborators","On cell blur or focusedCellId change, useFocusLock.release() clears claimedCellRef and sends focus.release message. Renewal timer is stopped. Server broadcasts lock.released. On component unmount, release() is called to prevent stranded leases.","src/hooks/useFocusLock.ts:122-150","none","Implemented","Untested","","Prevents stale locks on tab close/refresh. Synchronizes external WS lifetime to cellId prop.","Any collaborator","Presence/focus-locks: any member; each write re-validated server-side against the per-event role floor","https://docs.aquilla.app/media/collab-realtime/collab-realtime.mp4","00:00","recorded"
"SC-15","Sync & Collaboration","Cell Lock Holder Display (Presence)","As a translator, I want to see who else is editing a specific cell, so I avoid conflicting edits","When another user holds the lock for a cell, their userId is displayed in a banner above the cell ('Alice is editing this cell'). Cell editor input is disabled. useFocusLock reports { isHeld, heldBy: { userId, ts } }. Banner clears when user releases or lock expires.","src/hooks/useFocusLock.ts:152-207; src/lib/sync/cell-lock-state.ts:1-62; src/components/EditorTable.tsx (lockHolderLabel usage)","none","Implemented","Untested","","RACE-5 commit-time guard: ref-backed live lock check prevents stale prop from allowing edits. Reconciler delivers lock.claimed/lock.released frames.","Any collaborator","Presence/focus-locks: any member; each write re-validated server-side against the per-event role floor","https://docs.aquilla.app/media/collab-realtime/collab-realtime.mp4","00:00","recorded"
"SC-16","Sync & Collaboration","RACE-5 Commit-Time Lock Guard","As a system, I need to prevent race conditions where a commit fires after lock.claimed arrives but before React re-renders with new state, so no one can bypass the lock","EditorTable maintains cellLockHoldersRef (live ref updated synchronously in WS onMessage). handleEditorCommit calls checkLockHolder(cellId) to read live lock state instead of relying on stale React prop. Lock check returns true/holder label if locked, preventing commit.","src/lib/sync/lock-commit-guard.test.ts:1-80; src/components/EditorTable.tsx (checkLockHolder usage)","none","Implemented","Untested","","RACE-5 contract: cellLockHoldersRef updated SYNCHRONOUSLY in WS handler, BEFORE setState.","Any collaborator","Presence/focus-locks: any member; each write re-validated server-side against the per-event role floor","https://docs.aquilla.app/media/collab-realtime/collab-realtime.mp4","00:00","recorded"
"SC-17","Sync & Collaboration","Presence Snapshot (Roster Reconciliation)","As a system, I need to reconcile the user roster after reconnecting to the WebSocket, so the client always has an accurate view of who is currently focused on which cell","On WS connect, server sends presence snapshot frame { t: 'presence', users: [{ userId, focusedCell?, ts }] }. useFocusLock feedFrame processes this to extract implicit lock.claimed for any other user's focusedCell. cellLockHoldersRef is updated via applyPresenceFrame().","src/hooks/useFocusLock.ts:187-204; src/lib/sync/cell-lock-state.ts:23-34; src/lib/sync/ws-reconciler.ts:42-54","none","Implemented","Untested","","Presence frame is sent on connect + on roster change. Filters out current user (userId === currentUserId).","Any collaborator","Presence/focus-locks: any member; each write re-validated server-side against the per-event role floor","https://docs.aquilla.app/media/collab-realtime/collab-realtime.mp4","00:00","recorded"
"SC-18","Sync & Collaboration","Project-Scoped WebSocket (ProjectSync DO)","As a system, I need a persistent realtime channel for broadcasting events and presence updates across all collaborators on a project, so edits propagate without polling","ProjectWorkspace establishes WebSocket connection to /parties/project-sync/<projectId> on mount. Connection is authenticated with per-project sync-token. Receives event.applied, event.stale, presence, lock.claimed, lock.released frames. Can send outbox.event, focus.claim/renew/release messages.","src/lib/sync/ws-reconciler.ts:1-150; src/components/ProjectWorkspace.tsx (WS setup)","none","Implemented","Untested","","AD-1 phase 2c. Durable Object holds transient state only (focus-locks, presence, event broadcast). Per-project scope.","Any collaborator","Presence/focus-locks: any member; each write re-validated server-side against the per-event role floor","https://docs.aquilla.app/media/collab-realtime/collab-realtime.mp4","00:00","recorded"
"SC-19","Sync & Collaboration","Event Echo Suppression (Own-Write Detection)","As a system, I want to avoid redundant refetches when the server echoes back an event I just wrote, so I don't double-fetch and show stale data","When event.applied frame arrives with { by: currentUserId }, isOwnWriteEcho() returns true. The refetch handler skips redundant GET; the commit handler's targeted refetch already fires, so the echo's refetch would duplicate it.","src/lib/sync/ws-reconciler.ts:59-76","none","Partial","Untested","","Post-2c-γ sync workers populate 'by' field. Older servers lack this; echo detection returns false (treats as remote, keeps old behavior).","Any collaborator","Presence/focus-locks: any member; each write re-validated server-side against the per-event role floor","https://docs.aquilla.app/media/collab-realtime/collab-realtime.mp4","00:00","recorded"
"SC-20","Sync & Collaboration","Comment Events (CQRS)","As a translator, I want to create, edit, resolve, and reply to comments on cells, so I can collaborate with reviewers and track issues","Comment actions (create, edit, delete, resolve) emit CQRS events (comment.create, comment.edit, comment.delete, comment.resolve) to the outbox. Events carry comment ID, text, resolved flag, thread parent, etc. Events are queued and flushed like cell edits.","src/lib/sync/outbox-types.ts (comment.* event kinds)","none","Implemented","Untested","","Comment events are project-scoped (no fileId) and use sentinel token scoping. Queued to same outbox as cell events.","Any collaborator","Presence/focus-locks: any member; each write re-validated server-side against the per-event role floor","https://docs.aquilla.app/media/collab-realtime/collab-realtime.mp4","00:00","recorded"
"SC-21","Sync & Collaboration","Concurrent Cell Edit (Real-time Propagation)","As a translator, I want to see another user's cell edits appear in my editor in real-time, so I'm always viewing the latest work","Alice commits a cell edit → enqueued to outbox → flushed to POST /events → sync-worker writes to D1 + broadcasts event.applied via ProjectSync DO WS → Bob's WS connection receives frame → useCells refetch triggered → D1 re-read → cell re-renders with new text.","e2e/specs/collab/concurrent-edit.smoke.spec.ts:1-84","e2e/specs/collab/concurrent-edit.smoke.spec.ts","Implemented","Untested","","15s timeout covers full round-trip. Tested with multi-user setup (API project bootstrap).","Any collaborator","Presence/focus-locks: any member; each write re-validated server-side against the per-event role floor","https://docs.aquilla.app/media/collab-realtime/collab-realtime.mp4","00:00","recorded"
"SC-22","Sync & Collaboration","File Propagation (Project-Wide Sync)","As a collaborator, I want to see a new file imported by another user appear in my project sidebar, so I don't have to manually refresh","Alice imports a file → file.create event emitted → propagated via outbox/DO → Bob's WS receives event.applied → useCells (or file list) refetch triggered → new file appears in sidebar.","e2e/specs/collab/file-propagation.smoke.spec.ts","e2e/specs/collab/file-propagation.smoke.spec.ts","Implemented","Untested","","Tests cross-user file discovery via event broadcast.","Any collaborator","Presence/focus-locks: any member; each write re-validated server-side against the per-event role floor","https://docs.aquilla.app/media/collab-realtime/collab-realtime.mp4","00:00","recorded"
"SC-23","Sync & Collaboration","Token Minting (Per-File/Project Scope)","As a system, I need to mint fresh sync-tokens scoped to the specific file/project an event belongs to, so permission checks work correctly and a user can't access events they shouldn't","buildProjectAwareMinter creates a minter function that, given projectId + fileId, fetches a sync-token scoped to that exact project/file. Used by flushOutboxBatch to mint before POST /events. If mint returns null with status 403, the batch is quarantined; other statuses are transient.","src/lib/sync/cqrs-bridge.ts (buildProjectAwareMinter); src/lib/sync/outbox-flush.ts:147-184","none","Implemented","Untested","","Event's own projectId + fileId used for scope, NOT workspace's current project (BLOCKER 2 fix). Comment events use sentinel fileId '__project__'.","Any collaborator","Presence/focus-locks: any member; each write re-validated server-side against the per-event role floor","https://docs.aquilla.app/media/collab-realtime/collab-realtime.mp4","00:00","recorded"
"SC-24","Sync & Collaboration","Fetch Timeout (15s Hard Limit)","As a system, I want POST /events to time out after 15s, so a hung connection doesn't strand the flusher indefinitely","flushOutboxBatch uses AbortSignal.timeout(15_000) (feature-detected; older WebKit returns undefined) to cancel slow requests. AbortError is caught and treated as transient (no budget burn).","src/lib/sync/outbox-flush.ts:189-213; src/lib/sync/fetch-timeout.ts","none","Implemented","Untested","","RES-6. Timeout is hard limit to prevent stalled connections. AbortSignal.timeout is feature-detected (B3).","Any collaborator","Presence/focus-locks: any member; each write re-validated server-side against the per-event role floor","https://docs.aquilla.app/media/collab-realtime/collab-realtime.mp4","00:00","recorded"
"SC-25","Sync & Collaboration","Sync Status Indicator (Workspace Bar)","As a translator, I want a persistent indicator in the workspace showing live/connecting/offline status, so I know if my edits are syncing","SyncStatusIndicator renders in the workspace status bar showing sync status dot (green/amber/red/grey) with label and tooltip. Status updates based on fileSync connection state and network availability.","src/components/SyncStatusIndicator.tsx:1-75; e2e/specs/editor/sync-status-indicator.smoke.spec.ts:1-48","e2e/specs/editor/sync-status-indicator.smoke.spec.ts","Implemented","Untested","","Shown in left status bar. Animated pulse when connecting. Tooltip explains each state.","Any collaborator","Presence/focus-locks: any member; each write re-validated server-side against the per-event role floor","https://docs.aquilla.app/media/collab-realtime/collab-realtime.mp4","00:00","recorded"
"SC-26","Sync & Collaboration","Outbox Pending Count (Real-time Display)","As a translator, I want to see how many pending changes are in my outbox, so I know how much work needs to sync","useOutboxFlusher exposes pendingCount (total records in outbox, pending + failed). Subscribed to outbox listener for reactive updates without polling. OutboxSyncIndicator displays 'Queued N' or 'N failed' based on tone.","src/hooks/useOutboxFlusher.ts:56-97; src/lib/sync/outbox.ts:53-96","none","Implemented","Untested","","subscribeToOutbox notifies on every enqueue/remove. Calls refreshPending to sync state.","Any collaborator","Presence/focus-locks: any member; each write re-validated server-side against the per-event role floor","https://docs.aquilla.app/media/collab-realtime/collab-realtime.mp4","00:00","recorded"
"SC-27","Sync & Collaboration","Outbox Subscriber Pattern","As a system, I want to efficiently notify multiple consumers when the outbox contents change, so UI stays in sync without polling","subscribeToOutbox() registers a callback that fires whenever enqueueOutboxEvent or removeOutboxEvents is called (notifyOutboxChanged). Multiple subscribers coexist. Allows overlay hooks and the inspector to refresh without polling IDB.","src/lib/sync/outbox.ts:53-71","none","Implemented","Untested","","In-process notification; the IDB write itself is the durable record.","Any collaborator","Presence/focus-locks: any member; each write re-validated server-side against the per-event role floor","https://docs.aquilla.app/media/collab-realtime/collab-realtime.mp4","00:00","recorded"
"SC-28","Sync & Collaboration","Attempt Tracking (Retry Budget)","As a system, I want to track how many times we've tried to POST each event, so we don't retry failed events infinitely","OutboxRecord tracks attempts (count) and lastAttemptAt (timestamp). markOutboxAttempt increments attempts and stamps lastError. When attempts >= OUTBOX_MAX_ATTEMPTS (5), record is moved to status='failed'.","src/lib/sync/outbox.ts:26-44; src/lib/sync/outbox.ts:159-200","none","Implemented","Untested","","OUTBOX_MAX_ATTEMPTS = 5. lastAttemptAt allows age-based cleanup or expiry (not yet implemented).","Any collaborator","Presence/focus-locks: any member; each write re-validated server-side against the per-event role floor","https://docs.aquilla.app/media/collab-realtime/collab-realtime.mp4","00:00","recorded"
"SC-29","Sync & Collaboration","Error Stamping (Non-Budget-Burning)","As a system, I want to surface the reason a record is stuck (e.g., 'Sync paused: sign in to retry') without burning the retry budget, so token-mint failures don't wedge the queue","stampOutboxError() sets lastError and lastAttemptAt WITHOUT incrementing attempts. Used for 401 (stale JWT, self-heals on re-auth), 5xx (transient), 0 (network). On re-auth or reconnect, requeueTransientlyFailedOutboxEvents() revives these records.","src/lib/sync/outbox.ts:213-249; src/lib/sync/outbox-flush.ts:173-184; src/lib/sync/outbox-flush.ts:244-249","none","Implemented","Untested","","RES-2 pattern. Transient failures (0/5xx) are stamped, not burned. 401 is transient (fresh token can fix). 403 is permanent (quarantine).","Any collaborator","Presence/focus-locks: any member; each write re-validated server-side against the per-event role floor","https://docs.aquilla.app/media/collab-realtime/collab-realtime.mp4","00:00","recorded"
"SC-30","Sync & Collaboration","Validation Survey (F5 Notifications)","As a translator, I want to know when the source text changed after I last validated a cell, so I can re-validate if needed","StaleSourceIndicator component renders a small warning badge (amber triangle) when cell's sourceEventId is stale. Tooltip: 'The source has changed since this translation was last revised.' Standalone or parent-managed modes.","src/components/StaleSourceIndicator.tsx:1-126; src/hooks/useStaleSourceCells.ts","none","Partial","Untested","","F5 feature. Indicator is exported but NOT yet wired into CellRow.tsx/EditorTable.tsx. Phase 5 scope; follow-up after 2c-β lands.","Reviewer / translation consultant","Validate/unvalidate: reviewer(300)","https://docs.aquilla.app/media/collab-realtime/collab-realtime.mp4","00:00","recorded"
"SC-31","Sync & Collaboration","Outbox Log Entries (Debug / Inspector)","As a developer or power user, I want to see detailed info about each pending/failed outbox record in the inspector, so I can diagnose sync issues","usePendingOutboxRecords hook fetches all outbox records from IDB. Inspector popover displays list with: record ID, kind, enqueuedAt, attempts, lastError (status + reason), status badge. Each record has action buttons (Retry, Discard, View details).","src/hooks/usePendingOutboxRecords.ts; src/components/OutboxInspectorPopover.tsx","none","Implemented","Untested","","Inspector reads from fileId=null (app-shell scope) for global view. Reactive updates via outbox subscriber.","Any collaborator","Presence/focus-locks: any member; each write re-validated server-side against the per-event role floor","https://docs.aquilla.app/media/collab-realtime/collab-realtime.mp4","00:00","recorded"
"SC-32","Sync & Collaboration","Session Expiry + Re-Auth Trigger","As a system, I want to log out the user and redirect to login when their JWT is rejected, so expired sessions don't produce a cascade of 401s","When token-mint returns 401 (stale JWT on /sync-token endpoint), OutboxProvider's onUnauthorized callback fires, calling logout() and navigate('/'). User is logged out and redirected.","src/context/OutboxContext.tsx:54-62","none","Implemented","Untested","","Only /sync-token 401 triggers logout. Per-event 403 does NOT log out (queued under different account/role).","Any collaborator","Presence/focus-locks: any member; each write re-validated server-side against the per-event role floor","https://docs.aquilla.app/media/collab-realtime/collab-realtime.mp4","00:00","recorded"
"SC-33","Sync & Collaboration","Cross-Project Outbox (Single Queue)","As a translator working across multiple projects, I want my edits in all projects to be queued to a single outbox and drained together, so I don't have to manage separate sync states","Outbox is global (not per-file or per-project). Events from any project/file are enqueued to the same IndexedDB store. flusher batches by file (groupOldestFileFirst) but all files drain from the same queue. Minter scopes token to each event's projectId.","src/context/OutboxContext.tsx:14-19; src/lib/sync/outbox-flush.ts:78-101","none","Implemented","Untested","","BLOCKER 2 fix: before, token was scoped to workspace's active project, causing 403 on events from other projects.","Any collaborator","Presence/focus-locks: any member; each write re-validated server-side against the per-event role floor","https://docs.aquilla.app/media/collab-realtime/collab-realtime.mp4","00:00","recorded"
"SC-34","Sync & Collaboration","App-Shell Outbox Flusher (Global Drain)","As a translator on the org dashboard (no project open), I want my queued edits to continue syncing in the background, so I don't lose work by navigating away from a project","OutboxProvider is mounted at app-shell level (above all routes), independent of which route is active. Flusher runs whenever session exists, draining regardless of current navigation (project/org dashboard/etc.).","src/context/OutboxContext.tsx:40-114; src/hooks/useOutboxFlusher.ts:89-97","none","Implemented","Untested","","AQU-221. Pre-v3, flusher was inside ProjectWorkspace (only ran with project open). Now global.","Any collaborator","Presence/focus-locks: any member; each write re-validated server-side against the per-event role floor","https://docs.aquilla.app/media/collab-realtime/collab-realtime.mp4","00:00","recorded"
"SC-35","Sync & Collaboration","Comment Project-Scoping (Sentinel Token)","As a system, I need to scope comment events (which have no fileId) to their project for token minting, so permission checks work correctly","When flushOutboxBatch encounters a comment.* event with no fileId, it uses sentinel fileId '__project__' for token minting (project-scoped token). Server's sync-worker accepts comment auth scoped to projectId only, not fileId.","src/lib/sync/outbox-flush.ts:130-151","none","Implemented","Untested","","AQU-228. Sentinel is never sent to server; only used for /sync-token scoping.","Any collaborator","Presence/focus-locks: any member; each write re-validated server-side against the per-event role floor","https://docs.aquilla.app/media/collab-realtime/collab-realtime.mp4","00:00","recorded"
"ADMS-01","Admin, Debug & Misc Shell","Admin Console — Overview Tab","As a platform admin, I want to see cross-tenant site-wide statistics at a glance, so that I understand system health and usage.","User navigates to /admin (access gated by platform admin check). The Overview tab loads and displays stat cards: Orgs count, Teams count, Users count, Active projects count, Archived projects count, and Active users in last 7 days. Stats load via getAdminOverview() API and are displayed in a 6-column grid. If not an admin, user is redirected to /.","src/pages/AdminConsole.tsx:78-195; src/pages/AdminConsole.tsx:355-362","e2e/specs/projects/admin-console.smoke.spec.ts","Implemented","Untested","","Route requires platform admin (checked via usePlatformAdmin hook). UX gate only; server enforces real boundary on /api/v2/admin/* endpoints.","Platform admin / developer","Platform-admin only (isPlatformAdminUsername allowlist)","https://docs.aquilla.app/media/admin-debug-tools/admin-debug-tools.mp4","00:00","recorded"
"ADMS-02","Admin, Debug & Misc Shell","Admin Console — Orgs Tab","As a platform admin, I want to view all organizations with their ownership and membership stats, so that I can audit the multi-tenant structure.","User clicks 'Orgs' tab. Page loads table with columns: Org name, Owner username, Member count, Project count, Created date. Each org row has an 'Open' button that navigates to that org's overview (platform admin sees owner-level access to all orgs). Table displays empty message if no orgs exist.","src/pages/AdminConsole.tsx:197-218","e2e/specs/projects/admin-console-orgs-tab.smoke.spec.ts","Implemented","Untested","","Data from getAdminOrgs() API. Dates formatted via fmtDate helper. The 'Open' button calls openOrg() callback which sets active org context.","Platform admin / developer","Platform-admin only (isPlatformAdminUsername allowlist)","https://docs.aquilla.app/media/admin-debug-tools/admin-debug-tools.mp4","00:00","recorded"
"ADMS-03","Admin, Debug & Misc Shell","Admin Console — Teams Tab","As a platform admin, I want to see all teams organized by their parent org, so that I can audit group structure across the platform.","User clicks 'Teams' tab. Teams are grouped by org (order preserved from API). Each org group shows a section header with org name and team count. A table under each section lists: Team (relative path, with leading org stripped), Members count, Projects count, Created date. Empty state shows message if no teams exist.","src/pages/AdminConsole.tsx:220-246; src/pages/AdminConsole.tsx:50-69","e2e/specs/projects/admin-console-teams-tab.smoke.spec.ts","Implemented","Untested","","Teams pre-sorted by org on the server. groupByOrg() helper handles client-side grouping. Team names are GitLab full_paths; relativeTeamPath() strips the org segment.","Platform admin / developer","Platform-admin only (isPlatformAdminUsername allowlist)","https://docs.aquilla.app/media/admin-debug-tools/admin-debug-tools.mp4","00:00","recorded"
"ADMS-04","Admin, Debug & Misc Shell","Admin Console — Users Tab","As a platform admin, I want to see all users with their email, org membership, and activity, so that I can monitor user engagement and access.","User clicks 'Users' tab. Page displays table with columns: Username (with display name in parentheses if available), Email, Org count, Last active date, Joined date. All dates formatted via fmtDate helper. No pagination visible; all users from getAdminUsers() API are shown.","src/pages/AdminConsole.tsx:248-260","e2e/specs/projects/admin-console-users-tab.smoke.spec.ts","Implemented","Untested","","Display name falls back to username if not set. Dates show '—' if null.","Platform admin / developer","Platform-admin only (isPlatformAdminUsername allowlist)","https://docs.aquilla.app/media/admin-debug-tools/admin-debug-tools.mp4","00:00","recorded"
"ADMS-05","Admin, Debug & Misc Shell","Admin Console — Projects Tab","As a platform admin, I want to view all projects with validation progress and status, so that I can see translation completion across tenants.","User clicks 'Projects' tab. Page displays table with columns: Project name (clickable link to /projects/:id for active projects; plain text for archived), Org name, Creator username, Validation % (cells validated / total cells), Word count (formatted with commas), Status ('Active' or 'Archived'). Archived projects show no link.","src/pages/AdminConsole.tsx:262-283; src/pages/AdminConsole.tsx:45-46","e2e/specs/projects/admin-console-projects-tab.smoke.spec.ts","Implemented","Untested","","Validation % calculated via pct() helper. Project name links only render for non-archived projects. Org name and creator show '—' if null.","Platform admin / developer","Platform-admin only (isPlatformAdminUsername allowlist)","https://docs.aquilla.app/media/admin-debug-tools/admin-debug-tools.mp4","00:00","recorded"
"ADMS-06","Admin, Debug & Misc Shell","Admin Console — Activity Tab","As a platform admin, I want to see a global activity feed with user actions and descriptions, so that I can audit what has happened across the platform.","User clicks 'Activity' tab. Page displays table with columns: When (timestamp), User (username or user ID fallback), Type (event type string), Description (free-text description). Most recent 200 activity records from getAdminActivity(jwt, 200) are shown. All dates formatted via fmtDate.","src/pages/AdminConsole.tsx:285-296","e2e/specs/projects/admin-console-activity-tab.smoke.spec.ts","Implemented","Untested","","Limited to 200 records by server API call. Fallback to #userId if username not available. Type and Description show '—' if null.","Platform admin / developer","Platform-admin only (isPlatformAdminUsername allowlist)","https://docs.aquilla.app/media/admin-debug-tools/admin-debug-tools.mp4","00:00","recorded"
"ADMS-07","Admin, Debug & Misc Shell","Admin Console — Admins Tab","As a platform admin, I want to see the allowlist of platform admins and their account status, so that I know who has unrestricted access.","User clicks 'Admins' tab. Page displays explanatory text stating that platform admins are allowlisted in PLATFORM_ADMINS (wrangler.toml) and redeploy is required to change. A table shows: Username (with display name in parentheses), Account status ('Registered' or red 'No account'), Email, Last active date, Joined date. Usernames and emails fallback gracefully if null. Dates show '—' if null.","src/pages/AdminConsole.tsx:298-324","none","Implemented","Untested","","No edit UI; this is informational only (editing requires code deploy). getAdminAdmins() API fetches the list. Account status (hasAccount field) is color-coded (green for registered, red text for no account).","Platform admin / developer","Platform-admin only (isPlatformAdminUsername allowlist)","https://docs.aquilla.app/media/admin-debug-tools/admin-debug-tools.mp4","00:00","recorded"
"ADMS-08","Admin, Debug & Misc Shell","Admin Console — Compute / Credits Tab","As a platform admin, I want to monitor and configure per-org credit budgets and spending, so that I can manage cost and prevent runaway agent sessions.","User clicks 'Compute / Credits' tab. Page loads with explanatory text about credit pricing and cap enforcement. Table displays per-org rows with: Org name, Daily total spend, Daily agent spend (highlighted in amber), Weekly total spend, Weekly agent spend (highlighted), Editable daily cap input, Editable weekly cap input, Enforce toggle (log-only vs hard-blocking), Show to org toggle (reveal panel to org maintainers). Each spend cell shows formatted credit amount + progress bar (color: green/amber/red based on % used). Agent rail is visually emphasized. Caps and toggles are inline-editable; changes save on blur/click. If no orgs, shows 'No orgs found.' message.","src/pages/AdminConsole.tsx:326-330; src/components/admin/AdminCreditsSection.tsx:27-103","none","Implemented","Untested","","Platform-admin gate enforced by AdminConsole. Server re-enforces on every API call. Agent spend is visually highlighted (amber background) because agent runs are expensive and unpredictable. Markup is 5× for agent rail vs. standard. caps are advisory when enforce=false.","Platform admin / developer","Platform-admin only (isPlatformAdminUsername allowlist)","https://docs.aquilla.app/media/admin-debug-tools/admin-debug-tools.mp4","00:00","recorded"
"ADMS-09","Admin, Debug & Misc Shell","Debug View","As a developer, I want to inspect all local projects and their configuration, so that I can debug project structure and state.","User navigates to /debug. If no :id param, page calls listProjects() and renders the full project list as JSON in a <pre> block. If :id is provided and path is /settings/debug, calls getProject(id) and renders project + completionSettings + username as JSON. Otherwise calls getProject(id) and renders project + files as JSON. Loading state shows 'Loading...' in pre block until data arrives. Output is always valid JSON.","src/components/DebugView.tsx:5-42","e2e/specs/projects/debug-view.smoke.spec.ts","Implemented","Untested","","Dev-only tool for local debugging. No access control shown in code (likely unrestricted). Routes: /debug, /project/:id/settings/debug, /project/:id/debug.","Platform admin / developer","Platform-admin only (isPlatformAdminUsername allowlist); debug shells are dev-gated","https://docs.aquilla.app/media/admin-debug-tools/admin-debug-tools.mp4","00:00","recorded"
"ADMS-10","Admin, Debug & Misc Shell","Version Badge — Floating","As a developer or user, I want to see the current app version and build SHA at a glance, so that I know what version I'm running.","On routes without a left rail (dashboard, onboarding, join, settings, non-workspace pages), a floating badge appears bottom-left showing version and branch/SHA (e.g., 'v0.1.2 · main · abc123def'). Clicking the badge copies full build info to clipboard (title: 'v0.1.2 · main · abc123def\nbuild: main@abc123def'). Badge text changes to 'Copied' with a check icon for 1.5 seconds. Hovering shows tooltip with copy instructions. Badge does not appear on pages with left rail (AppShell sidebar pages) to avoid duplication with VersionTag.","src/components/VersionBadge.tsx:108-146; src/components/VersionBadge.tsx:32-41","none","Implemented","Untested","","Build info comes from compile-time globals __APP_VERSION__, __APP_BRANCH__, __APP_SHA__. On production branch (main/production), branch is not shown in label. hasLeftRail() hides badge on full-height workspace pages. Fixed position z-30, bottom-left corner.","Platform admin / developer","Platform-admin only (isPlatformAdminUsername allowlist); debug shells are dev-gated","https://docs.aquilla.app/media/admin-debug-tools/admin-debug-tools.mp4","00:00","recorded"
"ADMS-11","Admin, Debug & Misc Shell","Version Tag — In-Flow (Left Rail Footer)","As a developer or user, I want to see the current app version in the left sidebar footer, so that I know the running version while working.","On routes with a left rail (AppShell sidebar, ProjectWorkspace, etc.), a version tag button appears at the foot of the sidebar (mt-auto). Text shows version label (e.g., 'v0.1.2 · main · abc123def'). Clicking copies full build info to clipboard and shows 'Copied' state for 1.5 seconds. Hovering shows tooltip with copy instructions. Text is small (font-mono, text-[10px]), muted color, and truncates on small widths.","src/components/VersionBadge.tsx:66-102; src/components/AppShell.tsx:90-96; src/components/LeftDock.tsx:350-356","none","Implemented","Untested","","Mount point: (1) AppShell sidebar footer for org pages, (2) LeftDock footer for ProjectWorkspace. Same copy-to-clipboard behavior as floating badge. Colors: muted-foreground/40 base, muted-foreground/70 hover, emerald-600 when copied.","Platform admin / developer","Platform-admin only (isPlatformAdminUsername allowlist); debug shells are dev-gated","https://docs.aquilla.app/media/admin-debug-tools/admin-debug-tools.mp4","00:00","recorded"
"ADMS-12","Admin, Debug & Misc Shell","Update Banner","As a user, I want to know when a new app version is available, so that I can refresh to get the latest features and fixes.","useUpdateCheck() hook polls /version.json every 60 seconds (in production only; skipped in dev). If the server's SHA differs from the current __APP_SHA__, UpdateBanner component appears as a fixed bottom-left button (z-30) showing 'Update available' with a refresh icon. The dot pulse animation draws attention. Clicking the button calls window.location.reload(). Banner is hidden if already running latest version.","src/components/UpdateBanner.tsx:5-24; src/hooks/useUpdateCheck.ts:7-35","none","Implemented","Untested","","Poll interval: 60s (POLL_MS). Only runs in production (skips if import.meta.env.DEV). Fetch uses cache-busting query param (?_=Date.now()). Banner has slide-in-from-bottom + fade-in animation. Styled with violet accent. Positioned above or below version badge/tag depending on layout.","Platform admin / developer","Platform-admin only (isPlatformAdminUsername allowlist); debug shells are dev-gated","https://docs.aquilla.app/media/admin-debug-tools/admin-debug-tools.mp4","00:00","recorded"
"ADMS-13","Admin, Debug & Misc Shell","Report a Problem Button","As a user, I want to easily report bugs or issues without leaving the app, so that I can quickly surface problems I encounter.","Small flag icon button appears at the foot of the left rail/dock (next to VersionTag). Clicking opens ReportProblemDialog. Button has tooltip 'Report a problem' and is small/unobtrusive (text-muted-foreground/50, hover highlights to muted-foreground/70).","src/components/ReportProblemButton/ReportProblemButton.tsx:13-37; src/components/AppShell.tsx:95; src/components/LeftDock.tsx:354","none","Implemented","Untested","","Mounted in two places: (1) AppShell sidebar footer for org pages, (2) LeftDock footer for workspace. Icon is lucide-react Flag component (h-3 w-3).","Platform admin / developer","Platform-admin only (isPlatformAdminUsername allowlist); debug shells are dev-gated","https://docs.aquilla.app/media/admin-debug-tools/admin-debug-tools.mp4","00:00","recorded"
"ADMS-14","Admin, Debug & Misc Shell","Report a Problem Dialog","As a user, I want to describe what went wrong and have it automatically captured with context, so that the team can investigate my issue.","Dialog opens with title 'Report a problem' and description explaining consent state. User types free-text description in textarea. Auto-captured context shown: current route, active project ID (if any), active file ID (if any). If analytics enabled, shows 'Send report' button that submits via captureReportProblem() (PostHog event with replay URL if available). If analytics disabled, shows 'Copy report' button (copies plain-text report to clipboard) and amber warning explaining analytics are off. After submission, shows 'Thanks — report received' message with session replay URL if available. Cancel button closes dialog. Dialog resets state on close.","src/components/ReportProblemButton/ReportProblemDialog.tsx:36-151; src/lib/report-problem.ts:35-79","none","Implemented","Untested","","Consent-aware: relies on isAnalyticsConsent().enabled to determine send vs. copy path. captureReportProblem() returns boolean (true if sent, false if analytics off). getSessionReplayUrl() retrieves PostHog session replay URL if available. buildReportText() formats plain-text version for manual copying. Route params (:id, :fileId) captured via useParams<{ id?: string; fileId?: string }>.","Platform admin / developer","Platform-admin only (isPlatformAdminUsername allowlist); debug shells are dev-gated","https://docs.aquilla.app/media/admin-debug-tools/admin-debug-tools.mp4","00:00","recorded"
"ADMS-15","Admin, Debug & Misc Shell","Status Bar — Project Health & Cell Progress","As a translator, I want to see the overall health of my project and progress at a glance, so that I understand translation completion and quality.","At the bottom of the workspace, a footer shows: (1) Health ring (0-100 circle indicator; colors: red ≤33, amber 34-66, green ≥67) with health number inside; (2) Decay breakdown popover on hover/click showing 'X% of cells need attention' and top 8 'biggest drags' (cells sorted by descending decay). Stale source count displayed separately if > 0. (3) Summary stats: 'N cells · M translated (P%)' + badge showing unvalidated count (amber) and validated count (green) if > 0.","src/components/StatusBar.tsx:14-54; src/components/HealthRing.tsx:10-63; src/components/DecayBreakdown.tsx:26-98","e2e/specs/editor/workspace-status-bar.smoke.spec.ts","Implemented","Untested","","StatusBar component receives: cells (CellData array), projectHealth (0-100), healthMap (per-cell decay map), staleSourceCount (optional), onJumpToCell callback. HealthRing shows SVG circle, animated stroke-dashoffset. DecayBreakdown popover opens on hover (delay 300ms, close delay 120ms). Biggest drags clickable to jump to cell if callback provided.","Reviewer / translation consultant","Validate/unvalidate: reviewer(300)","https://docs.aquilla.app/media/admin-debug-tools/admin-debug-tools.mp4","00:00","recorded"
"ADMS-16","Admin, Debug & Misc Shell","Health Ring Indicator","As a user, I want a compact visual indicator of health/decay status, so that I can quickly assess quality at a glance.","SVG circle (customizable size, default 20px) with stroke showing health 0-100 as arc. Color coded: red (health 0-33), amber (34-66), green (67-100). At 0 health, ring is hidden but SVG box still occupies space (no layout shift). Transitions smoothly when health changes (0.5s ease). Optional center content (icon) rendered absolutely centered.","src/components/HealthRing.tsx:10-63","none","Implemented","Untested","","Reusable component. Used in StatusBar, ProjectCard, ProjectAssignedToMe, MultimodalWorkspace. Health to color mapping: health <= 33 → red (#ef4444), 34-66 → amber (#f59e0b), ≥ 67 → green (#22c55e). Animates: stroke-dashoffset and stroke color.","Platform admin / developer","Platform-admin only (isPlatformAdminUsername allowlist); debug shells are dev-gated","https://docs.aquilla.app/media/admin-debug-tools/admin-debug-tools.mp4","00:00","recorded"
"ADMS-17","Admin, Debug & Misc Shell","Decay Breakdown Popover","As a translator, I want to understand which cells are dragging down project health, so that I can prioritize fixes.","Popover triggered by hover on health ring (delay 300ms, close delay 120ms) or on-click. Shows: (1) 'PROJECT HEALTH' label + percentage; (2) 'X% of cells need attention' summary (cells with decay above warn threshold, default 0.3); (3) Optional 'N cell(s) with stale source' row if staleSourceCount > 0; (4) 'Biggest drags' section listing top 8 cells sorted by descending decay (ascending health), each clickable to jump to cell if callback provided, each showing cell label and health %. If no cells need attention, shows 'No cells need attention.' message.","src/components/DecayBreakdown.tsx:26-98; src/lib/health/decay-engine.ts (implied by DECAY_DEFAULTS.decayWarnThreshold)","e2e/specs/editor/decay-breakdown-popover.smoke.spec.ts","Implemented","Untested","","Receive healthByCell array (cellId, label, health) and calculate via useMemo: cells needing attention (health < attentionHealthCutoff), top 8 drags. warnThreshold defaults to 0.3. Popover content styled with 'neu-raised' design, rounded-2xl. Opens on hover with 300ms delay.","Platform admin / developer","Platform-admin only (isPlatformAdminUsername allowlist); debug shells are dev-gated","https://docs.aquilla.app/media/admin-debug-tools/admin-debug-tools.mp4","00:00","recorded"
"ADMS-18","Admin, Debug & Misc Shell","Workspace Status Bar","As a user, I want a flexible status bar component that can display custom left and right content, so that different workspace views can show relevant info.","Minimal wrapper component rendering horizontal flex layout with three sections: left content (min-width flex-shrink-0), spacer (flex-1), right content (shrink-0). Passed as ReactNode props. Used for workspace-specific status displays.","src/components/WorkspaceStatusBar.tsx:8-16","none","Implemented","Untested","","Generic container; no inherent styling beyond layout. Text size: text-xs. Padding: px-4 py-1.5. Used to hold left/right slot content in workspace shell.","Platform admin / developer","Platform-admin only (isPlatformAdminUsername allowlist); debug shells are dev-gated","https://docs.aquilla.app/media/admin-debug-tools/admin-debug-tools.mp4","00:00","recorded"
"ADMS-19","Admin, Debug & Misc Shell","Platform Admin Access Gate","As a platform operator, I want admin features to be restricted to allowlisted users, so that only authorized personnel can access sensitive endpoints.","usePlatformAdmin() hook checks current JWT via getAdminMe(jwt) API call at mount. Sets isAdmin state to true/false and loading state. AdminConsole route mounts with platform admin gate: if !loading && !isAdmin, redirects to /. Non-admin access to /admin navigates to / via Navigate component. Server enforces PLATFORM_ADMINS allowlist on every /api/v2/admin/* call (403 if not listed).","src/hooks/usePlatformAdmin.ts:15-57; src/pages/AdminConsole.tsx:78-157","e2e/specs/projects/admin-console.smoke.spec.ts","Implemented","Untested","","UX gate only; server is the real enforcer. Hook follows useOrg pattern with aliveRef guard for React StrictMode. Session loading state handled: if session still hydrating, stays loading=true until jwt resolves. Non-admin users don't see admin nav entries because isAdmin stays false.","Platform admin / developer","Platform-admin only (isPlatformAdminUsername allowlist)","https://docs.aquilla.app/media/admin-debug-tools/admin-debug-tools.mp4","00:00","recorded"
"ADMS-20","Admin, Debug & Misc Shell","Navigation Title Derivation","As a user, I want browser history (back/forward popover) to show descriptive page titles, so that I can navigate to specific pages by name.","deriveNavTitle(pathname) maps routes to human-readable labels: '/' → 'Home', '/projects' → 'Projects', '/admin' → 'Admin console', '/project/:id' → 'Editor', '/project/:id/settings' → 'Project settings', '/project/:id/rules' → 'Checks & rules', etc. Unknown routes title-case the last path segment. Used by NavHistoryControls popover to label history entries.","src/lib/navigation/deriveTitle.ts:10-70","none","Implemented","Untested","","Provisional label from URL alone (no data lookups). Pages upgrade their title via useNavHistoryTitle() hook once rich data (project name, file name) loads. Covers admin + debug routes explicitly (/admin, /debug implied by fallback).","Platform admin / developer","Platform-admin only (isPlatformAdminUsername allowlist); debug shells are dev-gated","https://docs.aquilla.app/media/admin-debug-tools/admin-debug-tools.mp4","00:00","recorded"
